AREA,AREA_TITLE,AREA_TYPE,PRIM_STATE,NAICS,NAICS_TITLE,I_GROUP,OWN_CODE,OCC_CODE,OCC_TITLE,O_GROUP,TOT_EMP,EMP_PRSE,JOBS_1000,LOC_QUOTIENT,PCT_TOTAL,PCT_RPT,H_MEAN,A_MEAN,MEAN_PRSE,H_PCT10,H_PCT25,H_MEDIAN,H_PCT75,H_PCT90,A_PCT10,A_PCT25,A_MEDIAN,A_PCT75,A_PCT90,ANNUAL,HOURLY
99,U.S.,1,US,000000,Cross-industry,cross-industry,1235,00-0000,All Occupations,total,155495730,0,,,,,33.54,69770,0.1,15,18.07,24.51,38.71,61.81,31200,37590,50980,80520,128560,,
99,U.S.,1,US,000000,Cross-industry,cross-industry,1235,27-2011,Actors,detailed,55000,17.7,,,,,58.29,*,8.4,16.5,20.34,29.05,97.95,143.68,*,*,*,*,*,,TRUE
99,U.S.,1,US,000000,Cross-industry,cross-industry,1235,27-2012,Producers and Directors,detailed,143120,2.9,,,,,54.47,113300,1.8,22.01,30.13,43.44,64.81,95.45,45780,62670,90360,134800,198540,,
99,U.S.,1,US,000000,Cross-industry,cross-industry,1235,27-2031,Dancers,detailed,8130,7.3,,,,,30.83,*,3.6,14.88,17.23,24.8,38.36,52.3,*,*,*,*,*,,TRUE
99,U.S.,1,US,000000,Cross-industry,cross-industry,1235,27-2041,Music Directors and Composers,detailed,12540,6.3,,,,,43.5,90470,4.3,19.17,25.53,35.44,50.04,79.69,39880,53110,73710,104090,165760,,
99,U.S.,1,US,000000,Cross-industry,cross-industry,1235,27-2042,Musicians and Singers,detailed,36180,3.1,,,,,60.46,*,2.6,20.35,27.57,47.8,75.33,132.56,*,*,*,*,*,,TRUE
99,U.S.,1,US,000001,"Cross-industry, Private Ownership only","cross-industry, ownership",5,00-0000,All Occupations,total,132782040,0,,,,,33.14,68930,0.1,14.75,17.81,23.55,38.03,62.03,30670,37030,48990,79110,129020,,
99,U.S.,1,US,000001,"Cross-industry, Private Ownership only","cross-industry, ownership",5,27-2011,Actors,detailed,54440,17.9,,,,,*,*,*,*,*,*,*,*,*,*,*,*,*,,TRUE
99,U.S.,1,US,000001,"Cross-industry, Private Ownership only","cross-industry, ownership",5,27-2012,Producers and Directors,detailed,137860,3,,,,,55.08,114560,1.9,21.96,30.2,44.55,65.27,97.46,45680,62820,92670,135760,202710,,
99,U.S.,1,US,000001,"Cross-industry, Private Ownership only","cross-industry, ownership",5,27-2031,Dancers,detailed,8110,7.3,,,,,30.85,*,3.6,14.88,17.23,24.8,38.36,52.3,*,*,*,*,*,,TRUE
99,U.S.,1,US,000001,"Cross-industry, Private Ownership only","cross-industry, ownership",5,27-2041,Music Directors and Composers,detailed,12020,6.5,,,,,43.9,91310,4.4,18.98,25.51,35.81,50.52,79.69,39480,53060,74480,105080,165760,,
99,U.S.,1,US,000001,"Cross-industry, Private Ownership only","cross-industry, ownership",5,27-2042,Musicians and Singers,detailed,33860,3.2,,,,,62.3,*,2.7,20.59,28.19,49.42,77.5,133.33,*,*,*,*,*,,TRUE
99,U.S.,1,US,11,"Agriculture, Forestry, Fishing and Hunting",sector,5,00-0000,All Occupations,total,413350,0,,,100,100,21.44,44590,0.4,16.29,16.65,17.66,22.32,30.46,33880,34630,36740,46420,63350,,
99,U.S.,1,US,113000,Forestry and Logging,3-digit,5,00-0000,All Occupations,total,41620,0.1,,,100,100,27.26,56690,0.8,16.67,21.29,25.31,30.7,38,34670,44290,52640,63850,79040,,
99,U.S.,1,US,113300,Logging,4-digit,5,00-0000,All Occupations,total,41620,0.1,,,100,100,27.26,56690,0.8,16.67,21.29,25.31,30.7,38,34670,44290,52640,63850,79040,,
99,U.S.,1,US,115000,Support Activities for Agriculture and Forestry,3-digit,5,00-0000,All Occupations,total,371730,0,,,100,100,20.78,43230,0.4,16.26,16.6,17.42,21.17,28.75,33820,34540,36230,44040,59800,,
99,U.S.,1,US,115100,Support Activities for Crop Production,4-digit,5,00-0000,All Occupations,total,338820,0,,,100,100,20.55,42750,0.5,16.5,16.6,17.36,20.69,28.1,34320,34540,36110,43040,58450,,
99,U.S.,1,US,115200,Support Activities for Animal Production,4-digit,5,00-0000,All Occupations,total,32910,0.1,,,100,100,23.18,48210,1.2,13.77,16.4,19.32,25.18,36.12,28650,34110,40190,52370,75140,,
99,U.S.,1,US,21,"Mining, Quarrying, and Oil and Gas Extraction",sector,5,00-0000,All Occupations,total,570220,0,,,100,100,39.65,82470,0.6,19.72,23.96,30.8,45.38,66.79,41010,49850,64060,94380,138930,,
99,U.S.,1,US,211000,Oil and Gas Extraction,3-digit,5,00-0000,All Occupations,total,113950,0,,,100,100,59.08,122890,1.5,23.22,31.41,47.79,76.43,107.89,48290,65320,99390,158970,224410,,
99,U.S.,1,US,211100,Oil and Gas Extraction,4-digit,5,00-0000,All Occupations,total,113950,0,,,100,100,59.08,122890,1.5,23.22,31.41,47.79,76.43,107.89,48290,65320,99390,158970,224410,,
99,U.S.,1,US,212000,Mining (except Oil and Gas),3-digit,5,00-0000,All Occupations,total,187760,0,,,100,100,35.49,73820,0.4,21.8,25.2,31.16,40.28,52.72,45340,52420,64810,83780,109650,,
99,U.S.,1,US,212100,Coal Mining,4-digit,5,00-0000,All Occupations,total,39760,0,,,100,100,40.47,84180,1,27.39,30.96,37.2,43.6,59.91,56980,64400,77370,90690,124610,,
99,U.S.,1,US,212200,Metal Ore Mining,4-digit,5,00-0000,All Occupations,total,45430,0,,,100,100,39.52,82200,0.7,24.4,29.29,38.1,44.69,55.98,50740,60930,79260,92960,116440,,
99,U.S.,1,US,212300,Nonmetallic Mineral Mining and Quarrying,4-digit,5,00-0000,All Occupations,total,102570,0,,,100,100,31.77,66090,0.5,19.38,23.12,28.14,35.5,48.22,40310,48080,58530,73840,100290,,
99,U.S.,1,US,213000,Support Activities for Mining,3-digit,5,00-0000,All Occupations,total,268510,0,,,100,100,34.32,71380,0.9,18.26,22.71,28.5,38.2,59.75,37990,47240,59280,79450,124290,,
99,U.S.,1,US,213100,Support Activities for Mining,4-digit,5,00-0000,All Occupations,total,268510,0,,,100,100,34.32,71380,0.9,18.26,22.71,28.5,38.2,59.75,37990,47240,59280,79450,124290,,
99,U.S.,1,US,22,Utilities,sector,5,00-0000,All Occupations,total,598000,0,,,100,100,49.96,103920,0.4,24.83,35.38,48.56,60.95,76.09,51650,73590,101010,126780,158270,,
99,U.S.,1,US,221000,Utilities,3-digit,5,00-0000,All Occupations,total,598000,0,,,100,100,49.96,103920,0.4,24.83,35.38,48.56,60.95,76.09,51650,73590,101010,126780,158270,,
99,U.S.,1,US,221100,"Electric Power Generation, Transmission and Distribution",4-digit,5,00-0000,All Occupations,total,418900,0,,,100,100,51.86,107870,0.4,28.42,37.64,49.95,61.66,76.23,59110,78290,103890,128260,158570,,
99,U.S.,1,US,221111,Hydroelectric Power Generation,6-digit,5,00-0000,All Occupations,total,8050,0.1,,,100,100,54.26,112860,1.8,28.29,38.71,52.48,65.77,78.88,58840,80530,109160,136790,164070,,
99,U.S.,1,US,221112,Fossil Fuel Electric Power Generation,6-digit,5,00-0000,All Occupations,total,73110,0,,,100,100,54.93,114250,0.5,34.37,44.51,52.02,62.34,77.87,71500,92580,108210,129670,161970,,
99,U.S.,1,US,221113,Nuclear Electric Power Generation,6-digit,5,00-0000,All Occupations,total,37710,0,,,100,100,58.47,121620,0.2,33.79,47.97,59.04,67.91,80.72,70290,99770,122810,141260,167900,,
99,U.S.,1,US,221114,Solar Electric Power Generation,6-digit,5,00-0000,All Occupations,total,17590,0.1,,,100,100,47.65,99110,3.2,22.37,26.86,37.32,60.01,86.95,46530,55880,77630,124810,180850,,
99,U.S.,1,US,221115,Wind Electric Power Generation,6-digit,5,00-0000,All Occupations,total,13110,0.1,,,100,100,47.88,99590,1.5,27.74,30.21,38.46,58.24,80.31,57690,62840,80010,121150,167040,,
99,U.S.,1,US,221116,Geothermal Electric Power Generation,6-digit,5,00-0000,All Occupations,total,1000,0.4,,,100,100,48.05,99940,2,29.08,34.34,41.19,54.82,76.88,60480,71420,85680,114020,159910,,
99,U.S.,1,US,221117,Biomass Electric Power Generation,6-digit,5,00-0000,All Occupations,total,2370,0.2,,,100,100,46.24,96180,2,27.16,30.67,37.67,55.55,76.95,56490,63790,78350,115550,160060,,
99,U.S.,1,US,221118,Other Electric Power Generation,6-digit,5,00-0000,All Occupations,total,6140,0.2,,,100,100,55.89,116260,3.2,22.67,32.13,47.09,68.62,101.78,47150,66830,97960,142740,211710,,
99,U.S.,1,US,221200,Natural Gas Distribution,4-digit,5,00-0000,All Occupations,total,115790,0,,,100,100,51.76,107660,0.8,27.78,37.41,48.72,62.86,79.85,57790,77820,101340,130750,166090,,
99,U.S.,1,US,221300,"Water, Sewage and Other Systems",4-digit,5,00-0000,All Occupations,total,63310,0.1,,,100,100,34.1,70940,1.2,17.48,21.98,28.74,40.16,55.35,36350,45720,59780,83530,115130,,
99,U.S.,1,US,23,Construction,sector,5,00-0000,All Occupations,total,8298380,0,,,100,100,34.69,72150,0.2,18.45,22.83,29.5,40.14,57.33,38370,47490,61370,83480,119250,,
99,U.S.,1,US,23,Construction,sector,5,27-2012,Producers and Directors,detailed,50,40.2,,,0,~,43.16,89780,4.7,30,32.28,38.44,51.72,57.22,62400,67140,79960,107590,119020,,
99,U.S.,1,US,236000,Construction of Buildings,3-digit,5,00-0000,All Occupations,total,1861040,0,,,100,100,37.9,78830,0.3,18.73,23.59,31.32,45.89,62.88,38960,49080,65150,95440,130780,,
99,U.S.,1,US,236100,Residential Building Construction,4-digit,5,00-0000,All Occupations,total,942780,0,,,100,100,33.79,70280,0.5,17.74,22.4,28.98,38.49,53.86,36890,46590,60280,80050,112030,,
99,U.S.,1,US,236200,Nonresidential Building Construction,4-digit,5,00-0000,All Occupations,total,918260,0,,,100,100,42.12,87610,0.4,21.53,27.12,36.75,50,69.3,44790,56420,76440,104010,144150,,
99,U.S.,1,US,237000,Heavy and Civil Engineering Construction,3-digit,5,00-0000,All Occupations,total,1194340,0,,,100,100,36.25,75410,0.3,18.72,23.02,30.24,44.71,60.17,38940,47880,62900,92990,125150,,
99,U.S.,1,US,237100,Utility System Construction,4-digit,5,00-0000,All Occupations,total,619680,0,,,100,100,35.76,74380,0.4,18.63,23.01,30.04,43.66,59.38,38740,47860,62480,90810,123510,,
99,U.S.,1,US,237130,Power and Communication Line and Related Structures Construction,5-digit,5,00-0000,All Occupations,total,250860,0,,,100,100,37.2,77370,0.6,20.2,23.66,31.1,45.99,60.68,42020,49210,64690,95650,126210,,
99,U.S.,1,US,237200,Land Subdivision,4-digit,5,00-0000,All Occupations,total,33580,0.1,,,100,100,44.94,93480,1.8,17.47,22.95,33.12,52.77,89.48,36340,47730,68890,109750,186120,,
99,U.S.,1,US,237300,"Highway, Street, and Bridge Construction",4-digit,5,00-0000,All Occupations,total,395730,0,,,100,100,36.34,75590,0.4,18.96,23.13,30.58,45.46,59.8,39430,48110,63600,94550,124390,,
99,U.S.,1,US,237900,Other Heavy and Civil Engineering Construction,4-digit,5,00-0000,All Occupations,total,145350,0,,,100,100,36.13,75150,0.7,18.66,22.74,29.88,43.96,61.16,38810,47290,62160,91450,127200,,
99,U.S.,1,US,238000,Specialty Trade Contractors,3-digit,5,00-0000,All Occupations,total,5243000,0,,,100,100,33.19,69030,0.2,18.32,22.62,28.95,38.53,52.25,38100,47040,60220,80150,108690,,
99,U.S.,1,US,238000,Specialty Trade Contractors,3-digit,5,27-2012,Producers and Directors,detailed,**,**,,,**,**,43.46,90390,7.7,30,30,47.59,51.73,57.22,62400,62410,98980,107590,119020,,
99,U.S.,1,US,238100,"Foundation, Structure, and Building Exterior Contractors",4-digit,5,00-0000,All Occupations,total,997870,0,,,100,100,31.71,65950,0.3,18.28,22.46,28.24,36.91,49.09,38020,46710,58740,76770,102100,,
99,U.S.,1,US,238110,Poured Concrete Foundation and Structure Contractors,5-digit,5,00-0000,All Occupations,total,260670,0,,,100,100,31.19,64880,0.6,18.59,22.54,27.82,36.43,48.39,38660,46890,57860,75760,100640,,
99,U.S.,1,US,238140,Masonry Contractors,5-digit,5,00-0000,All Occupations,total,140860,0,,,100,100,31.18,64860,0.5,18.53,22.48,28.39,36.61,47.29,38530,46760,59060,76150,98360,,
99,U.S.,1,US,238160,Roofing Contractors,5-digit,5,00-0000,All Occupations,total,258130,0,,,100,100,31.33,65160,0.6,17.95,22.35,28.36,36.55,47.81,37330,46500,59000,76020,99450,,
99,U.S.,1,US,238200,Building Equipment Contractors,4-digit,5,00-0000,All Occupations,total,2581300,0,,,100,100,35.09,72980,0.2,18.6,23.07,30,41.93,57.69,38680,47980,62400,87220,119990,,
99,U.S.,1,US,238210,Electrical Contractors and Other Wiring Installation Contractors,5-digit,5,00-0000,All Occupations,total,1109770,0,,,100,100,35.77,74390,0.3,18.67,23.19,30.24,44.2,59.25,38830,48240,62900,91940,123230,,
99,U.S.,1,US,238220,"Plumbing, Heating, and Air-Conditioning Contractors",5-digit,5,00-0000,All Occupations,total,1310510,0,,,100,100,34.14,71020,0.3,18.46,22.88,29.66,39.76,54.18,38390,47580,61690,82690,112690,,
99,U.S.,1,US,238290,Other Building Equipment Contractors,5-digit,5,00-0000,All Occupations,total,161020,0,,,100,100,38.08,79210,0.8,20.54,24.28,32.11,46.73,63.42,42710,50510,66790,97200,131920,,
99,U.S.,1,US,238300,Building Finishing Contractors,4-digit,5,00-0000,All Occupations,total,837550,0,,,100,100,30.87,64210,0.4,18.01,22,27.42,36.05,48.94,37460,45760,57020,74990,101780,,
99,U.S.,1,US,238310,Drywall and Insulation Contractors,5-digit,5,00-0000,All Occupations,total,247650,0,,,100,100,32.77,68160,0.5,18.56,22.72,28.84,38.16,52.07,38610,47250,59990,79370,108310,,
99,U.S.,1,US,238320,Painting and Wall Covering Contractors,5-digit,5,00-0000,All Occupations,total,205180,0.1,,,100,100,28.6,59480,1,17.95,21.68,24.47,30.77,43.24,37330,45090,50890,64000,89930,,
99,U.S.,1,US,238900,Other Specialty Trade Contractors,4-digit,5,00-0000,All Occupations,total,826290,0,,,100,100,31.39,65300,0.4,18.01,22.19,27.83,36.8,48.8,37460,46150,57890,76550,101500,,
99,U.S.,1,US,311000,Food Manufacturing,3-digit,5,00-0000,All Occupations,total,1778490,0,,,100,100,25.31,52640,0.2,15.88,17.9,21.66,27.67,37.88,33030,37220,45060,57550,78800,,
99,U.S.,1,US,311100,Animal Food Manufacturing,4-digit,5,00-0000,All Occupations,total,76620,0,,,100,100,29.27,60880,0.8,17.18,19.96,24.08,31.57,46.47,35730,41510,50080,65670,96660,,
99,U.S.,1,US,311200,Grain and Oilseed Milling,4-digit,5,00-0000,All Occupations,total,66880,0,,,100,100,33.29,69250,0.7,18.86,23.01,28.91,37.17,50.06,39220,47860,60140,77300,104110,,
99,U.S.,1,US,311300,Sugar and Confectionery Product Manufacturing,4-digit,5,00-0000,All Occupations,total,83910,0,,,100,100,26.59,55310,0.6,14.81,17.42,22.38,29.83,41.9,30800,36230,46540,62040,87150,,
99,U.S.,1,US,311400,Fruit and Vegetable Preserving and Specialty Food Manufacturing,4-digit,5,00-0000,All Occupations,total,172340,0,,,100,100,26.56,55250,0.5,16.62,18.35,22.16,28.8,39.43,34560,38170,46090,59900,82010,,
99,U.S.,1,US,311500,Dairy Product Manufacturing,4-digit,5,00-0000,All Occupations,total,167480,0,,,100,100,28.76,59820,0.4,17.76,21.9,25.01,30.52,41.05,36930,45560,52010,63480,85390,,
99,U.S.,1,US,311600,Animal Slaughtering and Processing,4-digit,5,00-0000,All Occupations,total,557460,0,,,100,100,22.78,47380,0.2,16.3,17.73,20.35,23.52,30.93,33910,36880,42330,48920,64340,,
99,U.S.,1,US,311700,Seafood Product Preparation and Packaging,4-digit,5,00-0000,All Occupations,total,29030,0,,,100,100,23.92,49750,2,13.46,16.44,18.81,24.53,39.55,28000,34180,39120,51020,82260,,
99,U.S.,1,US,311800,Bakeries and Tortilla Manufacturing,4-digit,5,00-0000,All Occupations,total,350710,0,,,100,100,22.62,47050,0.6,14.1,16.78,19.05,23.84,33.17,29330,34910,39620,49580,69000,,
99,U.S.,1,US,311900,Other Food Manufacturing,4-digit,5,00-0000,All Occupations,total,274060,0,,,100,100,27.68,57570,0.5,16.5,18.34,22.57,29.57,43.93,34320,38140,46940,61500,91370,,
99,U.S.,1,US,312000,Beverage and Tobacco Product Manufacturing,3-digit,5,00-0000,All Occupations,total,329940,0,,,100,100,28.03,58300,0.4,15,18.43,23.86,32.32,43.28,31200,38330,49630,67230,90030,,
99,U.S.,1,US,312100,Beverage Manufacturing,4-digit,5,00-0000,All Occupations,total,319220,0,,,100,100,27.8,57820,0.4,15,18.37,23.74,31.9,42.88,31200,38220,49370,66350,89200,,
99,U.S.,1,US,312200,Tobacco Manufacturing,4-digit,5,00-0000,All Occupations,total,10710,0,,,100,100,34.98,72750,1.4,16.99,22.6,29.61,39.1,55.76,35340,47000,61580,81320,115990,,
99,U.S.,1,US,313000,Textile Mills,3-digit,5,00-0000,All Occupations,total,79900,0,,,100,100,25.24,52500,0.9,15.49,17.65,20.66,26.64,38.48,32220,36710,42960,55420,80040,,
99,U.S.,1,US,313100,"Fiber, Yarn, and Thread Mills",4-digit,5,00-0000,All Occupations,total,18960,0.1,,,100,100,21.72,45180,0.7,15.42,17.53,18.95,22.15,29.15,32070,36470,39420,46070,60630,,
99,U.S.,1,US,313200,Fabric Mills,4-digit,5,00-0000,All Occupations,total,40940,0,,,100,100,25.71,53480,0.9,15.49,17.86,21.49,27.89,39.26,32210,37140,44700,58010,81660,,
99,U.S.,1,US,31-33,Manufacturing,sector,5,00-0000,All Occupations,total,12654310,0,,,100,100,33.24,69130,0.1,17.45,20.79,26.48,37.77,59.52,36300,43240,55080,78560,123800,,
99,U.S.,1,US,31-33,Manufacturing,sector,5,27-2012,Producers and Directors,detailed,200,15.8,,,0,~,48.72,101330,6.8,28.5,31.94,42.27,64.9,77.3,59280,66440,87930,134990,160770,,
99,U.S.,1,US,313300,Textile and Fabric Finishing and Fabric Coating Mills,4-digit,5,00-0000,All Occupations,total,19990,0.1,,,100,100,27.62,57450,2.7,15.61,17.6,21.77,29.28,44.48,32470,36600,45280,60890,92510,,
99,U.S.,1,US,314000,Textile Product Mills,3-digit,5,00-0000,All Occupations,total,94410,0,,,100,100,23.66,49220,0.5,14.48,17.22,19.87,24.62,36.25,30110,35820,41330,51200,75410,,
99,U.S.,1,US,314100,Textile Furnishings Mills,4-digit,5,00-0000,All Occupations,total,38250,0,,,100,100,23.24,48340,0.7,15,17.53,19.58,23.39,35,31200,36460,40720,48640,72800,,
99,U.S.,1,US,314900,Other Textile Product Mills,4-digit,5,00-0000,All Occupations,total,56160,0,,,100,100,23.95,49820,0.8,14.19,17.05,20.07,25.66,37.01,29520,35470,41740,53370,76980,,
99,U.S.,1,US,315000,Apparel Manufacturing,3-digit,5,00-0000,All Occupations,total,79960,0.1,,,100,100,26.34,54790,2.3,14.17,16.88,18.97,27.73,46.32,29480,35110,39470,57670,96340,,
99,U.S.,1,US,315100,Apparel Knitting Mills,4-digit,5,00-0000,All Occupations,total,5960,0.1,,,100,100,20.24,42110,2.7,13.18,14.34,17.5,21.7,29.14,27420,29820,36400,45140,60600,,
99,U.S.,1,US,315200,Cut and Sew Apparel Manufacturing,4-digit,5,00-0000,All Occupations,total,62100,0.1,,,100,100,27.45,57100,2.8,14.45,17.22,19.6,29.09,48.07,30060,35820,40760,60510,99990,,
99,U.S.,1,US,315900,Apparel Accessories and Other Apparel Manufacturing,4-digit,5,00-0000,All Occupations,total,11910,0.1,,,100,100,23.61,49110,2.5,14.22,16.35,18.28,24.06,38.68,29570,34010,38030,50040,80460,,
99,U.S.,1,US,316000,Leather and Allied Product Manufacturing,3-digit,5,00-0000,All Occupations,total,23760,0,,,100,100,23.37,48610,1.9,13.27,15.19,18.53,23.53,36.21,27610,31580,38540,48930,75310,,
99,U.S.,1,US,316100,Leather and Hide Tanning and Finishing,4-digit,5,00-0000,All Occupations,total,3180,0.2,,,100,100,24.59,51140,0.8,15.18,17.7,22.06,26.77,37.29,31570,36820,45880,55690,77550,,
99,U.S.,1,US,316200,Footwear Manufacturing,4-digit,5,00-0000,All Occupations,total,10390,0.1,,,100,100,22.03,45820,4.1,11.77,14.06,17.8,22.53,32.18,24480,29240,37020,46860,66930,,
99,U.S.,1,US,316900,Other Leather and Allied Product Manufacturing,4-digit,5,00-0000,All Occupations,total,10190,0.1,,,100,100,24.37,50680,1.8,13.96,16.24,18.58,24.12,38.48,29030,33770,38650,50180,80030,,
99,U.S.,1,US,321000,Wood Product Manufacturing,3-digit,5,00-0000,All Occupations,total,406580,0,,,100,100,25.17,52360,0.3,15.47,18.03,22.22,27.79,37.21,32190,37500,46210,57790,77390,,
99,U.S.,1,US,321100,Sawmills and Wood Preservation,4-digit,5,00-0000,All Occupations,total,84640,0,,,100,100,25.25,52520,0.6,14.53,17.7,22.4,28.52,38.19,30230,36820,46600,59320,79430,,
99,U.S.,1,US,321200,"Veneer, Plywood, and Engineered Wood Product Manufacturing",4-digit,5,00-0000,All Occupations,total,81190,0,,,100,100,26.12,54340,0.6,16.88,18.68,22.75,28.68,38.53,35110,38850,47320,59660,80150,,
99,U.S.,1,US,321900,Other Wood Product Manufacturing,4-digit,5,00-0000,All Occupations,total,240760,0,,,100,100,24.82,51630,0.3,15.5,17.97,21.93,27.25,36.25,32240,37380,45610,56670,75400,,
99,U.S.,1,US,322000,Paper Manufacturing,3-digit,5,00-0000,All Occupations,total,353210,0,,,100,100,32.27,67120,0.4,18.47,22.51,27.93,36.72,49.34,38420,46820,58090,76390,102620,,
99,U.S.,1,US,322100,"Pulp, Paper, and Paperboard Mills",4-digit,5,00-0000,All Occupations,total,82240,0,,,100,100,38.7,80500,0.8,23.25,28.04,35.07,43.81,61.37,48370,58320,72950,91120,127660,,
99,U.S.,1,US,322200,Converted Paper Product Manufacturing,4-digit,5,00-0000,All Occupations,total,270970,0,,,100,100,30.32,63060,0.4,18.06,21.87,25.76,32.17,46.44,37570,45490,53580,66910,96590,,
99,U.S.,1,US,323000,Printing and Related Support Activities,3-digit,5,00-0000,All Occupations,total,355560,0,,,100,100,26.83,55810,0.4,16.45,18.28,22.61,29.32,39.83,34210,38020,47020,60990,82850,,
99,U.S.,1,US,323100,Printing and Related Support Activities,4-digit,5,00-0000,All Occupations,total,355560,0,,,100,100,26.83,55810,0.4,16.45,18.28,22.61,29.32,39.83,34210,38020,47020,60990,82850,,
99,U.S.,1,US,324000,Petroleum and Coal Products Manufacturing,3-digit,5,00-0000,All Occupations,total,112470,0,,,100,100,47.25,98280,0.6,22.9,29.74,45.47,56.6,77.16,47630,61850,94580,117720,160490,,
99,U.S.,1,US,324100,Petroleum and Coal Products Manufacturing,4-digit,5,00-0000,All Occupations,total,112470,0,,,100,100,47.25,98280,0.6,22.9,29.74,45.47,56.6,77.16,47630,61850,94580,117720,160490,,
99,U.S.,1,US,325000,Chemical Manufacturing,3-digit,5,00-0000,All Occupations,total,889150,0,,,100,100,40.64,84520,0.4,18.37,23.06,32.52,49.04,74,38220,47960,67640,102000,153910,,
99,U.S.,1,US,3250A1,"Chemical Manufacturing (3251, 3252, 3253, and 3259 only)",4-digit,5,00-0000,All Occupations,total,364650,0,,,100,100,40.94,85160,0.7,19.52,24.78,35.74,49.5,68.26,40590,51550,74350,102950,141980,,
99,U.S.,1,US,3250A2,Chemical Manufacturing (3255 and 3256 only),4-digit,5,00-0000,All Occupations,total,175720,0,,,100,100,33.45,69570,0.6,17.43,21.13,27.67,38.13,58.39,36260,43950,57560,79300,121440,,
99,U.S.,1,US,325400,Pharmaceutical and Medicine Manufacturing,4-digit,5,00-0000,All Occupations,total,348780,0,,,100,100,43.94,91390,0.7,18.43,23.11,35.05,52.94,81.58,38330,48080,72900,110120,169680,,
99,U.S.,1,US,326000,Plastics and Rubber Products Manufacturing,3-digit,5,00-0000,All Occupations,total,705590,0,,,100,100,28.45,59180,0.3,17.09,18.92,23.14,31,45.56,35540,39350,48140,64480,94760,,
99,U.S.,1,US,326100,Plastics Product Manufacturing,4-digit,5,00-0000,All Occupations,total,575910,0,,,100,100,28.11,58470,0.4,16.95,18.68,22.8,30.38,45.55,35260,38850,47420,63180,94740,,
99,U.S.,1,US,326200,Rubber Product Manufacturing,4-digit,5,00-0000,All Occupations,total,129670,0,,,100,100,29.98,62360,0.5,17.87,21.3,25.46,34.57,45.66,37160,44290,52960,71900,94970,,
99,U.S.,1,US,327000,Nonmetallic Mineral Product Manufacturing,3-digit,5,00-0000,All Occupations,total,414630,0,,,100,100,29.9,62190,0.3,18.3,22.08,26.8,33.23,44.53,38060,45920,55740,69110,92630,,
99,U.S.,1,US,327000,Nonmetallic Mineral Product Manufacturing,4-digit,5,00-0000,All Occupations,total,414630,0,,,100,100,29.9,62190,0.3,18.3,22.08,26.8,33.23,44.53,38060,45920,55740,69110,92630,,
99,U.S.,1,US,331000,Primary Metal Manufacturing,3-digit,5,00-0000,All Occupations,total,364190,0,,,100,100,31.69,65910,0.3,18.43,22.23,27.92,35.69,48.33,38340,46250,58080,74240,100520,,
99,U.S.,1,US,331100,Iron and Steel Mills and Ferroalloy Manufacturing,4-digit,5,00-0000,All Occupations,total,84590,0,,,100,100,32.83,68290,0.7,18.61,22.47,28.88,35.26,50.58,38700,46730,60080,73340,105200,,
99,U.S.,1,US,331200,Steel Product Manufacturing from Purchased Steel,4-digit,5,00-0000,All Occupations,total,58080,0,,,100,100,31.6,65720,0.8,18.64,22.14,27.26,35.58,48.07,38770,46050,56710,74000,99990,,
99,U.S.,1,US,331300,Alumina and Aluminum Production and Processing,4-digit,5,00-0000,All Occupations,total,58320,0,,,100,100,32.05,66670,0.7,18.18,22.11,28.32,36.89,48.4,37820,45990,58900,76740,100680,,
99,U.S.,1,US,331400,Nonferrous Metal (except Aluminum) Production and Processing,4-digit,5,00-0000,All Occupations,total,61420,0,,,100,100,33.86,70430,0.6,20.07,23.4,29.32,37.87,51.09,41740,48680,60990,78760,106270,,
99,U.S.,1,US,331500,Foundries,4-digit,5,00-0000,All Occupations,total,101780,0,,,100,100,29.27,60880,0.4,17.94,21.45,25.07,32.28,44.72,37310,44620,52140,67150,93010,,
99,U.S.,1,US,332000,Fabricated Metal Product Manufacturing,3-digit,5,00-0000,All Occupations,total,1436510,0,,,100,100,30.16,62740,0.2,17.86,21.28,25.11,33.81,47.21,37140,44260,52240,70320,98200,,
99,U.S.,1,US,3320A1,"Fabricated Metal Product Manufacturing (3321, 3322, 3325, 3326, and 3329 only)",4-digit,5,00-0000,All Occupations,total,461780,0,,,100,100,31.22,64940,0.5,17.9,21.36,25.6,35.25,49.6,37230,44420,53240,73320,103170,,
99,U.S.,1,US,3320A2,Fabricated Metal Product Manufacturing (3323 and 3324 only),4-digit,5,00-0000,All Occupations,total,515010,0,,,100,100,30.02,62430,0.3,18.02,21.54,25.38,33.93,46.54,37470,44800,52780,70570,96800,,
99,U.S.,1,US,332700,"Machine Shops; Turned Product; and Screw, Nut, and Bolt Manufacturing",4-digit,5,00-0000,All Occupations,total,331130,0,,,100,100,30.32,63070,0.4,18.11,21.84,26.97,34.27,46.05,37670,45440,56100,71270,95780,,
99,U.S.,1,US,332710,Machine Shops,5-digit,5,00-0000,All Occupations,total,256920,0,,,100,100,30.23,62890,0.4,18.13,21.98,27.21,34.2,45.54,37710,45710,56600,71140,94720,,
99,U.S.,1,US,332720,"Turned Product and Screw, Nut, and Bolt Manufacturing",5-digit,5,00-0000,All Occupations,total,74210,0,,,100,100,30.64,63720,0.8,18.07,21.42,25.39,34.51,47.55,37590,44540,52800,71780,98900,,
99,U.S.,1,US,332800,"Coating, Engraving, Heat Treating, and Allied Activities",4-digit,5,00-0000,All Occupations,total,128580,0.1,,,100,100,26.55,55220,0.5,16.72,18.41,22.53,28.59,39.56,34770,38290,46870,59460,82280,,
99,U.S.,1,US,333000,Machinery Manufacturing,3-digit,5,00-0000,All Occupations,total,1092170,0,,,100,100,35.49,73820,0.3,18.87,22.77,29.01,39.84,61.39,39260,47360,60340,82860,127680,,
99,U.S.,1,US,3330A1,"Machinery Manufacturing (3331, 3332, 3334, and 3339 only)",4-digit,5,00-0000,All Occupations,total,761900,0,,,100,100,35.28,73390,0.3,18.96,22.74,28.82,39.5,61.08,39430,47300,59940,82160,127040,,
99,U.S.,1,US,333300,Commercial and Service Industry Machinery Manufacturing,4-digit,5,00-0000,All Occupations,total,86220,0,,,100,100,38.97,81050,0.9,19.27,23.06,29.95,47.69,67.9,40070,47970,62290,99200,141240,,
99,U.S.,1,US,333500,Metalworking Machinery Manufacturing,4-digit,5,00-0000,All Occupations,total,151670,0,,,100,100,32.34,67280,0.4,18.14,22.34,28.77,36.98,50.27,37730,46460,59850,76920,104560,,
99,U.S.,1,US,333600,"Engine, Turbine, and Power Transmission Equipment Manufacturing",4-digit,5,00-0000,All Occupations,total,92380,0,,,100,100,39.11,81340,0.5,19.81,23.53,30.6,47.33,65.94,41210,48940,63650,98450,137160,,
99,U.S.,1,US,334000,Computer and Electronic Product Manufacturing,3-digit,5,00-0000,All Occupations,total,1002320,0,,,100,100,49.87,103720,0.5,19.25,24.33,39.63,65.33,95.88,40040,50610,82430,135890,199430,,
99,U.S.,1,US,334000,Computer and Electronic Product Manufacturing,3-digit,5,27-2012,Producers and Directors,detailed,80,34.1,,,0.01,~,56.12,116720,13.8,30.95,34.76,46.54,75.78,96.24,64370,72300,96810,157620,200180,,
99,U.S.,1,US,334100,Computer and Peripheral Equipment Manufacturing,4-digit,5,00-0000,All Occupations,total,103330,0,,,100,100,58.68,122050,1.6,19.21,27.85,51.68,82.02,104.64,39960,57930,107490,170610,217650,,
99,U.S.,1,US,334200,Communications Equipment Manufacturing,4-digit,5,00-0000,All Occupations,total,77980,0,,,100,100,49.94,103880,1.3,19.64,25.99,41.88,65.63,87.52,40850,54060,87110,136510,182040,,
99,U.S.,1,US,334300,Audio and Video Equipment Manufacturing,4-digit,5,00-0000,All Occupations,total,18790,0.1,,,100,100,46.18,96050,5.1,18.58,22.67,34.53,62.64,90.63,38650,47150,71830,130290,188510,,
99,U.S.,1,US,334400,Semiconductor and Other Electronic Component Manufacturing,4-digit,5,00-0000,All Occupations,total,380570,0,,,100,100,48.23,100320,0.8,18.43,23.01,37.61,63.65,98.66,38340,47850,78230,132400,205220,,
99,U.S.,1,US,334500,"Navigational, Measuring, Electromedical, and Control Instruments Manufacturing",4-digit,5,00-0000,All Occupations,total,412110,0,,,100,100,49.35,102650,0.7,21.3,26.44,40.56,63.89,86.64,44310,54990,84370,132880,180210,,
99,U.S.,1,US,334600,Manufacturing and Reproducing Magnetic and Optical Media,4-digit,5,00-0000,All Occupations,total,9530,0.2,,,100,100,48.46,100790,5.1,18.12,22.95,36.95,67.1,94.97,37690,47740,76850,139560,197540,,
99,U.S.,1,US,335000,"Electrical Equipment, Appliance, and Component Manufacturing",3-digit,5,00-0000,All Occupations,total,425210,0,,,100,100,33.9,70510,0.5,17.96,21.75,26.8,38.37,60.27,37350,45250,55750,79810,125350,,
99,U.S.,1,US,335100,Electric Lighting Equipment Manufacturing,4-digit,5,00-0000,All Occupations,total,35100,0,,,100,100,34.48,71720,1.3,17.09,19.68,26.32,39.72,63.24,35560,40930,54740,82620,131530,,
99,U.S.,1,US,335200,Household Appliance Manufacturing,4-digit,5,00-0000,All Occupations,total,54650,0,,,100,100,27.94,58120,0.9,16.7,19.32,23.29,29.14,45.97,34740,40190,48440,60620,95620,,
99,U.S.,1,US,335300,Electrical Equipment Manufacturing,4-digit,5,00-0000,All Occupations,total,159480,0,,,100,100,34.52,71800,0.7,18.32,21.94,27.98,39.52,60.9,38100,45630,58190,82190,126670,,
99,U.S.,1,US,335900,Other Electrical Equipment and Component Manufacturing,4-digit,5,00-0000,All Occupations,total,175990,0,,,100,100,35.07,72940,0.9,18.38,22.42,27.52,38.95,62.04,38230,46630,57240,81010,129040,,
99,U.S.,1,US,336000,Transportation Equipment Manufacturing,3-digit,5,00-0000,All Occupations,total,1753760,0,,,100,100,37.91,78850,0.2,18.96,23.13,31.37,45.67,64.7,39430,48110,65260,94990,134570,,
99,U.S.,1,US,336100,Motor Vehicle Manufacturing,4-digit,5,00-0000,All Occupations,total,284300,0,,,100,100,37.16,77300,0.2,23.39,29.2,36.39,38.5,49.92,48640,60730,75690,80080,103840,,
99,U.S.,1,US,336200,Motor Vehicle Body and Trailer Manufacturing,4-digit,5,00-0000,All Occupations,total,158670,0,,,100,100,27.58,57370,0.5,17.39,20.76,23.72,29.65,42.57,36170,43190,49340,61670,88540,,
99,U.S.,1,US,336300,Motor Vehicle Parts Manufacturing,4-digit,5,00-0000,All Occupations,total,538980,0,,,100,100,29.57,61510,0.4,17.82,19.79,23.61,35.86,47.49,37070,41160,49100,74580,98790,,
99,U.S.,1,US,336400,Aerospace Product and Parts Manufacturing,4-digit,5,00-0000,All Occupations,total,563460,0,,,100,100,50.63,105300,0.3,23.7,30.83,46.6,63.32,84.04,49300,64130,96920,131710,174810,,
99,U.S.,1,US,336500,Railroad Rolling Stock Manufacturing,4-digit,5,00-0000,All Occupations,total,21420,0,,,100,100,35.67,74190,0.9,19.96,23.17,29.24,40.89,61.71,41510,48180,60820,85060,128350,,
99,U.S.,1,US,336600,Ship and Boat Building,4-digit,5,00-0000,All Occupations,total,149030,0,,,100,100,34.59,71950,0.4,20.99,24.06,30.5,39.27,50.63,43660,50040,63440,81690,105310,,
99,U.S.,1,US,336900,Other Transportation Equipment Manufacturing,4-digit,5,00-0000,All Occupations,total,37900,0,,,100,100,30.5,63450,1,17.57,20.81,25.19,34.19,48.23,36540,43290,52400,71110,100320,,
99,U.S.,1,US,337000,Furniture and Related Product Manufacturing,3-digit,5,00-0000,All Occupations,total,339750,0,,,100,100,26.71,55570,0.4,16.75,18.58,22.74,29.13,39.37,34850,38640,47300,60590,81900,,
99,U.S.,1,US,3370A1,Furniture and Related Product Manufacturing (3371 and 3372 only),4-digit,5,00-0000,All Occupations,total,312680,0,,,100,100,26.81,55760,0.4,16.92,18.69,22.85,29.23,39.32,35190,38870,47520,60800,81780,,
99,U.S.,1,US,337900,Other Furniture Related Product Manufacturing,4-digit,5,00-0000,All Occupations,total,27070,0,,,100,100,25.65,53340,1.6,14.86,17.7,21.09,27.5,40.63,30910,36820,43860,57210,84510,,
99,U.S.,1,US,339000,Miscellaneous Manufacturing,3-digit,5,00-0000,All Occupations,total,616780,0,,,100,100,33.61,69920,0.4,17.6,20.55,25.62,38.06,61.37,36610,42750,53300,79160,127650,,
99,U.S.,1,US,339000,Miscellaneous Manufacturing,3-digit,5,27-2012,Producers and Directors,detailed,40,23.3,,,0.01,~,47.36,98520,5.6,29.36,30.99,43.14,65.56,71.49,61060,64470,89740,136360,148700,,
99,U.S.,1,US,339100,Medical Equipment and Supplies Manufacturing,4-digit,5,00-0000,All Occupations,total,330970,0,,,100,100,36.65,76220,0.6,17.94,21.62,28.29,43.88,66.26,37310,44960,58840,91270,137810,,
99,U.S.,1,US,339900,Other Miscellaneous Manufacturing,4-digit,5,00-0000,All Occupations,total,285820,0,,,100,100,30.1,62610,0.6,17.13,19.41,23.93,33.22,48.92,35630,40360,49780,69090,101750,,
99,U.S.,1,US,339910,Jewelry and Silverware Manufacturing,5-digit,5,00-0000,All Occupations,total,20460,0.1,,,100,100,29.01,60340,1.7,16.52,18.35,23.46,31.48,47.41,34360,38170,48800,65470,98610,,
99,U.S.,1,US,42,Wholesale Trade,sector,5,00-0000,All Occupations,total,6024600,0,,,100,100,36.83,76610,0.3,17.58,21.47,28.3,41.78,66.8,36570,44650,58870,86910,138940,,
99,U.S.,1,US,42,Wholesale Trade,sector,5,27-2012,Producers and Directors,detailed,530,14.5,,,0.01,~,55.53,115500,3.8,36.16,39.36,52.1,65.56,77.46,75210,81870,108360,136370,161110,,
99,U.S.,1,US,423000,"Merchant Wholesalers, Durable Goods",3-digit,5,00-0000,All Occupations,total,3392640,0,,,100,100,37.15,77270,0.3,17.94,21.9,28.84,42.96,66.03,37320,45560,59990,89370,137340,,
99,U.S.,1,US,423000,"Merchant Wholesalers, Durable Goods",3-digit,5,27-2012,Producers and Directors,detailed,130,38.8,,,0,~,57.01,118580,5,38.74,43.35,56.04,65.93,75.7,80580,90160,116560,137140,157450,,
99,U.S.,1,US,4230A1,"Merchant Wholesalers, Durable Goods (4232, 4233, 4235, 4236, 4237, and 4239 only)",4-digit,5,00-0000,All Occupations,total,1503920,0,,,100,100,34.37,71490,0.5,17.76,21.34,27.19,38.26,60.61,36950,44400,56560,79580,126060,,
99,U.S.,1,US,4230A1,"Merchant Wholesalers, Durable Goods (4232, 4233, 4235, 4236, 4237, and 4239 only)",4-digit,5,27-2012,Producers and Directors,detailed,100,46.6,,,0.01,~,58.74,122190,5.4,38.74,47.24,62.7,67.3,75.78,80580,98270,130410,139990,157630,,
99,U.S.,1,US,423100,Motor Vehicle and Motor Vehicle Parts and Supplies Merchant Wholesalers,4-digit,5,00-0000,All Occupations,total,368470,0,,,100,100,30.64,63730,0.7,16.68,18.98,23.92,35.87,50.25,34700,39470,49750,74610,104510,,
99,U.S.,1,US,423400,Professional and Commercial Equipment and Supplies Merchant Wholesalers,4-digit,5,00-0000,All Occupations,total,745720,0,,,100,100,47.39,98560,0.7,18.97,23.69,36.93,61.72,88.12,39460,49270,76810,128370,183290,,
99,U.S.,1,US,423800,"Machinery, Equipment, and Supplies Merchant Wholesalers",4-digit,5,00-0000,All Occupations,total,774540,0,,,100,100,35.79,74450,0.4,18.51,22.95,29.67,39.8,59.42,38500,47730,61710,82780,123590,,
99,U.S.,1,US,423820,Farm and Garden Machinery and Equipment Merchant Wholesalers,5-digit,5,00-0000,All Occupations,total,114800,0,,,100,100,31.82,66190,0.5,17.52,21.57,27.49,36.6,50.77,36430,44860,57170,76120,105600,,
99,U.S.,1,US,424000,"Merchant Wholesalers, Nondurable Goods",3-digit,5,00-0000,All Occupations,total,2188230,0,,,100,100,35.01,72830,0.4,17.11,20.4,26.59,38.32,64.32,35590,42440,55310,79700,133790,,
99,U.S.,1,US,424000,"Merchant Wholesalers, Nondurable Goods",3-digit,5,27-2012,Producers and Directors,detailed,370,17.2,,,0.02,~,55.94,116350,4.6,37.25,38.52,52.1,62.53,77.61,77480,80120,108360,130060,161420,,
99,U.S.,1,US,4240A1,"Merchant Wholesalers, Nondurable Goods (4244 and 4248 only)",4-digit,5,00-0000,All Occupations,total,1038880,0,,,100,100,30.93,64340,0.7,17.15,20.29,24.62,34.25,48.92,35680,42190,51210,71230,101760,,
99,U.S.,1,US,4240A1,"Merchant Wholesalers, Nondurable Goods (4244 and 4248 only)",4-digit,5,27-2012,Producers and Directors,detailed,30,47.3,,,0,~,75.67,157400,24.7,43.75,43.76,65.9,109.45,109.45,90990,91020,137070,227650,227650,,
99,U.S.,1,US,4240A2,"Merchant Wholesalers, Nondurable Goods (4242 and 4246 only)",4-digit,5,00-0000,All Occupations,total,401950,0,,,100,100,50.91,105890,1.1,18.9,23.93,38.17,68.09,99.63,39300,49780,79390,141630,207230,,
99,U.S.,1,US,4240A2,"Merchant Wholesalers, Nondurable Goods (4242 and 4246 only)",4-digit,5,27-2012,Producers and Directors,detailed,150,12.8,,,0.04,~,61.29,127490,2.6,39.36,52.1,60.69,63.35,85.74,81870,108360,126230,131770,178340,,
99,U.S.,1,US,4240A3,"Merchant Wholesalers, Nondurable Goods (4241, 4247, and 4249 only)",4-digit,5,00-0000,All Occupations,total,537960,0,,,100,100,31.59,65700,0.6,16.56,19.1,24.52,35.56,52.51,34430,39730,51000,73960,109210,,
99,U.S.,1,US,4240A3,"Merchant Wholesalers, Nondurable Goods (4241, 4247, and 4249 only)",4-digit,5,27-2012,Producers and Directors,detailed,110,41.7,,,0.02,~,44.18,91890,8.1,31.65,35.14,37.8,48.11,74.26,65840,73100,78610,100060,154460,,
99,U.S.,1,US,424300,"Apparel, Piece Goods, and Notions Merchant Wholesalers",4-digit,5,00-0000,All Occupations,total,136380,0,,,100,100,37.21,77390,1.8,16.8,18.87,26.33,42.27,66.41,34930,39250,54770,87910,138130,,
99,U.S.,1,US,424300,"Apparel, Piece Goods, and Notions Merchant Wholesalers",4-digit,5,27-2012,Producers and Directors,detailed,80,49,,,0.06,~,52.67,109550,11.8,37.81,37.83,49.73,61.25,74.61,78630,78690,103440,127390,155180,,
99,U.S.,1,US,424500,Farm Product Raw Material Merchant Wholesalers,4-digit,5,00-0000,All Occupations,total,73060,0,,,100,100,26.74,55610,0.9,14.7,17.82,22.17,29.33,44.41,30570,37070,46110,61000,92370,,
99,U.S.,1,US,425000,Wholesale Trade Agents and Brokers,3-digit,5,00-0000,All Occupations,total,443730,0,,,100,100,43.38,90230,1.3,17.37,22.31,33.27,54.51,81.05,36120,46400,69210,113380,168590,,
99,U.S.,1,US,425100,Wholesale Trade Agents and Brokers,4-digit,5,00-0000,All Occupations,total,443730,0,,,100,100,43.38,90230,1.3,17.37,22.31,33.27,54.51,81.05,36120,46400,69210,113380,168590,,
99,U.S.,1,US,441000,Motor Vehicle and Parts Dealers,3-digit,5,00-0000,All Occupations,total,2043570,0,,,100,100,27.79,57800,0.3,14.04,17.01,21.59,30.39,46.21,29200,35370,44910,63210,96120,,
99,U.S.,1,US,441100,Automobile Dealers,4-digit,5,00-0000,All Occupations,total,1290550,0,,,100,100,30.84,64140,0.4,14.59,17.47,22.77,35.88,50.75,30340,36340,47370,74630,105560,,
99,U.S.,1,US,441200,Other Motor Vehicle Dealers,4-digit,5,00-0000,All Occupations,total,166010,0,,,100,100,27.81,57850,0.5,15.06,18,23,30.76,44,31330,37440,47840,63970,91520,,
99,U.S.,1,US,441300,"Automotive Parts, Accessories, and Tire Retailers",4-digit,5,00-0000,All Occupations,total,587020,0,,,100,100,21.09,43860,0.5,13.45,15.03,17.97,23.02,31.3,27980,31270,37380,47880,65100,,
99,U.S.,1,US,444000,Building Material and Garden Equipment and Supplies Dealers,3-digit,5,00-0000,All Occupations,total,1392800,0,,,100,100,22.11,45990,0.3,15.08,17.1,18.58,23.19,30.96,31370,35560,38650,48240,64390,,
99,U.S.,1,US,444100,Building Material and Supplies Dealers,4-digit,5,00-0000,All Occupations,total,1200770,0,,,100,100,22.33,46450,0.3,15.56,17.26,18.74,23.26,31.04,32360,35900,38980,48370,64560,,
99,U.S.,1,US,444200,Lawn and Garden Equipment and Supplies Retailers,4-digit,5,00-0000,All Occupations,total,192030,0,,,100,100,20.71,43080,0.5,13.6,14.74,17.61,22.73,30.42,28290,30650,36620,47280,63270,,
99,U.S.,1,US,44-45,Retail Trade,sector,5,00-0000,All Occupations,total,15503410,0,,,100,100,21.51,44750,0.1,13.54,15.25,17.73,22.45,31.39,28160,31710,36880,46700,65290,,
99,U.S.,1,US,44-45,Retail Trade,sector,5,27-2011,Actors,detailed,**,**,,,**,**,26.3,*,29.3,10.29,28.96,28.97,28.97,28.97,*,*,*,*,*,,TRUE
99,U.S.,1,US,44-45,Retail Trade,sector,5,27-2012,Producers and Directors,detailed,270,18.2,,,0,~,53.36,110990,5.1,28.1,38.55,50.97,62.94,75.59,58450,80180,106020,130910,157230,,
99,U.S.,1,US,44-45,Retail Trade,sector,5,27-2042,Musicians and Singers,detailed,150,31.4,,,0,~,17.01,*,2.2,14.41,15.21,16.19,17.81,19.34,*,*,*,*,*,,TRUE
99,U.S.,1,US,445000,Food and Beverage Retailers,3-digit,5,00-0000,All Occupations,total,3246380,0,,,100,100,18.98,39470,0.2,13.28,14.87,17.36,20.94,25.77,27620,30930,36100,43550,53600,,
99,U.S.,1,US,4450A1,Food and Beverage Retailers (4451 and 4452 only),4-digit,5,00-0000,All Occupations,total,3075680,0,,,100,100,18.97,39460,0.2,13.3,14.88,17.38,20.98,25.64,27650,30960,36140,43640,53340,,
99,U.S.,1,US,445300,"Beer, Wine, and Liquor Retailers",4-digit,5,00-0000,All Occupations,total,170700,0,,,100,100,19.05,39620,0.7,12.95,14.65,17,20.17,27.37,26930,30470,35370,41950,56930,,
99,U.S.,1,US,449000,"Furniture, Home Furnishings, Electronics, and Appliance Retailers",3-digit,5,00-0000,All Occupations,total,764510,0,,,100,100,24.26,50460,0.4,14.21,17.14,20.6,27.28,37.52,29550,35650,42860,56730,78030,,
99,U.S.,1,US,449100,Furniture and Home Furnishings Retailers,4-digit,5,00-0000,All Occupations,total,395160,0,,,100,100,24.18,50300,0.4,13.89,16.65,20.07,27.61,38.29,28890,34620,41750,57440,79630,,
99,U.S.,1,US,449200,Electronics and Appliance Retailers,4-digit,5,00-0000,All Occupations,total,369350,0,,,100,100,24.34,50630,0.8,14.96,17.51,21.03,26.96,36.59,31120,36420,43730,56080,76100,,
99,U.S.,1,US,455000,General Merchandise Retailers,3-digit,5,00-0000,All Occupations,total,3275200,0,,,100,100,19.34,40230,0.2,13.82,15.1,17.34,20.28,27.96,28740,31400,36060,42180,58150,,
99,U.S.,1,US,455000,General Merchandise Retailers,3-digit,5,27-2042,Musicians and Singers,detailed,**,**,,,**,**,16.08,*,1.1,14.32,15.06,15.35,17.65,17.81,*,*,*,*,*,,TRUE
99,U.S.,1,US,455000,General Merchandise Retailers,4-digit,5,00-0000,All Occupations,total,3275200,0,,,100,100,19.34,40230,0.2,13.82,15.1,17.34,20.28,27.96,28740,31400,36060,42180,58150,,
99,U.S.,1,US,455000,General Merchandise Retailers,4-digit,5,27-2042,Musicians and Singers,detailed,**,**,,,**,**,16.08,*,1.1,14.32,15.06,15.35,17.65,17.81,*,*,*,*,*,,TRUE
99,U.S.,1,US,456000,Health and Personal Care Retailers,3-digit,5,00-0000,All Occupations,total,1076240,0,,,100,100,27.32,56830,0.6,14.62,17.1,18.97,27.36,62.18,30410,35570,39450,56920,129340,,
99,U.S.,1,US,456100,Health and Personal Care Retailers,4-digit,5,00-0000,All Occupations,total,1076240,0,,,100,100,27.32,56830,0.6,14.62,17.1,18.97,27.36,62.18,30410,35570,39450,56920,129340,,
99,U.S.,1,US,456110,Pharmacies and Drug Retailers,5-digit,5,00-0000,All Occupations,total,683490,0,,,100,100,29.67,61720,0.7,15.77,17.47,20.22,29.34,64.69,32790,36340,42060,61020,134560,,
99,U.S.,1,US,457000,Gasoline Stations and Fuel Dealers,3-digit,5,00-0000,All Occupations,total,1042980,0,,,100,100,17.81,37050,0.4,12.17,13.8,16.35,18.19,25.42,25310,28700,34000,37840,52870,,
99,U.S.,1,US,457100,Gasoline Stations,4-digit,5,00-0000,All Occupations,total,973720,0,,,100,100,16.92,35180,0.4,11.74,13.74,15.91,17.73,22.24,24410,28590,33100,36870,46250,,
99,U.S.,1,US,457200,Fuel Dealers,4-digit,5,00-0000,All Occupations,total,69260,0,,,100,100,30.41,63250,0.6,18.17,22.87,28,33.36,43.49,37800,47570,58240,69390,90450,,
99,U.S.,1,US,458000,"Clothing, Clothing Accessories, Shoe, and Jewelry Retailers",3-digit,5,00-0000,All Occupations,total,1157300,0,,,100,100,20.12,41850,0.7,12.89,14.16,17.16,21.38,29.84,26820,29460,35690,44470,62060,,
99,U.S.,1,US,458000,"Clothing, Clothing Accessories, Shoe, and Jewelry Retailers",3-digit,5,27-2012,Producers and Directors,detailed,70,30.1,,,0.01,~,42.89,89220,7.9,23.41,28.17,40.09,49.83,69.62,48690,58600,83390,103650,144820,,
99,U.S.,1,US,458100,Clothing and Clothing Accessories Retailers,4-digit,5,00-0000,All Occupations,total,855950,0,,,100,100,19.56,40670,0.9,12.81,13.98,16.98,20.47,28.68,26640,29070,35330,42570,59660,,
99,U.S.,1,US,458100,Clothing and Clothing Accessories Retailers,4-digit,5,27-2012,Producers and Directors,detailed,60,35.7,,,0.01,~,44.56,92690,7.4,23.43,28.26,45.5,49.98,72.17,48740,58770,94630,103950,150110,,
99,U.S.,1,US,458200,Shoe Retailers,4-digit,5,00-0000,All Occupations,total,172150,0,,,100,100,18.28,38010,0.8,11.91,14.09,16.91,18.82,25.56,24760,29310,35180,39140,53170,,
99,U.S.,1,US,458300,"Jewelry, Luggage, and Leather Goods Retailers",4-digit,5,00-0000,All Occupations,total,129210,0,,,100,100,26.32,54750,1.3,14.8,17.31,21.8,29.31,41.09,30780,36000,45350,60960,85460,,
99,U.S.,1,US,459000,"Sporting Goods, Hobby, Musical Instrument, Book, and Miscellaneous Retailers",3-digit,5,00-0000,All Occupations,total,1504440,0,,,100,100,20.73,43110,0.3,13.16,14.79,17.5,21.93,30.28,27370,30760,36400,45600,62980,,
99,U.S.,1,US,459000,"Sporting Goods, Hobby, Musical Instrument, Book, and Miscellaneous Retailers",3-digit,5,27-2011,Actors,detailed,**,**,,,**,**,28.64,*,9.8,28.96,28.96,28.97,28.97,28.97,*,*,*,*,*,,TRUE
99,U.S.,1,US,459000,"Sporting Goods, Hobby, Musical Instrument, Book, and Miscellaneous Retailers",3-digit,5,27-2012,Producers and Directors,detailed,150,25.6,,,0.01,~,58.22,121110,6.8,31.75,38.95,62.5,62.94,81.53,66030,81010,129990,130910,169570,,
99,U.S.,1,US,4590A1,Miscellaneous Store Retailers (4594 and 4595 only),4-digit,5,00-0000,All Occupations,total,401170,0,,,100,100,18.98,39480,0.6,12.48,13.99,16.81,19.95,27.23,25960,29100,34950,41490,56630,,
99,U.S.,1,US,459100,"Sporting Goods, Hobby, and Musical Instrument Retailers",4-digit,5,00-0000,All Occupations,total,489720,0,,,100,100,20.04,41680,0.4,13.36,14.88,17.54,21.57,29.2,27780,30950,36480,44870,60740,,
99,U.S.,1,US,459100,"Sporting Goods, Hobby, and Musical Instrument Retailers",4-digit,5,27-2012,Producers and Directors,detailed,40,26.4,,,0.01,~,59.12,122970,10.7,25.43,33.5,48.02,71.86,109.41,52900,69670,99880,149460,227570,,
99,U.S.,1,US,459110,Sporting Goods Retailers,5-digit,5,00-0000,All Occupations,total,295900,0,,,100,100,20.31,42240,0.5,13.65,15,17.6,21.87,29.26,28390,31200,36600,45500,60870,,
99,U.S.,1,US,459200,Book Retailers and News Dealers,4-digit,5,00-0000,All Occupations,total,66980,0.1,,,100,100,19.01,39540,0.6,13,14.27,17.25,20.85,27.31,27050,29690,35890,43360,56810,,
99,U.S.,1,US,459300,Florists,4-digit,5,00-0000,All Occupations,total,59310,0.1,,,100,100,19.38,40310,1,12.87,14.6,17.4,21.76,27.44,26780,30370,36200,45250,57080,,
99,U.S.,1,US,459900,Other Miscellaneous Retailers,4-digit,5,00-0000,All Occupations,total,487270,0,,,100,100,23.26,48380,0.6,13.68,15.84,18.25,23.89,37.06,28450,32950,37950,49680,77070,,
99,U.S.,1,US,459900,Other Miscellaneous Retailers,4-digit,5,27-2012,Producers and Directors,detailed,90,37.6,,,0.02,~,54.29,112930,9.3,34.42,44.91,62.5,62.94,62.94,71590,93410,129990,130910,130910,,
99,U.S.,1,US,481000,Air Transportation,3-digit,5,00-0000,All Occupations,total,563220,0,,,100,100,53.21,110690,1.3,18.02,22.52,36.12,60.27,105.78,37470,46850,75130,125350,220030,,
99,U.S.,1,US,481100,Scheduled Air Transportation,4-digit,5,00-0000,All Occupations,total,506330,0,,,100,100,53.05,110350,1.5,17.89,22.26,35.22,58.22,105.92,37220,46310,73260,121100,220310,,
99,U.S.,1,US,481200,Nonscheduled Air Transportation,4-digit,5,00-0000,All Occupations,total,56890,0,,,100,100,54.65,113680,1.7,20.67,28.55,40.57,65.76,104.7,42990,59390,84380,136780,217780,,
99,U.S.,1,US,482000,Rail Transportation,3-digit,5,00-0000,All Occupations,total,190930,0,,,100,100,41.29,85890,0.2,26.33,32.42,38.43,46.5,59.92,54770,67420,79940,96730,124640,,
99,U.S.,1,US,482100,Rail Transportation,4-digit,5,00-0000,All Occupations,total,190930,0,,,100,100,41.29,85890,0.2,26.33,32.42,38.43,46.5,59.92,54770,67420,79940,96730,124640,,
99,U.S.,1,US,483000,Water Transportation,3-digit,5,00-0000,All Occupations,total,69600,0,,,100,100,41.36,86030,1.6,16.58,22.36,33.21,51.99,76.17,34480,46510,69070,108130,158420,,
99,U.S.,1,US,483100,"Deep Sea, Coastal, and Great Lakes Water Transportation",4-digit,5,00-0000,All Occupations,total,41170,0.1,,,100,100,40.92,85120,2.3,16.45,21.11,34.18,50.57,74.51,34220,43910,71080,105180,154970,,
99,U.S.,1,US,483200,Inland Water Transportation,4-digit,5,00-0000,All Occupations,total,28430,0,,,100,100,41.99,87340,1.8,17.91,23.64,31.54,55.37,77.11,37250,49170,65610,115160,160380,,
99,U.S.,1,US,484000,Truck Transportation,3-digit,5,00-0000,All Occupations,total,1499660,0,,,100,100,29.69,61760,0.3,18.25,22.62,28.42,35.21,40.01,37960,47050,59120,73230,83220,,
99,U.S.,1,US,484000,Truck Transportation,4-digit,5,00-0000,All Occupations,total,1499660,0,,,100,100,29.69,61760,0.3,18.25,22.62,28.42,35.21,40.01,37960,47050,59120,73230,83220,,
99,U.S.,1,US,48-49,Transportation and Warehousing,sector,59,00-0000,All Occupations,total,7448640,0,,,100,100,30.93,64330,0.2,17.99,21.17,25.08,34.99,45.94,37420,44030,52170,72770,95560,,
99,U.S.,1,US,48-49,Transportation and Warehousing,sector,59,27-2011,Actors,detailed,390,1.9,,,0.01,~,19.42,*,1.3,11.63,13.35,16.9,24.36,34.32,*,*,*,*,*,,TRUE
99,U.S.,1,US,48-49,Transportation and Warehousing,sector,59,27-2012,Producers and Directors,detailed,40,11.8,,,0,~,53.19,110640,8.3,24.67,32.12,47.75,79.93,91.22,51320,66810,99320,166260,189740,,
99,U.S.,1,US,485000,Transit and Ground Passenger Transportation,3-digit,5,00-0000,All Occupations,total,532510,0,,,100,100,27.45,57090,1.9,16.12,18.29,23.04,29.31,37.79,33540,38040,47930,60960,78610,,
99,U.S.,1,US,485100,Urban Transit Systems,4-digit,5,00-0000,All Occupations,total,47340,0,,,100,100,28.82,59940,0.5,18.72,22.49,28.02,32.42,40.33,38940,46770,58290,67430,83890,,
99,U.S.,1,US,485200,Interurban and Rural Bus Transportation,4-digit,5,00-0000,All Occupations,total,15360,0,,,100,100,25,51990,0.9,17.05,19.67,22.6,28.53,34.42,35460,40900,47010,59340,71590,,
99,U.S.,1,US,485300,Taxi and Limousine Service,4-digit,5,00-0000,All Occupations,total,117670,0,,,100,100,37.85,78720,6,16.5,18.71,25.46,42.62,83.11,34320,38920,52950,88650,172870,,
99,U.S.,1,US,485400,School and Employee Bus Transportation,4-digit,5,00-0000,All Occupations,total,216510,0,,,100,100,24.53,51020,0.5,16.32,18.66,23.31,28.64,33.27,33950,38800,48490,59580,69200,,
99,U.S.,1,US,485500,Charter Bus Industry,4-digit,5,00-0000,All Occupations,total,24070,0,,,100,100,26.1,54300,1.2,17.51,20.87,23.32,28.31,35.74,36420,43420,48510,58880,74340,,
99,U.S.,1,US,485900,Other Transit and Ground Passenger Transportation,4-digit,5,00-0000,All Occupations,total,111560,0.1,,,100,100,22.18,46130,0.7,14.62,17.02,19.6,23.95,30.36,30400,35400,40770,49820,63140,,
99,U.S.,1,US,486000,Pipeline Transportation,3-digit,5,00-0000,All Occupations,total,56210,0,,,100,100,50.55,105150,1.7,30.55,37.98,46.97,57.68,75.87,63530,78990,97690,119960,157800,,
99,U.S.,1,US,486100,Pipeline Transportation of Crude Oil,4-digit,5,00-0000,All Occupations,total,12330,0.1,,,100,100,53.87,112050,1.9,29.68,38.72,48.68,63.49,81.8,61730,80530,101260,132070,170140,,
99,U.S.,1,US,486200,Pipeline Transportation of Natural Gas,4-digit,5,00-0000,All Occupations,total,36880,0,,,100,100,50.18,104370,2.5,32.13,38.24,46.61,56.14,71.82,66830,79540,96950,116770,149390,,
99,U.S.,1,US,486900,Other Pipeline Transportation,4-digit,5,00-0000,All Occupations,total,7000,0.2,,,100,100,46.7,97130,2.3,23.24,32.05,45.54,56.01,71.81,48330,66660,94730,116490,149370,,
99,U.S.,1,US,487000,Scenic and Sightseeing Transportation,3-digit,5,00-0000,All Occupations,total,30850,0.1,,,100,100,26.94,56040,1.1,15.05,17.68,22.45,29.77,43.61,31300,36780,46690,61930,90700,,
99,U.S.,1,US,487100,"Scenic and Sightseeing Transportation, Land",4-digit,5,00-0000,All Occupations,total,11110,0.1,,,100,100,24.37,50680,1.6,14.7,17.61,21.89,27.82,35.45,30580,36620,45530,57870,73730,,
99,U.S.,1,US,487200,"Scenic and Sightseeing Transportation, Water",4-digit,5,00-0000,All Occupations,total,17110,0.1,,,100,100,27.62,57460,1.7,15.28,17.53,22.62,31.3,46.98,31770,36470,47050,65110,97710,,
99,U.S.,1,US,487900,"Scenic and Sightseeing Transportation, Other",4-digit,5,00-0000,All Occupations,total,2620,0.2,,,100,100,33.39,69440,2.9,16.59,20.52,25.87,37.78,60.12,34500,42680,53820,78580,125040,,
99,U.S.,1,US,488000,Support Activities for Transportation,3-digit,5,00-0000,All Occupations,total,812950,0,,,100,100,31.89,66330,0.6,16.98,19.82,25.04,36.68,52.63,35320,41220,52090,76300,109480,,
99,U.S.,1,US,488100,Support Activities for Air Transportation,4-digit,5,00-0000,All Occupations,total,272420,0,,,100,100,30.1,62610,0.8,16.5,18.71,23,35.87,49.11,34330,38930,47840,74610,102160,,
99,U.S.,1,US,488200,Support Activities for Rail Transportation,4-digit,5,00-0000,All Occupations,total,42340,0,,,100,100,29.93,62250,1.8,18.47,21.83,26.38,32.04,44.48,38420,45410,54870,66630,92520,,
99,U.S.,1,US,488300,Support Activities for Water Transportation,4-digit,5,00-0000,All Occupations,total,94920,0,,,100,100,41.8,86940,1.8,19.98,24.69,35.71,49.28,74.3,41550,51350,74270,102490,154540,,
99,U.S.,1,US,488400,Support Activities for Road Transportation,4-digit,5,00-0000,All Occupations,total,114040,0,,,100,100,25.84,53750,0.7,15.5,18.26,22.74,29.09,37.63,32240,37980,47300,60510,78280,,
99,U.S.,1,US,488500,Freight Transportation Arrangement,4-digit,5,00-0000,All Occupations,total,251630,0,,,100,100,33.95,70610,1.1,17.78,21.67,27.96,37.91,59.61,36980,45070,58150,78850,123980,,
99,U.S.,1,US,488900,Other Support Activities for Transportation,4-digit,5,00-0000,All Occupations,total,37610,0.1,,,100,100,26.63,55400,2,15.93,17.52,21.57,28.2,40.84,33140,36450,44870,58660,84940,,
99,U.S.,1,US,491000,Postal Service (Federal Government),3-digit,1,00-0000,All Occupations,total,618900,0,,,100,100,31.6,65730,0,20.48,25.32,30.61,37.67,40.91,42600,52670,63670,78350,85090,,
99,U.S.,1,US,491100,Postal Service (Federal Government),4-digit,1,00-0000,All Occupations,total,618900,0,,,100,100,31.6,65730,0,20.48,25.32,30.61,37.67,40.91,42600,52670,63670,78350,85090,,
99,U.S.,1,US,492000,Couriers and Messengers,3-digit,5,00-0000,All Occupations,total,1110140,0,,,100,100,27.62,57450,0.3,18.44,20.92,22.51,29.66,45.19,38360,43520,46830,61700,94000,,
99,U.S.,1,US,492100,Couriers and Express Delivery Services,4-digit,5,00-0000,All Occupations,total,925330,0,,,100,100,28.55,59390,0.3,18.54,21.24,22.89,31.41,45.52,38560,44190,47620,65340,94680,,
99,U.S.,1,US,492200,Local Messengers and Local Delivery,4-digit,5,00-0000,All Occupations,total,184810,0,,,100,100,22.94,47720,0.8,17.89,19.34,21.4,23,28.31,37220,40220,44520,47840,58880,,
99,U.S.,1,US,493000,Warehousing and Storage,3-digit,5,00-0000,All Occupations,total,1963680,0,,,100,100,25.81,53680,0.2,17.95,20.34,22.81,28.4,35.97,37330,42310,47440,59070,74810,,
99,U.S.,1,US,493100,Warehousing and Storage,4-digit,5,00-0000,All Occupations,total,1963680,0,,,100,100,25.81,53680,0.2,17.95,20.34,22.81,28.4,35.97,37330,42310,47440,59070,74810,,
99,U.S.,1,US,51,Information,sector,5,00-0000,All Occupations,total,2879620,0,,,100,100,55.3,115030,0.3,18.8,28.25,46.14,75.91,102.57,39110,58760,95970,157900,213340,,
99,U.S.,1,US,51,Information,sector,5,27-2011,Actors,detailed,19630,9.3,,,0.68,~,*,*,*,*,*,*,*,*,*,*,*,*,*,,TRUE
99,U.S.,1,US,51,Information,sector,5,27-2012,Producers and Directors,detailed,87630,3,,,3.04,9,56.33,117160,1.8,21.82,30.03,45.74,66.18,102.03,45390,62460,95140,137650,212220,,
99,U.S.,1,US,51,Information,sector,5,27-2031,Dancers,detailed,110,45.1,,,0,~,*,*,*,*,*,*,*,*,*,*,*,*,*,,TRUE
99,U.S.,1,US,51,Information,sector,5,27-2041,Music Directors and Composers,detailed,950,16.3,,,0.03,~,*,*,*,*,*,*,*,*,*,*,*,*,*,,
99,U.S.,1,US,51,Information,sector,5,27-2042,Musicians and Singers,detailed,360,23.3,,,0.01,~,57.2,*,7.7,26.59,30.19,53.92,61.73,98.99,*,*,*,*,*,,TRUE
99,U.S.,1,US,512000,Motion Picture and Sound Recording Industries,3-digit,5,00-0000,All Occupations,total,374240,0,,,100,100,44.15,91840,1.6,13.41,17.42,29.9,51.8,85.06,27890,36220,62200,107750,176920,,
99,U.S.,1,US,512000,Motion Picture and Sound Recording Industries,3-digit,5,27-2011,Actors,detailed,19410,9.4,,,5.19,3,*,*,*,*,*,*,*,*,*,*,*,*,*,,TRUE
99,U.S.,1,US,512000,Motion Picture and Sound Recording Industries,3-digit,5,27-2012,Producers and Directors,detailed,39270,7,,,10.49,40,63.64,132360,3.4,23.87,34.44,50.17,77.86,107.62,49650,71640,104350,161940,223860,,
99,U.S.,1,US,512000,Motion Picture and Sound Recording Industries,3-digit,5,27-2031,Dancers,detailed,110,45.1,,,0.03,~,*,*,*,*,*,*,*,*,*,*,*,*,*,,TRUE
99,U.S.,1,US,512000,Motion Picture and Sound Recording Industries,3-digit,5,27-2041,Music Directors and Composers,detailed,770,20.2,,,0.21,2,53.15,110550,11.5,8.94,29.33,49.35,76.67,103.59,18600,61010,102640,159470,215470,,
99,U.S.,1,US,512000,Motion Picture and Sound Recording Industries,3-digit,5,27-2042,Musicians and Singers,detailed,340,24.9,,,0.09,1,57.34,*,7.9,26.59,29.66,53.92,61.73,108.52,*,*,*,*,*,,TRUE
99,U.S.,1,US,512100,Motion Picture and Video Industries,4-digit,5,00-0000,All Occupations,total,354380,0,,,100,100,44,91520,1.7,13.29,17.3,29.53,51.8,85.06,27650,35990,61420,107750,176920,,
99,U.S.,1,US,512100,Motion Picture and Video Industries,4-digit,5,27-2011,Actors,detailed,19270,9.4,,,5.44,2,*,*,*,*,*,*,*,*,*,*,*,*,*,,TRUE
99,U.S.,1,US,512100,Motion Picture and Video Industries,4-digit,5,27-2012,Producers and Directors,detailed,37700,7,,,10.64,42,64.41,133970,3.5,23.87,34.68,50.63,78.36,107.62,49650,72130,105300,162980,223860,,
99,U.S.,1,US,512100,Motion Picture and Video Industries,4-digit,5,27-2031,Dancers,detailed,110,45.1,,,0.03,~,*,*,*,*,*,*,*,*,*,*,*,*,*,,TRUE
99,U.S.,1,US,512100,Motion Picture and Video Industries,4-digit,5,27-2041,Music Directors and Composers,detailed,150,44.2,,,0.04,~,*,*,*,*,*,*,*,*,*,*,*,*,*,,
99,U.S.,1,US,512100,Motion Picture and Video Industries,4-digit,5,27-2042,Musicians and Singers,detailed,230,21.7,,,0.07,~,54.39,*,7.1,28.03,29.4,53.92,61.55,63.47,*,*,*,*,*,,TRUE
99,U.S.,1,US,512130,Motion Picture and Video Exhibition,5-digit,5,00-0000,All Occupations,total,117200,0,,,100,100,16.73,34790,0.5,10.89,13,15.49,18.03,22.68,22650,27040,32220,37510,47180,,
99,U.S.,1,US,512130,Motion Picture and Video Exhibition,5-digit,5,27-2012,Producers and Directors,detailed,150,26.2,,,0.13,3,32.67,67950,11,18.21,22.17,27.18,34.53,40.29,37870,46110,56530,71810,83800,,
99,U.S.,1,US,512200,Sound Recording Industries,4-digit,5,00-0000,All Occupations,total,19860,0.1,,,100,100,46.9,97560,3,19.48,25.2,36.65,51.49,82.29,40520,52410,76230,107100,171170,,
99,U.S.,1,US,512200,Sound Recording Industries,4-digit,5,27-2011,Actors,detailed,140,38.3,,,0.72,3,*,*,*,*,*,*,*,*,*,*,*,*,*,,TRUE
99,U.S.,1,US,512200,Sound Recording Industries,4-digit,5,27-2012,Producers and Directors,detailed,1570,12.1,,,7.92,21,45.12,93850,3.2,24.07,30.28,44.67,50.72,68.19,50060,62980,92900,105510,141820,,
99,U.S.,1,US,512200,Sound Recording Industries,4-digit,5,27-2041,Music Directors and Composers,detailed,630,24.8,,,3.15,11,53.53,111340,16.1,8.9,25.28,52.3,79.81,103.59,18520,52580,108790,166010,215470,,
99,U.S.,1,US,512200,Sound Recording Industries,4-digit,5,27-2042,Musicians and Singers,detailed,110,48,,,0.57,2,*,*,*,*,*,*,*,*,*,*,*,*,*,,TRUE
99,U.S.,1,US,513000,Publishing Industries,3-digit,5,00-0000,All Occupations,total,910660,0,,,100,100,61.26,127420,0.4,22.91,33.41,53.17,80.84,104.12,47660,69500,110590,168150,216560,,
99,U.S.,1,US,513000,Publishing Industries,3-digit,5,27-2012,Producers and Directors,detailed,5830,6.7,,,0.64,2,61.08,127040,2,29.32,38.54,53.01,78.97,101.82,60980,80170,110260,164260,211790,,
99,U.S.,1,US,513100,"Newspaper, Periodical, Book, and Directory Publishers",4-digit,5,00-0000,All Occupations,total,251110,0,,,100,100,42.65,88710,0.7,16.95,22.45,33.11,51.44,80.74,35250,46700,68870,106990,167930,,
99,U.S.,1,US,513100,"Newspaper, Periodical, Book, and Directory Publishers",4-digit,5,27-2012,Producers and Directors,detailed,3290,8.9,,,1.31,6,51.58,107280,2.5,25.24,34.13,45.26,63.57,85.92,52500,71000,94140,132230,178700,,
99,U.S.,1,US,513110,Newspaper Publishers,5-digit,5,00-0000,All Occupations,total,83970,0,,,100,100,33.41,69500,1,14.49,17.91,24.51,38.87,64.73,30130,37240,50990,80850,134640,,
99,U.S.,1,US,513110,Newspaper Publishers,5-digit,5,27-2012,Producers and Directors,detailed,1200,4.8,,,1.43,6,50.58,105200,2.6,23.37,29.43,41.71,63.68,86.8,48610,61210,86770,132450,180540,,
99,U.S.,1,US,513200,Software Publishers,4-digit,5,00-0000,All Occupations,total,659550,0,,,100,100,68.34,142150,0.5,29.12,40,63.17,84.35,107.38,60580,83190,131390,175450,223340,,
99,U.S.,1,US,513200,Software Publishers,4-digit,5,27-2012,Producers and Directors,detailed,2540,8.9,,,0.39,1,73.38,152630,1.7,40.6,50.48,69.94,86.17,104.05,84450,105000,145480,179240,216430,,
99,U.S.,1,US,516000,Broadcasting and Content Providers,3-digit,5,00-0000,All Occupations,total,343200,0,,,100,100,56.95,118460,1.2,18.58,25.62,41.7,75.86,106.34,38640,53300,86740,157790,221190,,
99,U.S.,1,US,516000,Broadcasting and Content Providers,3-digit,5,27-2011,Actors,detailed,190,10.7,,,0.06,~,*,*,*,*,*,*,*,*,*,*,*,*,*,,TRUE
99,U.S.,1,US,516000,Broadcasting and Content Providers,3-digit,5,27-2012,Producers and Directors,detailed,41570,2.1,,,12.11,38,48.83,101560,1.7,19.75,25.34,38.46,60.4,83.74,41090,52700,80000,125630,174180,,
99,U.S.,1,US,516000,Broadcasting and Content Providers,3-digit,5,27-2041,Music Directors and Composers,detailed,160,9.8,,,0.05,1,*,*,*,*,*,*,*,*,*,*,*,*,*,,
99,U.S.,1,US,516100,Radio and Television Broadcasting Stations,4-digit,5,00-0000,All Occupations,total,115710,0,,,100,100,38,79040,1,15.78,20.1,28.85,45.13,65.79,32810,41800,60010,93860,136850,,
99,U.S.,1,US,516100,Radio and Television Broadcasting Stations,4-digit,5,27-2011,Actors,detailed,150,4.7,,,0.13,~,*,*,*,*,*,*,*,*,*,*,*,*,*,,TRUE
99,U.S.,1,US,516100,Radio and Television Broadcasting Stations,4-digit,5,27-2012,Producers and Directors,detailed,18570,1.9,,,16.05,57,38.05,79140,1.6,18.5,22.15,30.1,46.95,64.16,38490,46070,62600,97650,133460,,
99,U.S.,1,US,516100,Radio and Television Broadcasting Stations,4-digit,5,27-2041,Music Directors and Composers,detailed,90,17.1,,,0.08,1,*,*,*,*,*,*,*,*,*,*,*,*,*,,
99,U.S.,1,US,516110,Radio Broadcasting Stations,5-digit,5,00-0000,All Occupations,total,50760,0,,,100,100,33.66,70010,1.2,13.86,17.42,23.91,38.18,62.39,28820,36240,49740,79420,129760,,
99,U.S.,1,US,516110,Radio Broadcasting Stations,5-digit,5,27-2012,Producers and Directors,detailed,5320,2.1,,,10.48,53,32.94,68520,1.6,16.12,19.8,26.58,38.46,54.35,33520,41190,55280,79990,113050,,
99,U.S.,1,US,516110,Radio Broadcasting Stations,5-digit,5,27-2041,Music Directors and Composers,detailed,80,19.2,,,0.15,2,*,*,*,*,*,*,*,*,*,*,*,*,*,,
99,U.S.,1,US,516120,Television Broadcasting Stations,5-digit,5,00-0000,All Occupations,total,64950,0,,,100,100,41.39,86090,1.3,18.2,22.28,30.85,47.64,70.53,37860,46340,64170,99090,146710,,
99,U.S.,1,US,516120,Television Broadcasting Stations,5-digit,5,27-2012,Producers and Directors,detailed,13250,2.5,,,20.4,65,40.1,83410,1.8,19.18,22.81,31.36,47.64,68.38,39890,47440,65230,99090,142230,,
99,U.S.,1,US,516200,"Media Streaming Distribution Services, Social Networks, and Other Media Networks and Content Providers",4-digit,5,00-0000,All Occupations,total,227490,0,,,100,100,66.59,138510,1.4,22.23,31.87,50.9,82.95,130.81,46230,66290,105860,172530,272090,,
99,U.S.,1,US,516200,"Media Streaming Distribution Services, Social Networks, and Other Media Networks and Content Providers",4-digit,5,27-2012,Producers and Directors,detailed,23000,3.1,,,10.11,30,57.53,119670,2,22.91,31.18,47.36,66.85,103.69,47660,64860,98520,139040,215660,,
99,U.S.,1,US,516200,"Media Streaming Distribution Services, Social Networks, and Other Media Networks and Content Providers",4-digit,5,27-2041,Music Directors and Composers,detailed,70,10,,,0.03,~,*,*,*,*,*,*,*,*,*,*,*,*,*,,
99,U.S.,1,US,517000,Telecommunications,3-digit,5,00-0000,All Occupations,total,591190,0,,,100,100,42.95,89330,0.4,21.04,26.43,37.75,50.55,74.04,43760,54960,78520,105140,153990,,
99,U.S.,1,US,517000,Telecommunications,3-digit,5,27-2012,Producers and Directors,detailed,470,12.4,,,0.08,1,44.23,92000,6,27.76,29.82,37.52,49.91,77.82,57730,62020,78040,103810,161860,,
99,U.S.,1,US,517000,Telecommunications,4-digit,5,00-0000,All Occupations,total,591190,0,,,100,100,42.95,89330,0.4,21.04,26.43,37.75,50.55,74.04,43760,54960,78520,105140,153990,,
99,U.S.,1,US,517000,Telecommunications,4-digit,5,27-2012,Producers and Directors,detailed,470,12.4,,,0.08,1,44.23,92000,6,27.76,29.82,37.52,49.91,77.82,57730,62020,78040,103810,161860,,
99,U.S.,1,US,518000,"Computing Infrastructure Providers, Data Processing, Web Hosting, and Related Services",3-digit,5,00-0000,All Occupations,total,485550,0,,,100,100,59.45,123660,0.8,21.4,31.7,51.69,79.71,103.24,44510,65940,107510,165800,214740,,
99,U.S.,1,US,518000,"Computing Infrastructure Providers, Data Processing, Web Hosting, and Related Services",3-digit,5,27-2012,Producers and Directors,detailed,220,40.2,,,0.05,~,*,*,*,*,*,*,*,*,*,*,*,*,*,,
99,U.S.,1,US,518200,"Computing Infrastructure Providers, Data Processing, Web Hosting, and Related Services",4-digit,5,00-0000,All Occupations,total,485550,0,,,100,100,59.45,123660,0.8,21.4,31.7,51.69,79.71,103.24,44510,65940,107510,165800,214740,,
99,U.S.,1,US,518200,"Computing Infrastructure Providers, Data Processing, Web Hosting, and Related Services",4-digit,5,27-2012,Producers and Directors,detailed,220,40.2,,,0.05,~,*,*,*,*,*,*,*,*,*,*,*,*,*,,
99,U.S.,1,US,519000,"Web Search Portals, Libraries, Archives, and Other Information Services",3-digit,5,00-0000,All Occupations,total,174790,0,,,100,100,75.17,156350,0.7,20.41,36.71,79.35,103.44,135.87,42450,76360,165040,215160,282610,,
99,U.S.,1,US,519000,"Web Search Portals, Libraries, Archives, and Other Information Services",3-digit,5,27-2012,Producers and Directors,detailed,260,16,,,0.15,1,76.13,158350,5.6,41.21,47.97,79.08,100.59,106.57,85720,99780,164480,209220,221660,,
99,U.S.,1,US,519200,"Web Search Portals, Libraries, Archives, and Other Information Services",4-digit,5,00-0000,All Occupations,total,174790,0,,,100,100,75.17,156350,0.7,20.41,36.71,79.35,103.44,135.87,42450,76360,165040,215160,282610,,
99,U.S.,1,US,519200,"Web Search Portals, Libraries, Archives, and Other Information Services",4-digit,5,27-2012,Producers and Directors,detailed,260,16,,,0.15,1,76.13,158350,5.6,41.21,47.97,79.08,100.59,106.57,85720,99780,164480,209220,221660,,
99,U.S.,1,US,52,Finance and Insurance,sector,5,00-0000,All Occupations,total,6281650,0,,,100,100,48.48,100840,0.3,19.38,24.09,37.03,60.52,87.75,40310,50110,77030,125880,182530,,
99,U.S.,1,US,52,Finance and Insurance,sector,5,27-2012,Producers and Directors,detailed,280,13.2,,,0,~,52.1,108370,3.5,35.54,42.47,48.11,63.2,71.95,73910,88340,100060,131450,149660,,
99,U.S.,1,US,521000,Monetary Authorities-Central Bank,3-digit,5,00-0000,All Occupations,total,20490,0.1,,,100,100,69.48,144520,0.7,31.62,46.06,63.36,83.17,107.24,65780,95810,131780,172990,223070,,
99,U.S.,1,US,521100,Monetary Authorities-Central Bank,4-digit,5,00-0000,All Occupations,total,20490,0.1,,,100,100,69.48,144520,0.7,31.62,46.06,63.36,83.17,107.24,65780,95810,131780,172990,223070,,
99,U.S.,1,US,522000,Credit Intermediation and Related Activities,3-digit,5,00-0000,All Occupations,total,2510490,0,,,100,100,43.01,89460,0.3,18.43,22.87,30.92,51.53,80.85,38340,47560,64320,107180,168170,,
99,U.S.,1,US,522000,Credit Intermediation and Related Activities,3-digit,5,27-2012,Producers and Directors,detailed,70,9.8,,,0,~,49.72,103420,5.3,28.75,35.54,47.64,56.17,73.31,59800,73910,99100,116830,152490,,
99,U.S.,1,US,5220A1,Credit Intermediation and Related Activities (5221 and 5223 only),4-digit,5,00-0000,All Occupations,total,1999900,0,,,100,100,42.76,88930,0.3,18.65,22.92,30.76,51.06,80.47,38780,47670,63970,106190,167370,,
99,U.S.,1,US,5220A1,Credit Intermediation and Related Activities (5221 and 5223 only),4-digit,5,27-2012,Producers and Directors,detailed,40,10.8,,,0,~,48.73,101350,6.4,27.58,33.44,47.13,56.05,76.9,57370,69560,98030,116590,159940,,
99,U.S.,1,US,522200,Nondepository Credit Intermediation,4-digit,5,00-0000,All Occupations,total,510600,0,,,100,100,44,91520,0.6,17.51,22.61,31.74,55.64,82.69,36410,47020,66020,115730,171990,,
99,U.S.,1,US,522290,Other Nondepository Credit Intermediation,5-digit,5,00-0000,All Occupations,total,358260,0,,,100,100,41.5,86320,0.8,16.69,21.44,29.93,49.83,80.59,34710,44590,62250,103640,167630,,
99,U.S.,1,US,523000,"Securities, Commodity Contracts, and Other Financial Investments and Related Activities",3-digit,5,00-0000,All Occupations,total,1099930,0,,,100,100,71.49,148700,0.8,24.27,34.82,53.84,86.06,148.12,50480,72420,111990,179000,308090,,
99,U.S.,1,US,523000,"Securities, Commodity Contracts, and Other Financial Investments and Related Activities",3-digit,5,27-2012,Producers and Directors,detailed,80,38.3,,,0.01,~,57.25,119080,9,36.3,44.16,59.85,68.09,77.43,75510,91860,124490,141620,161050,,
99,U.S.,1,US,523000,"Securities, Commodity Contracts, and Other Financial Investments and Related Activities",4-digit,5,00-0000,All Occupations,total,1099930,0,,,100,100,71.49,148700,0.8,24.27,34.82,53.84,86.06,148.12,50480,72420,111990,179000,308090,,
99,U.S.,1,US,523000,"Securities, Commodity Contracts, and Other Financial Investments and Related Activities",4-digit,5,27-2012,Producers and Directors,detailed,80,38.3,,,0.01,~,57.25,119080,9,36.3,44.16,59.85,68.09,77.43,75510,91860,124490,141620,161050,,
99,U.S.,1,US,524000,Insurance Carriers and Related Activities,3-digit,5,00-0000,All Occupations,total,2617090,0,,,100,100,43.79,91090,0.3,19.37,23.92,36.25,50.84,78.52,40290,49750,75400,105750,163320,,
99,U.S.,1,US,524000,Insurance Carriers and Related Activities,3-digit,5,27-2012,Producers and Directors,detailed,120,15.3,,,0,~,49.95,103890,2.5,38.05,42.46,47.79,58.18,65.32,79140,88310,99400,121010,135870,,
99,U.S.,1,US,524100,Insurance Carriers,4-digit,5,00-0000,All Occupations,total,1215820,0,,,100,100,47.05,97870,0.3,22.25,28.35,38.83,59.2,80.15,46290,58960,80760,123130,166720,,
99,U.S.,1,US,524100,Insurance Carriers,4-digit,5,27-2012,Producers and Directors,detailed,90,8.8,,,0.01,~,49.27,102480,2.1,38.05,42.45,47.71,55.29,59.75,79140,88300,99250,114990,124280,,
99,U.S.,1,US,524114,Direct Health and Medical Insurance Carriers,6-digit,5,00-0000,All Occupations,total,451820,0.1,,,100,100,44.81,93210,0.4,21.96,26.33,38.29,52.31,77.43,45680,54760,79630,108790,161050,,
99,U.S.,1,US,524120,"Direct Insurance (except Life, Health, and Medical) Carriers",5-digit,5,00-0000,All Occupations,total,531400,0,,,100,100,46.9,97550,0.5,22.69,28.85,38.5,58.26,79.86,47190,60020,80080,121170,166100,,
99,U.S.,1,US,524120,"Direct Insurance (except Life, Health, and Medical) Carriers",5-digit,5,27-2012,Producers and Directors,detailed,60,14.4,,,0.01,~,49.96,103920,2.7,38.79,45.28,48.13,55.74,60.89,80690,94180,100100,115930,126640,,
99,U.S.,1,US,524200,"Agencies, Brokerages, and Other Insurance Related Activities",4-digit,5,00-0000,All Occupations,total,1401270,0,,,100,100,40.96,85200,0.6,18.12,22.69,30.87,47.9,75.82,37690,47200,64220,99640,157700,,
99,U.S.,1,US,524200,"Agencies, Brokerages, and Other Insurance Related Activities",4-digit,5,27-2012,Producers and Directors,detailed,**,**,,,**,**,51.82,107790,6.2,39.19,42.74,49.93,63.2,65.33,81510,88910,103860,131450,135880,,
99,U.S.,1,US,524210,Insurance Agencies and Brokerages,5-digit,5,00-0000,All Occupations,total,1004520,0,,,100,100,40.67,84590,0.8,17.82,22.5,30.33,47.45,76.22,37060,46790,63080,98700,158530,,
99,U.S.,1,US,524290,Other Insurance Related Activities,5-digit,5,00-0000,All Occupations,total,396750,0,,,100,100,41.71,86750,0.6,19.14,23.13,34.63,49.07,74.67,39810,48100,72030,102060,155320,,
99,U.S.,1,US,525000,"Funds, Trusts, and Other Financial Vehicles",3-digit,5,00-0000,All Occupations,total,33650,0.1,,,100,100,56.47,117460,1.4,21.76,28.71,43.29,68.45,102.79,45260,59720,90050,142370,213800,,
99,U.S.,1,US,525100,Insurance and Employee Benefit Funds,4-digit,5,00-0000,All Occupations,total,13690,0.1,,,100,100,47.14,98050,1.6,21.97,28.37,38.52,55.09,80.92,45690,59010,80130,114590,168300,,
99,U.S.,1,US,525900,Other Investment Pools and Funds,4-digit,5,00-0000,All Occupations,total,19960,0.1,,,100,100,62.88,130780,1.9,21.59,29.32,48.04,79.44,120.19,44900,60990,99930,165230,249990,,
99,U.S.,1,US,53,Real Estate and Rental and Leasing,sector,5,00-0000,All Occupations,total,2427950,0,,,100,100,31.89,66320,0.5,16.58,19.22,24.78,35.96,53.13,34490,39990,51540,74790,110500,,
99,U.S.,1,US,53,Real Estate and Rental and Leasing,sector,5,27-2012,Producers and Directors,detailed,440,26.1,,,0.02,~,55.77,116000,8.8,33.56,42.52,47.79,59.53,99.47,69810,88450,99410,123820,206890,,
99,U.S.,1,US,531000,Real Estate,3-digit,5,00-0000,All Occupations,total,1837320,0,,,100,100,32.87,68380,0.6,16.83,19.93,25.89,36.85,57,35000,41440,53850,76640,118560,,
99,U.S.,1,US,531000,Real Estate,4-digit,5,00-0000,All Occupations,total,1837320,0,,,100,100,32.87,68380,0.6,16.83,19.93,25.89,36.85,57,35000,41440,53850,76640,118560,,
99,U.S.,1,US,532000,Rental and Leasing Services,3-digit,5,00-0000,All Occupations,total,569390,0,,,100,100,27.99,58220,0.6,15.78,18.19,22.91,30.97,44.74,32820,37840,47640,64420,93060,,
99,U.S.,1,US,532000,Rental and Leasing Services,3-digit,5,27-2012,Producers and Directors,detailed,370,26,,,0.06,~,50.65,105340,6,33.56,42.52,47.55,58.31,63.98,69810,88450,98900,121290,133080,,
99,U.S.,1,US,5320A1,"Rental and Leasing Services (5322, 5323, and 5324 only)",4-digit,5,00-0000,All Occupations,total,358680,0,,,100,100,30.02,62430,0.9,16.72,19.11,24.3,34.41,48.2,34770,39760,50540,71570,100260,,
99,U.S.,1,US,5320A1,"Rental and Leasing Services (5322, 5323, and 5324 only)",4-digit,5,27-2012,Producers and Directors,detailed,370,26,,,0.1,1,50.65,105340,6,33.56,42.52,47.55,58.31,63.98,69810,88450,98900,121290,133080,,
99,U.S.,1,US,532100,Automotive Equipment Rental and Leasing,4-digit,5,00-0000,All Occupations,total,210710,0,,,100,100,24.54,51040,0.7,14.68,17.26,21.17,28.14,37.23,30530,35890,44030,58540,77440,,
99,U.S.,1,US,533000,Lessors of Nonfinancial Intangible Assets (except Copyrighted Works),3-digit,5,00-0000,All Occupations,total,21250,0.1,,,100,100,50.84,105740,2,20.77,28.42,39.84,61.88,93.05,43190,59110,82860,128710,193540,,
99,U.S.,1,US,533000,Lessors of Nonfinancial Intangible Assets (except Copyrighted Works),3-digit,5,27-2012,Producers and Directors,detailed,60,43.3,,,0.26,2,*,*,*,*,*,*,*,*,*,*,*,*,*,,
99,U.S.,1,US,533100,Lessors of Nonfinancial Intangible Assets (except Copyrighted Works),4-digit,5,00-0000,All Occupations,total,21250,0.1,,,100,100,50.84,105740,2,20.77,28.42,39.84,61.88,93.05,43190,59110,82860,128710,193540,,
99,U.S.,1,US,533100,Lessors of Nonfinancial Intangible Assets (except Copyrighted Works),4-digit,5,27-2012,Producers and Directors,detailed,60,43.3,,,0.26,2,*,*,*,*,*,*,*,*,*,*,*,*,*,,
99,U.S.,1,US,54,"Professional, Scientific, and Technical Services",sector,5,00-0000,All Occupations,total,10800470,0,,,100,100,52.23,108640,0.3,19.83,27.97,42.08,65,96.95,41250,58180,87530,135200,201650,,
99,U.S.,1,US,54,"Professional, Scientific, and Technical Services",sector,5,27-2011,Actors,detailed,5530,31.8,,,0.05,~,57.05,*,10.8,17.67,23.15,29.92,97.87,125.35,*,*,*,*,*,,TRUE
99,U.S.,1,US,54,"Professional, Scientific, and Technical Services",sector,5,27-2012,Producers and Directors,detailed,17990,10.9,,,0.17,1,58.11,120860,4.1,29.09,38.91,52.12,73.74,84.74,60510,80930,108400,153380,176250,,
99,U.S.,1,US,54,"Professional, Scientific, and Technical Services",sector,5,27-2041,Music Directors and Composers,detailed,**,**,,,**,**,50.09,104180,16.3,25.91,34.81,48.24,68.26,75.22,53880,72400,100330,141980,156460,,
99,U.S.,1,US,54,"Professional, Scientific, and Technical Services",sector,5,27-2042,Musicians and Singers,detailed,50,49.9,,,0,~,*,*,*,*,*,*,*,*,*,*,*,*,*,,TRUE
99,U.S.,1,US,541000,"Professional, Scientific, and Technical Services",3-digit,5,00-0000,All Occupations,total,10800470,0,,,100,100,52.23,108640,0.3,19.83,27.97,42.08,65,96.95,41250,58180,87530,135200,201650,,
99,U.S.,1,US,541000,"Professional, Scientific, and Technical Services",3-digit,5,27-2011,Actors,detailed,5530,31.8,,,0.05,~,57.05,*,10.8,17.67,23.15,29.92,97.87,125.35,*,*,*,*,*,,TRUE
99,U.S.,1,US,541000,"Professional, Scientific, and Technical Services",3-digit,5,27-2012,Producers and Directors,detailed,17990,10.9,,,0.17,1,58.11,120860,4.1,29.09,38.91,52.12,73.74,84.74,60510,80930,108400,153380,176250,,
99,U.S.,1,US,541000,"Professional, Scientific, and Technical Services",3-digit,5,27-2041,Music Directors and Composers,detailed,**,**,,,**,**,50.09,104180,16.3,25.91,34.81,48.24,68.26,75.22,53880,72400,100330,141980,156460,,
99,U.S.,1,US,541000,"Professional, Scientific, and Technical Services",3-digit,5,27-2042,Musicians and Singers,detailed,50,49.9,,,0,~,*,*,*,*,*,*,*,*,*,*,*,*,*,,TRUE
99,U.S.,1,US,541100,Legal Services,4-digit,5,00-0000,All Occupations,total,1224710,0,,,100,100,55.74,115940,1.7,19.79,25.21,37.6,63.58,108.6,41150,52430,78200,132240,225900,,
99,U.S.,1,US,541100,Legal Services,4-digit,5,27-2012,Producers and Directors,detailed,30,29.7,,,0,~,78.49,163250,4.8,38.74,43.73,61.01,79.58,179.75,80590,90950,126900,165530,373870,,
99,U.S.,1,US,541200,"Accounting, Tax Preparation, Bookkeeping, and Payroll Services",4-digit,5,00-0000,All Occupations,total,1091370,0,,,100,100,44.82,93230,0.5,18.47,24,36.77,53.23,81.14,38410,49920,76470,110730,168780,,
99,U.S.,1,US,541200,"Accounting, Tax Preparation, Bookkeeping, and Payroll Services",4-digit,5,27-2011,Actors,detailed,5360,33.3,,,0.49,~,57.09,*,11.1,17.8,23.18,29.92,97.86,125.35,*,*,*,*,*,,TRUE
99,U.S.,1,US,541200,"Accounting, Tax Preparation, Bookkeeping, and Payroll Services",4-digit,5,27-2012,Producers and Directors,detailed,3700,46.8,,,0.34,~,62.23,129440,7.1,35.62,40.53,64.02,76.95,81.57,74080,84300,133150,160060,169670,,
99,U.S.,1,US,541300,"Architectural, Engineering, and Related Services",4-digit,5,00-0000,All Occupations,total,1719390,0,,,100,100,49.11,102150,0.3,22.91,30.42,42.66,61.74,81.76,47640,63280,88740,128430,170050,,
99,U.S.,1,US,541300,"Architectural, Engineering, and Related Services",4-digit,5,27-2012,Producers and Directors,detailed,90,21.6,,,0.01,~,61.57,128060,5.8,23.68,36.82,51.87,82.79,118.62,49260,76580,107880,172210,246730,,
99,U.S.,1,US,541330,Engineering Services,5-digit,5,00-0000,All Occupations,total,1202060,0,,,100,100,52.6,109400,0.4,25.15,34.8,47.16,64.15,84.83,52310,72380,98090,133440,176450,,
99,U.S.,1,US,541330,Engineering Services,5-digit,5,27-2012,Producers and Directors,detailed,30,26.9,,,0,~,85.97,178820,7.6,40.39,60.56,72.23,118.62,118.62,84010,125970,150230,246730,246730,,
99,U.S.,1,US,541380,Testing Laboratories and Services,5-digit,5,00-0000,All Occupations,total,172160,0,,,100,100,38.32,79710,0.8,18.84,23.01,30.71,47.69,63.83,39180,47860,63880,99200,132770,,
99,U.S.,1,US,541400,Specialized Design Services,4-digit,5,00-0000,All Occupations,total,151930,0.1,,,100,100,39.73,82650,1.9,18.07,23.84,32.96,48.07,66.31,37590,49580,68560,99990,137920,,
99,U.S.,1,US,541400,Specialized Design Services,4-digit,5,27-2012,Producers and Directors,detailed,580,20,,,0.38,1,57.91,120450,8.1,31.82,37.99,51.11,74.42,88.17,66190,79030,106310,154800,183390,,
99,U.S.,1,US,541500,Computer Systems Design and Related Services,4-digit,5,00-0000,All Occupations,total,2445140,0,,,100,100,59.93,124640,0.5,24.17,36.28,52.88,78.53,101.52,50280,75460,109990,163340,211160,,
99,U.S.,1,US,541500,Computer Systems Design and Related Services,4-digit,5,27-2012,Producers and Directors,detailed,1640,20.5,,,0.07,~,57.19,118960,9.3,23.6,35.14,51.39,74.01,86.53,49080,73100,106890,153930,179990,,
99,U.S.,1,US,541600,"Management, Scientific, and Technical Consulting Services",4-digit,5,00-0000,All Occupations,total,1872730,0,,,100,100,50.68,105410,0.6,19.11,26.44,39.74,63.48,95.04,39740,54990,82660,132030,197690,,
99,U.S.,1,US,541600,"Management, Scientific, and Technical Consulting Services",4-digit,5,27-2012,Producers and Directors,detailed,2330,13,,,0.12,~,46.99,97730,6.1,24.45,30.66,41.96,61.2,77.49,50860,63780,87270,127300,161180,,
99,U.S.,1,US,541700,Scientific Research and Development Services,4-digit,5,00-0000,All Occupations,total,931790,0,,,100,100,65.86,136980,0.5,27.2,38.21,59.83,82.47,109.31,56580,79470,124450,171540,227360,,
99,U.S.,1,US,541700,Scientific Research and Development Services,4-digit,5,27-2012,Producers and Directors,detailed,270,7.3,,,0.03,~,54.93,114260,2.3,34.21,41.02,51.57,64.29,77.27,71160,85330,107270,133730,160730,,
99,U.S.,1,US,541710,"Research and Development in the Physical, Engineering, and Life Sciences",5-digit,5,00-0000,All Occupations,total,868520,0,,,100,100,67.18,139740,0.5,28.38,39.02,61.18,83.34,110.94,59030,81170,127250,173350,230760,,
99,U.S.,1,US,541710,"Research and Development in the Physical, Engineering, and Life Sciences",5-digit,5,27-2012,Producers and Directors,detailed,190,6.6,,,0.02,~,57.4,119400,1.6,36.73,43.91,51.57,65.27,77.27,76400,91340,107270,135750,160730,,
99,U.S.,1,US,541720,Research and Development in the Social Sciences and Humanities,5-digit,5,00-0000,All Occupations,total,63270,0.1,,,100,100,47.64,99080,1.3,20.41,26.31,38.95,60.39,83.8,42450,54720,81010,125610,174290,,
99,U.S.,1,US,541720,Research and Development in the Social Sciences and Humanities,5-digit,5,27-2012,Producers and Directors,detailed,80,20,,,0.13,1,49.26,102450,5.7,33.13,38.42,44.23,55.47,70.12,68900,79910,91990,115380,145840,,
99,U.S.,1,US,541800,"Advertising, Public Relations, and Related Services",4-digit,5,00-0000,All Occupations,total,481600,0,,,100,100,44.67,92910,0.9,17.17,22.75,35.49,54.95,82.85,35710,47330,73830,114300,172330,,
99,U.S.,1,US,541800,"Advertising, Public Relations, and Related Services",4-digit,5,27-2012,Producers and Directors,detailed,8240,7.2,,,1.71,7,59.73,124240,4.3,29.4,39.1,52.22,76.47,89.75,61150,81330,108610,159070,186690,,
99,U.S.,1,US,541800,"Advertising, Public Relations, and Related Services",4-digit,5,27-2041,Music Directors and Composers,detailed,**,**,,,**,**,48.11,100070,24.8,25.86,29.41,34.81,69.63,70.72,53780,61160,72400,144830,147100,,
99,U.S.,1,US,541900,"Other Professional, Scientific, and Technical Services",4-digit,5,00-0000,All Occupations,total,881820,0,,,100,100,36.47,75850,1.5,15.84,18.3,24.04,43.91,74.31,32940,38060,50000,91340,154570,,
99,U.S.,1,US,541900,"Other Professional, Scientific, and Technical Services",4-digit,5,27-2011,Actors,detailed,**,**,,,**,**,20.51,*,13,16.59,17.02,18.85,21.72,28.97,*,*,*,*,*,,TRUE
99,U.S.,1,US,541900,"Other Professional, Scientific, and Technical Services",4-digit,5,27-2012,Producers and Directors,detailed,1100,32.4,,,0.13,1,57,118550,11.9,33.95,39.42,50.17,60.79,95.98,70620,81990,104360,126440,199640,,
99,U.S.,1,US,541920,Photographic Services,5-digit,5,00-0000,All Occupations,total,50990,0,,,100,100,25.89,53860,2,14.42,16.98,20.78,28.32,42.25,29990,35320,43230,58900,87870,,
99,U.S.,1,US,541920,Photographic Services,5-digit,5,27-2012,Producers and Directors,detailed,500,43.6,,,0.98,3,47.79,99400,19.3,27.37,35.78,39.42,51.9,70.95,56920,74410,81990,107960,147580,,
99,U.S.,1,US,541940,Veterinary Services,5-digit,5,00-0000,All Occupations,total,471540,0,,,100,100,29.28,60890,0.5,14.81,17.65,21.7,28.66,60.2,30810,36720,45130,59610,125210,,
99,U.S.,1,US,55,Management of Companies and Enterprises,sector,5,00-0000,All Occupations,total,2828130,0,,,100,100,55.57,115590,0.4,22.16,29.53,46.45,66.61,99.17,46090,61420,96620,138550,206270,,
99,U.S.,1,US,55,Management of Companies and Enterprises,sector,5,27-2012,Producers and Directors,detailed,2350,3,,,0.08,1,115.77,240800,1.8,36.17,47.37,65.14,109.38,346.5,75230,98540,135490,227510,720710,,
99,U.S.,1,US,551000,Management of Companies and Enterprises,3-digit,5,00-0000,All Occupations,total,2828130,0,,,100,100,55.57,115590,0.4,22.16,29.53,46.45,66.61,99.17,46090,61420,96620,138550,206270,,
99,U.S.,1,US,551000,Management of Companies and Enterprises,3-digit,5,27-2012,Producers and Directors,detailed,2350,3,,,0.08,1,115.77,240800,1.8,36.17,47.37,65.14,109.38,346.5,75230,98540,135490,227510,720710,,
99,U.S.,1,US,551100,Management of Companies and Enterprises,4-digit,5,00-0000,All Occupations,total,2828130,0,,,100,100,55.57,115590,0.4,22.16,29.53,46.45,66.61,99.17,46090,61420,96620,138550,206270,,
99,U.S.,1,US,551100,Management of Companies and Enterprises,4-digit,5,27-2012,Producers and Directors,detailed,2350,3,,,0.08,1,115.77,240800,1.8,36.17,47.37,65.14,109.38,346.5,75230,98540,135490,227510,720710,,
99,U.S.,1,US,56,Administrative and Support and Waste Management and Remediation Services,sector,5,00-0000,All Occupations,total,9114350,0,,,100,100,27.08,56320,0.2,14.88,17.3,21.21,29.05,46.29,30960,35990,44110,60430,96290,,
99,U.S.,1,US,56,Administrative and Support and Waste Management and Remediation Services,sector,5,27-2012,Producers and Directors,detailed,3880,9.8,,,0.04,~,63.59,132270,5.1,27.71,38.46,51.72,80.05,116.14,57630,79990,107590,166500,241580,,
99,U.S.,1,US,56,Administrative and Support and Waste Management and Remediation Services,sector,5,27-2031,Dancers,detailed,70,40,,,0,~,*,*,*,*,*,*,*,*,*,*,*,*,*,,TRUE
99,U.S.,1,US,56,Administrative and Support and Waste Management and Remediation Services,sector,5,27-2042,Musicians and Singers,detailed,40,10.3,,,0,~,45.45,*,3.2,29.38,29.75,39.09,61.22,62.18,*,*,*,*,*,,TRUE
99,U.S.,1,US,561000,Administrative and Support Services,3-digit,5,00-0000,All Occupations,total,8599170,0,,,100,100,26.89,55920,0.2,14.8,17.22,20.88,28.69,46.28,30770,35820,43420,59670,96260,,
99,U.S.,1,US,561000,Administrative and Support Services,3-digit,5,27-2012,Producers and Directors,detailed,3880,9.8,,,0.05,~,63.59,132270,5.1,27.71,38.46,51.72,80.05,116.14,57630,79990,107590,166500,241580,,
99,U.S.,1,US,561000,Administrative and Support Services,3-digit,5,27-2031,Dancers,detailed,70,40,,,0,~,*,*,*,*,*,*,*,*,*,*,*,*,*,,TRUE
99,U.S.,1,US,561000,Administrative and Support Services,3-digit,5,27-2042,Musicians and Singers,detailed,40,10.3,,,0,~,45.45,*,3.2,29.38,29.75,39.09,61.22,62.18,*,*,*,*,*,,TRUE
99,U.S.,1,US,561100,Office Administrative Services,4-digit,5,00-0000,All Occupations,total,553120,0,,,100,100,44.36,92260,1.2,18.37,23.09,33.71,52.35,81.12,38200,48030,70110,108890,168730,,
99,U.S.,1,US,561200,Facilities Support Services,4-digit,5,00-0000,All Occupations,total,200420,0,,,100,100,27.95,58130,1,15.21,17.91,22.36,31.97,46.59,31650,37260,46510,66500,96910,,
99,U.S.,1,US,561300,Employment Services,4-digit,5,00-0000,All Occupations,total,3301980,0,,,100,100,28.1,58460,0.4,14.91,17.02,20.22,29.77,51.26,31010,35410,42060,61920,106630,,
99,U.S.,1,US,561300,Employment Services,4-digit,5,27-2012,Producers and Directors,detailed,3130,11.1,,,0.09,1,67.14,139640,6.2,27.71,38.84,59.47,83.5,116.14,57630,80780,123690,173680,241580,,
99,U.S.,1,US,561300,Employment Services,4-digit,5,27-2042,Musicians and Singers,detailed,40,8.5,,,0,~,46.59,*,2.2,29.38,29.75,49.96,61.27,70,*,*,*,*,*,,TRUE
99,U.S.,1,US,561320,Temporary Help Services,5-digit,5,00-0000,All Occupations,total,2593250,0,,,100,100,26.11,54310,0.4,14.76,16.87,19.05,27.61,47.17,30690,35090,39620,57430,98100,,
99,U.S.,1,US,561320,Temporary Help Services,5-digit,5,27-2011,Actors,detailed,180,6.3,,,0.01,~,56.24,*,6.7,24.4,29.08,37.38,64.27,137.49,*,*,*,*,*,,TRUE
99,U.S.,1,US,561320,Temporary Help Services,5-digit,5,27-2012,Producers and Directors,detailed,2000,12.6,,,0.08,1,73.09,152030,6.8,34.41,47.17,63.71,87.86,116.14,71580,98100,132510,182740,241580,,
99,U.S.,1,US,561400,Business Support Services,4-digit,5,00-0000,All Occupations,total,652900,0,,,100,100,26.43,54980,0.7,14.45,16.95,19.98,27.81,45.81,30050,35260,41550,57850,95290,,
99,U.S.,1,US,561400,Business Support Services,4-digit,5,27-2012,Producers and Directors,detailed,30,45.6,,,0,~,33.55,69770,23.2,19.31,19.31,21.19,40.64,79.16,40160,40170,44080,84540,164650,,
99,U.S.,1,US,561500,Travel Arrangement and Reservation Services,4-digit,5,00-0000,All Occupations,total,190670,0,,,100,100,35.42,73680,1.5,17.2,21.45,27.8,39.79,64.74,35780,44620,57820,82760,134660,,
99,U.S.,1,US,561500,Travel Arrangement and Reservation Services,4-digit,5,27-2012,Producers and Directors,detailed,90,33.2,,,0.04,~,46.24,96190,11.4,24.17,30.9,39.79,49.51,81.97,50270,64280,82750,102980,170490,,
99,U.S.,1,US,561500,Travel Arrangement and Reservation Services,4-digit,5,27-2031,Dancers,detailed,60,44.3,,,0.03,~,*,*,*,*,*,*,*,*,*,*,*,*,*,,TRUE
99,U.S.,1,US,561600,Investigation and Security Services,4-digit,5,00-0000,All Occupations,total,1061550,0,,,100,100,22.95,47740,0.4,14.83,17.24,19.31,23.87,35.42,30840,35850,40150,49660,73680,,
99,U.S.,1,US,561610,"Investigation, Guard, and Armored Car Services",5-digit,5,00-0000,All Occupations,total,900980,0,,,100,100,21.22,44130,0.5,14.58,17.07,18.26,22.23,29.99,30330,35510,37980,46250,62380,,
99,U.S.,1,US,561620,Security Systems Services,5-digit,5,00-0000,All Occupations,total,160570,0.1,,,100,100,32.71,68040,0.6,17.87,22.41,29.03,37.62,49.61,37180,46610,60380,78250,103180,,
99,U.S.,1,US,561700,Services to Buildings and Dwellings,4-digit,5,00-0000,All Occupations,total,2310020,0,,,100,100,21.96,45680,0.4,14.35,17.02,18.81,23.26,30.7,29840,35410,39130,48390,63850,,
99,U.S.,1,US,561710,Exterminating and Pest Control Services,5-digit,5,00-0000,All Occupations,total,154470,0.1,,,100,100,24.63,51220,0.6,16.5,18.07,22,28.06,36.03,34320,37580,45750,58370,74940,,
99,U.S.,1,US,561730,Landscaping Services,5-digit,5,00-0000,All Occupations,total,953760,0,,,100,100,24.18,50290,0.5,16.96,18.13,21.91,26.78,35.03,35270,37710,45570,55700,72860,,
99,U.S.,1,US,561900,Other Support Services,4-digit,5,00-0000,All Occupations,total,328520,0,,,100,100,27.85,57930,0.6,15.19,17.55,22.17,30.92,46.69,31600,36500,46120,64310,97120,,
99,U.S.,1,US,561900,Other Support Services,4-digit,5,27-2012,Producers and Directors,detailed,580,18.6,,,0.18,1,50.19,104400,6.8,28.85,36.32,44.76,59.04,77.69,60000,75550,93090,122790,161590,,
99,U.S.,1,US,562000,Waste Management and Remediation Services,3-digit,5,00-0000,All Occupations,total,515180,0,,,100,100,30.27,62950,0.3,17.78,21.81,27.01,34.18,46.46,36990,45370,56180,71100,96630,,
99,U.S.,1,US,562100,Waste Collection,4-digit,5,00-0000,All Occupations,total,222030,0,,,100,100,27.71,57640,0.4,17.26,21.15,25.02,30.65,38.43,35890,43990,52040,63740,79940,,
99,U.S.,1,US,562200,Waste Treatment and Disposal,4-digit,5,00-0000,All Occupations,total,106070,0,,,100,100,33.51,69700,0.8,19.41,23.19,29.15,38.3,50.9,40370,48220,60630,79670,105860,,
99,U.S.,1,US,562900,Remediation and Other Waste Management Services,4-digit,5,00-0000,All Occupations,total,187080,0,,,100,100,31.45,65420,0.6,17.85,21.55,26.62,35.84,50.11,37120,44830,55370,74550,104220,,
99,U.S.,1,US,61,Educational Services,sector,235,00-0000,All Occupations,total,13852050,0,,,100,100,33.58,69850,0.2,16.33,21.45,29.28,39.08,55.03,33960,44620,60890,81290,114450,,
99,U.S.,1,US,61,Educational Services,sector,235,27-2011,Actors,detailed,2010,8.6,,,0.01,~,28.52,*,2.7,17.9,19.22,22.34,28.47,54.66,*,*,*,*,*,,TRUE
99,U.S.,1,US,61,Educational Services,sector,235,27-2012,Producers and Directors,detailed,6300,2.5,,,0.05,1,37.47,77940,2.3,22.92,28.26,34.11,41.97,53.29,47670,58780,70950,87290,110840,,
99,U.S.,1,US,61,Educational Services,sector,235,27-2031,Dancers,detailed,630,29,,,0,~,27.38,*,7.9,17,20,27,33.48,38.94,*,*,*,*,*,,TRUE
99,U.S.,1,US,61,Educational Services,sector,235,27-2041,Music Directors and Composers,detailed,2110,11.2,,,0.02,1,36.44,75800,3.5,20.37,24.83,30.28,39.96,62.09,42370,51650,62970,83120,129150,,
99,U.S.,1,US,61,Educational Services,sector,235,27-2042,Musicians and Singers,detailed,4450,5,,,0.03,1,36.68,*,3.4,18.21,23.42,30.88,42.29,61.67,*,*,*,*,*,,TRUE
99,U.S.,1,US,611000,Educational Services,3-digit,235,00-0000,All Occupations,total,13852050,0,,,100,100,33.58,69850,0.2,16.33,21.45,29.28,39.08,55.03,33960,44620,60890,81290,114450,,
99,U.S.,1,US,611000,Educational Services,3-digit,235,27-2011,Actors,detailed,2010,8.6,,,0.01,~,28.52,*,2.7,17.9,19.22,22.34,28.47,54.66,*,*,*,*,*,,TRUE
99,U.S.,1,US,611000,Educational Services,3-digit,235,27-2012,Producers and Directors,detailed,6300,2.5,,,0.05,1,37.47,77940,2.3,22.92,28.26,34.11,41.97,53.29,47670,58780,70950,87290,110840,,
99,U.S.,1,US,611000,Educational Services,3-digit,235,27-2031,Dancers,detailed,630,29,,,0,~,27.38,*,7.9,17,20,27,33.48,38.94,*,*,*,*,*,,TRUE
99,U.S.,1,US,611000,Educational Services,3-digit,235,27-2041,Music Directors and Composers,detailed,2110,11.2,,,0.02,1,36.44,75800,3.5,20.37,24.83,30.28,39.96,62.09,42370,51650,62970,83120,129150,,
99,U.S.,1,US,611000,Educational Services,3-digit,235,27-2042,Musicians and Singers,detailed,4450,5,,,0.03,1,36.68,*,3.4,18.21,23.42,30.88,42.29,61.67,*,*,*,*,*,,TRUE
99,U.S.,1,US,611000,Educational Services,"3-digit, ownership",2,00-0000,All Occupations,total,2098490,0,,,100,100,38.78,80660,0.2,17.32,23.27,31.4,46.92,64.65,36020,48390,65310,97590,134480,,
99,U.S.,1,US,611000,Educational Services,"3-digit, ownership",2,27-2011,Actors,detailed,400,8.6,,,0.02,~,27.53,*,1.5,18.69,23.71,24.57,31.79,32.07,*,*,*,*,*,,TRUE
99,U.S.,1,US,611000,Educational Services,"3-digit, ownership",2,27-2012,Producers and Directors,detailed,2200,0.3,,,0.1,5,33.39,69450,1.3,22.92,25.25,30.99,39.01,47.77,47670,52510,64460,81130,99360,,
99,U.S.,1,US,611000,Educational Services,"3-digit, ownership",2,27-2041,Music Directors and Composers,detailed,130,3.9,,,0.01,1,35.57,73980,1.6,16.6,27.01,35.65,40.14,52.34,34520,56190,74160,83500,108860,,
99,U.S.,1,US,611000,Educational Services,"3-digit, ownership",2,27-2042,Musicians and Singers,detailed,680,0.9,,,0.03,2,32.14,*,1.5,17.7,22.42,30.47,39.12,49.08,*,*,*,*,*,,TRUE
99,U.S.,1,US,611000,Educational Services,"3-digit, ownership",3,00-0000,All Occupations,total,8408680,0,,,100,100,31.6,65740,0.2,15.73,21.03,29.02,38.15,50.3,32710,43750,60360,79350,104630,,
99,U.S.,1,US,611000,Educational Services,"3-digit, ownership",3,27-2011,Actors,detailed,100,13,,,0,~,23.58,*,1.8,19.68,19.68,23.52,25.44,30.3,*,*,*,*,*,,TRUE
99,U.S.,1,US,611000,Educational Services,"3-digit, ownership",3,27-2012,Producers and Directors,detailed,750,8.4,,,0.01,1,37.91,78850,2.4,24.84,29.71,36.24,44.5,55.47,51670,61790,75380,92560,115370,,
99,U.S.,1,US,611000,Educational Services,"3-digit, ownership",3,27-2041,Music Directors and Composers,detailed,350,13.9,,,0,~,32.55,67710,3,24.19,25.43,28.27,36.47,45.22,50310,52900,58800,75870,94060,,
99,U.S.,1,US,611000,Educational Services,"3-digit, ownership",3,27-2042,Musicians and Singers,detailed,1080,4.3,,,0.01,1,28.65,*,2.8,16.81,19.57,25,33.66,41.62,*,*,*,*,*,,TRUE
99,U.S.,1,US,611000,Educational Services,"3-digit, ownership",5,00-0000,All Occupations,total,3344880,0,,,100,100,35.29,73400,0.2,16.5,21.03,28.99,39.8,60.88,34320,43730,60290,82780,126620,,
99,U.S.,1,US,611000,Educational Services,"3-digit, ownership",5,27-2011,Actors,detailed,1510,11.2,,,0.05,~,29.12,*,3.6,17.9,19.13,22.15,25,62.26,*,*,*,*,*,,TRUE
99,U.S.,1,US,611000,Educational Services,"3-digit, ownership",5,27-2012,Producers and Directors,detailed,3350,4.3,,,0.1,1,40.06,83310,3.4,22.72,29.42,36.18,46.13,58.4,47250,61200,75250,95960,121480,,
99,U.S.,1,US,611000,Educational Services,"3-digit, ownership",5,27-2031,Dancers,detailed,610,29.2,,,0.02,~,27.32,*,8,17,20,27,33.46,38.94,*,*,*,*,*,,TRUE
99,U.S.,1,US,611000,Educational Services,"3-digit, ownership",5,27-2041,Music Directors and Composers,detailed,1620,14.2,,,0.05,1,37.36,77720,4.3,19.9,24.47,30.72,41.86,64.84,41400,50890,63900,87060,134870,,
99,U.S.,1,US,611000,Educational Services,"3-digit, ownership",5,27-2042,Musicians and Singers,detailed,2690,7.9,,,0.08,1,41.06,*,4.4,21.15,25.86,35.44,48.53,64.88,*,*,*,*,*,,TRUE
99,U.S.,1,US,611100,Elementary and Secondary Schools,4-digit,235,00-0000,All Occupations,total,8919090,0,,,100,100,30.91,64300,0.2,15.66,20.6,28.73,37.72,49.48,32570,42840,59760,78460,102920,,
99,U.S.,1,US,611100,Elementary and Secondary Schools,4-digit,235,27-2011,Actors,detailed,80,17.6,,,0,~,22.66,*,2.4,18.64,19.68,19.68,23.92,30.3,*,*,*,*,*,,TRUE
99,U.S.,1,US,611100,Elementary and Secondary Schools,4-digit,235,27-2012,Producers and Directors,detailed,610,11.2,,,0.01,1,35.68,74220,3,22.42,29.29,33.35,40.83,51.17,46640,60920,69380,84930,106430,,
99,U.S.,1,US,611100,Elementary and Secondary Schools,4-digit,235,27-2041,Music Directors and Composers,detailed,790,13.7,,,0.01,1,33.78,70270,3.3,20.97,24.83,29.7,38.06,51.98,43610,51650,61780,79160,108120,,
99,U.S.,1,US,611100,Elementary and Secondary Schools,4-digit,235,27-2042,Musicians and Singers,detailed,1390,10,,,0.02,1,39.16,*,8.8,17.08,20.18,27.27,47.78,80.23,*,*,*,*,*,,TRUE
99,U.S.,1,US,611100,Elementary and Secondary Schools,"4-digit, ownership",2,00-0000,All Occupations,total,67050,0,,,100,100,33.54,69760,0.4,17.58,22.56,29.03,40.62,52.59,36570,46920,60380,84490,109380,,
99,U.S.,1,US,611100,Elementary and Secondary Schools,"4-digit, ownership",3,00-0000,All Occupations,total,7841180,0,,,100,100,31.05,64580,0.2,15.52,20.74,28.9,37.88,49.69,32270,43140,60120,78800,103360,,
99,U.S.,1,US,611100,Elementary and Secondary Schools,"4-digit, ownership",3,27-2011,Actors,detailed,80,17.6,,,0,~,22.66,*,2.4,18.64,19.68,19.68,23.92,30.3,*,*,*,*,*,,TRUE
99,U.S.,1,US,611100,Elementary and Secondary Schools,"4-digit, ownership",3,27-2012,Producers and Directors,detailed,350,16.1,,,0,~,36.38,75680,4.1,26.2,29.7,32.83,40.06,53.69,54500,61780,68290,83320,111670,,
99,U.S.,1,US,611100,Elementary and Secondary Schools,"4-digit, ownership",3,27-2041,Music Directors and Composers,detailed,270,18.5,,,0,~,31.22,64950,3.4,24.48,25.43,27.96,32.4,42.23,50920,52900,58150,67390,87830,,
99,U.S.,1,US,611100,Elementary and Secondary Schools,"4-digit, ownership",3,27-2042,Musicians and Singers,detailed,670,6.8,,,0.01,1,25.24,*,4.8,16.36,18.83,21.84,26.75,35.15,*,*,*,*,*,,TRUE
99,U.S.,1,US,611100,Elementary and Secondary Schools,"4-digit, ownership",5,00-0000,All Occupations,total,1010860,0,,,100,100,29.68,61730,0.5,16.3,19.44,26.76,36.02,47.44,33900,40430,55670,74930,98680,,
99,U.S.,1,US,611100,Elementary and Secondary Schools,"4-digit, ownership",5,27-2012,Producers and Directors,detailed,260,13.5,,,0.03,1,34.7,72170,3.8,21.58,27.39,33.86,40.83,50.48,44890,56970,70420,84930,104990,,
99,U.S.,1,US,611100,Elementary and Secondary Schools,"4-digit, ownership",5,27-2041,Music Directors and Composers,detailed,520,17.5,,,0.05,2,35.09,72980,4.3,19.18,24.77,30.75,39.48,55.72,39890,51510,63970,82120,115910,,
99,U.S.,1,US,611100,Elementary and Secondary Schools,"4-digit, ownership",5,27-2042,Musicians and Singers,detailed,720,18.6,,,0.07,3,52.07,*,11.3,19.27,27.27,44.91,63.79,103.45,*,*,*,*,*,,TRUE
99,U.S.,1,US,611200,Junior Colleges,4-digit,235,00-0000,All Occupations,total,656220,0,,,100,100,36.65,76230,0.2,16.85,22.81,30.94,44.22,62.92,35050,47430,64340,91980,130870,,
99,U.S.,1,US,611200,Junior Colleges,4-digit,235,27-2011,Actors,detailed,50,1.5,,,0.01,~,23.18,*,1.7,19.22,19.22,20.48,25.44,25.71,*,*,*,*,*,,TRUE
99,U.S.,1,US,611200,Junior Colleges,4-digit,235,27-2012,Producers and Directors,detailed,460,1.1,,,0.07,6,37.13,77240,1.4,22.35,28.91,35.39,45.02,54.13,46490,60130,73620,93630,112590,,
99,U.S.,1,US,611200,Junior Colleges,4-digit,235,27-2041,Music Directors and Composers,detailed,90,3.1,,,0.01,2,36.92,76790,2.2,24.66,27.08,32.57,39.44,49.99,51290,56330,67750,82030,103980,,
99,U.S.,1,US,611200,Junior Colleges,4-digit,235,27-2042,Musicians and Singers,detailed,380,0.5,,,0.06,4,34.8,*,1.4,18.34,23.15,33.66,38.22,55.38,*,*,*,*,*,,TRUE
99,U.S.,1,US,611200,Junior Colleges,"4-digit, ownership",2,00-0000,All Occupations,total,216770,0,,,100,100,31.52,65570,0.2,16.5,22.51,29.8,37.96,48.3,34320,46810,61980,78960,100460,,
99,U.S.,1,US,611200,Junior Colleges,"4-digit, ownership",2,27-2012,Producers and Directors,detailed,130,1.6,,,0.06,8,32.1,66760,2.1,21.98,25.28,30.51,37.31,45.63,45720,52590,63450,77600,94900,,
99,U.S.,1,US,611200,Junior Colleges,"4-digit, ownership",3,00-0000,All Occupations,total,419260,0,,,100,100,39.37,81890,0.2,16.96,22.96,32.36,48.66,68.16,35270,47760,67310,101220,141770,,
99,U.S.,1,US,611200,Junior Colleges,"4-digit, ownership",3,27-2012,Producers and Directors,detailed,320,2,,,0.08,9,39.19,81510,1.2,22.8,30.6,37.78,47.39,56.81,47410,63650,78580,98570,118160,,
99,U.S.,1,US,611200,Junior Colleges,"4-digit, ownership",3,27-2041,Music Directors and Composers,detailed,80,2.8,,,0.02,3,37.35,77690,2.8,24.66,27.08,33.65,39.5,50,51290,56330,69990,82150,104000,,
99,U.S.,1,US,611200,Junior Colleges,"4-digit, ownership",3,27-2042,Musicians and Singers,detailed,350,0.6,,,0.08,8,34.52,*,1.4,19.29,23.96,33.66,35.76,53.6,*,*,*,*,*,,TRUE
99,U.S.,1,US,611200,Junior Colleges,"4-digit, ownership",5,00-0000,All Occupations,total,20180,0,,,100,100,35.13,73060,1.3,17.68,23.17,29.82,40.08,58.4,36770,48200,62020,83370,121470,,
99,U.S.,1,US,611300,"Colleges, Universities, and Professional Schools",4-digit,235,00-0000,All Occupations,total,3216330,0,,,100,100,41.22,85740,0.2,17.67,23.64,32.53,48.69,69.6,36750,49170,67650,101270,144770,,
99,U.S.,1,US,611300,"Colleges, Universities, and Professional Schools",4-digit,235,27-2011,Actors,detailed,1560,5.9,,,0.05,1,29.59,*,1.3,18.4,20.49,23.71,30.55,62.07,*,*,*,*,*,,TRUE
99,U.S.,1,US,611300,"Colleges, Universities, and Professional Schools",4-digit,235,27-2012,Producers and Directors,detailed,4140,0.5,,,0.13,5,35.57,73990,1.1,23.08,27.48,32.52,40.31,50.57,48010,57150,67650,83850,105190,,
99,U.S.,1,US,611300,"Colleges, Universities, and Professional Schools",4-digit,235,27-2041,Music Directors and Composers,detailed,550,2,,,0.02,2,37.12,77200,1.7,17.12,23.72,32.84,42.7,61.03,35610,49340,68300,88820,126940,,
99,U.S.,1,US,611300,"Colleges, Universities, and Professional Schools",4-digit,235,27-2042,Musicians and Singers,detailed,1820,0.8,,,0.06,3,35.53,*,1.1,18.1,24.37,30.8,43.05,61.66,*,*,*,*,*,,TRUE
99,U.S.,1,US,611300,"Colleges, Universities, and Professional Schools","4-digit, ownership",2,00-0000,All Occupations,total,1801470,0,,,100,100,39.91,83020,0.1,17.41,23.44,31.73,48.28,66.5,36220,48760,65990,100420,138320,,
99,U.S.,1,US,611300,"Colleges, Universities, and Professional Schools","4-digit, ownership",2,27-2011,Actors,detailed,380,9.2,,,0.02,~,27.98,*,1.7,17.03,23.71,29.76,31.79,32.07,*,*,*,*,*,,TRUE
99,U.S.,1,US,611300,"Colleges, Universities, and Professional Schools","4-digit, ownership",2,27-2012,Producers and Directors,detailed,2060,0.3,,,0.11,5,33.45,69570,1.2,22.99,25.25,31.01,39.01,48.04,47830,52510,64510,81130,99920,,
99,U.S.,1,US,611300,"Colleges, Universities, and Professional Schools","4-digit, ownership",2,27-2041,Music Directors and Composers,detailed,120,4,,,0.01,1,35.24,73290,1.2,16.48,25.77,35.65,40.14,52.34,34290,53590,74160,83500,108860,,
99,U.S.,1,US,611300,"Colleges, Universities, and Professional Schools","4-digit, ownership",2,27-2042,Musicians and Singers,detailed,650,0.9,,,0.04,3,31.86,*,1.5,17.7,22.42,30.45,39.12,47.2,*,*,*,*,*,,TRUE
99,U.S.,1,US,611300,"Colleges, Universities, and Professional Schools","4-digit, ownership",3,00-0000,All Occupations,total,79490,0,,,100,100,45.05,93700,0.3,19.64,27.29,38.15,52.03,80.29,40840,56750,79350,108230,167010,,
99,U.S.,1,US,611300,"Colleges, Universities, and Professional Schools","4-digit, ownership",3,27-2012,Producers and Directors,detailed,60,2.9,,,0.07,3,42.27,87920,1.8,28.26,30.16,38.09,50.32,67.64,58780,62740,79220,104670,140690,,
99,U.S.,1,US,611300,"Colleges, Universities, and Professional Schools","4-digit, ownership",5,00-0000,All Occupations,total,1335370,0,,,100,100,42.77,88950,0.3,17.83,23.91,35.03,49.06,77.16,37080,49740,72860,102030,160490,,
99,U.S.,1,US,611300,"Colleges, Universities, and Professional Schools","4-digit, ownership",5,27-2011,Actors,detailed,1190,6.6,,,0.09,1,30.11,*,1.6,18.4,19.13,22.15,25,62.26,*,*,*,*,*,,TRUE
99,U.S.,1,US,611300,"Colleges, Universities, and Professional Schools","4-digit, ownership",5,27-2012,Producers and Directors,detailed,2030,1.1,,,0.15,5,37.54,78090,1,23.45,29.02,35.64,41.76,52.18,48780,60360,74140,86860,108540,,
99,U.S.,1,US,611300,"Colleges, Universities, and Professional Schools","4-digit, ownership",5,27-2041,Music Directors and Composers,detailed,420,1.7,,,0.03,2,37.84,78700,2.3,18.45,23.72,31.76,43.58,72.41,38380,49330,66070,90640,150620,,
99,U.S.,1,US,611300,"Colleges, Universities, and Professional Schools","4-digit, ownership",5,27-2042,Musicians and Singers,detailed,1150,1,,,0.09,3,37.52,*,0.9,19.03,25.09,31.89,46.83,61.74,*,*,*,*,*,,TRUE
99,U.S.,1,US,611400,Business Schools and Computer and Management Training,4-digit,235,00-0000,All Occupations,total,82160,0,,,100,100,41.73,86800,1.4,18.37,24.2,35.12,49.35,74.57,38210,50330,73040,102640,155110,,
99,U.S.,1,US,611400,Business Schools and Computer and Management Training,4-digit,235,27-2012,Producers and Directors,detailed,140,28.7,,,0.18,1,58.79,122280,11.5,31.02,35.27,46.74,83.45,103.45,64520,73360,97220,173570,215180,,
99,U.S.,1,US,611400,Business Schools and Computer and Management Training,"4-digit, ownership",5,00-0000,All Occupations,total,77710,0.1,,,100,100,42.17,87720,1.5,18.24,24.23,35.56,49.83,75.99,37940,50400,73970,103650,158070,,
99,U.S.,1,US,611400,Business Schools and Computer and Management Training,"4-digit, ownership",5,27-2012,Producers and Directors,detailed,140,28.9,,,0.18,1,59.6,123970,11.5,31.02,35.51,46.74,86.69,104.73,64520,73870,97220,180310,217840,,
99,U.S.,1,US,611500,Technical and Trade Schools,4-digit,235,00-0000,All Occupations,total,153950,0,,,100,100,35.02,72850,0.7,17.86,22.46,29.52,41.33,59.83,37150,46720,61400,85970,124450,,
99,U.S.,1,US,611500,Technical and Trade Schools,4-digit,235,27-2012,Producers and Directors,detailed,**,**,,,**,**,46.5,96730,12.5,34.04,37.16,48.99,48.99,67.5,70810,77290,101900,101900,140400,,
99,U.S.,1,US,611500,Technical and Trade Schools,"4-digit, ownership",2,00-0000,All Occupations,total,10050,0.1,,,100,100,29.08,60480,1.7,16.02,21.58,28.01,33.95,42.05,33320,44890,58260,70610,87460,,
99,U.S.,1,US,611500,Technical and Trade Schools,"4-digit, ownership",3,00-0000,All Occupations,total,11210,0,,,100,100,32.45,67490,1,17.41,23,29.94,37.2,48.29,36210,47840,62270,77370,100450,,
99,U.S.,1,US,611500,Technical and Trade Schools,"4-digit, ownership",5,00-0000,All Occupations,total,132690,0,,,100,100,35.69,74240,0.8,17.97,22.47,29.67,44.01,61.25,37370,46740,61710,91550,127400,,
99,U.S.,1,US,611500,Technical and Trade Schools,"4-digit, ownership",5,27-2012,Producers and Directors,detailed,**,**,,,**,**,46.67,97070,14,34.04,37.16,48.99,48.99,67.5,70810,77290,101900,101900,140400,,
99,U.S.,1,US,611600,Other Schools and Instruction,4-digit,235,00-0000,All Occupations,total,558700,0,,,100,100,25.74,53530,0.7,14.16,17.11,21.93,29.63,41.94,29460,35590,45600,61640,87230,,
99,U.S.,1,US,611600,Other Schools and Instruction,4-digit,235,27-2012,Producers and Directors,detailed,740,16.8,,,0.13,1,44.66,92880,11.9,20.06,28,36.18,50.36,99.38,41730,58230,75250,104750,206710,,
99,U.S.,1,US,611600,Other Schools and Instruction,4-digit,235,27-2031,Dancers,detailed,600,30.5,,,0.11,1,26.95,*,8.7,17,20,27,32.85,38.81,*,*,*,*,*,,TRUE
99,U.S.,1,US,611600,Other Schools and Instruction,4-digit,235,27-2041,Music Directors and Composers,detailed,670,32.8,,,0.12,1,38.94,81000,10,22.09,24.99,29.92,42.53,74.77,45940,51980,62230,88460,155520,,
99,U.S.,1,US,611600,Other Schools and Instruction,4-digit,235,27-2042,Musicians and Singers,detailed,850,20.5,,,0.15,1,36.04,*,4.9,21.96,28.69,34.78,41.15,51.72,*,*,*,*,*,,TRUE
99,U.S.,1,US,611600,Other Schools and Instruction,"4-digit, ownership",3,00-0000,All Occupations,total,11550,0.1,,,100,100,26.63,55390,1,16.36,20.37,23.11,29.45,38.85,34030,42360,48060,61260,80800,,
99,U.S.,1,US,611600,Other Schools and Instruction,"4-digit, ownership",5,00-0000,All Occupations,total,546510,0,,,100,100,25.72,53490,0.7,14.14,17.09,21.86,29.64,42,29410,35550,45460,61650,87350,,
99,U.S.,1,US,611600,Other Schools and Instruction,"4-digit, ownership",5,27-2012,Producers and Directors,detailed,730,17,,,0.13,1,44.83,93240,11.9,20.06,28,36.18,50.36,99.38,41730,58240,75250,104750,206710,,
99,U.S.,1,US,611600,Other Schools and Instruction,"4-digit, ownership",5,27-2031,Dancers,detailed,590,30.3,,,0.11,1,26.93,*,8.7,17,20,27,32.85,38.81,*,*,*,*,*,,TRUE
99,U.S.,1,US,611600,Other Schools and Instruction,"4-digit, ownership",5,27-2041,Music Directors and Composers,detailed,670,33,,,0.12,1,38.86,80820,10,22.09,24.99,29.81,42.49,74.77,45940,51980,61990,88370,155520,,
99,U.S.,1,US,611600,Other Schools and Instruction,"4-digit, ownership",5,27-2042,Musicians and Singers,detailed,800,21.7,,,0.15,1,36.49,*,5.2,21.96,28.43,35.44,41.16,53.03,*,*,*,*,*,,TRUE
99,U.S.,1,US,611700,Educational Support Services,4-digit,235,00-0000,All Occupations,total,265600,0,,,100,100,36.2,75300,1.1,16.9,21.15,29.09,44.8,63.48,35150,44000,60510,93170,132030,,
99,U.S.,1,US,611700,Educational Support Services,4-digit,235,27-2012,Producers and Directors,detailed,150,21.2,,,0.06,~,39.19,81510,4.8,24.29,32.07,36.8,45.75,58.76,50530,66700,76540,95150,122220,,
99,U.S.,1,US,611700,Educational Support Services,"4-digit, ownership",3,00-0000,All Occupations,total,43850,0,,,100,100,33.37,69400,1,16.37,20.44,29.34,41.36,53.49,34060,42500,61030,86020,111260,,
99,U.S.,1,US,611700,Educational Support Services,"4-digit, ownership",5,00-0000,All Occupations,total,221570,0,,,100,100,36.77,76490,1.3,17.01,21.16,29.06,45.47,65.3,35370,44000,60450,94590,135830,,
99,U.S.,1,US,611700,Educational Support Services,"4-digit, ownership",5,27-2012,Producers and Directors,detailed,140,21.5,,,0.06,~,39.56,82280,4.8,24.29,32.07,36.8,45.75,58.81,50530,66710,76540,95160,122310,,
99,U.S.,1,US,62,Health Care and Social Assistance,sector,58,00-0000,All Occupations,total,24031380,0,,,100,100,34.51,71770,0.2,16.01,18.24,23.66,39.62,61.15,33290,37940,49200,82410,127200,,
99,U.S.,1,US,62,Health Care and Social Assistance,sector,58,27-2011,Actors,detailed,250,6,,,0,~,26.18,*,2.6,19.08,24.27,25.52,27.39,30.55,*,*,*,*,*,,TRUE
99,U.S.,1,US,62,Health Care and Social Assistance,sector,58,27-2042,Musicians and Singers,detailed,120,29.4,,,0,~,35.43,*,13.4,13.44,14.5,27.93,42.76,84.46,*,*,*,*,*,,TRUE
99,U.S.,1,US,621000,Ambulatory Health Care Services,3-digit,5,00-0000,All Occupations,total,8947200,0,,,100,100,39.55,82260,0.4,16.85,19.27,26.92,44.95,71.61,35050,40080,55990,93500,148950,,
99,U.S.,1,US,621000,Ambulatory Health Care Services,3-digit,5,27-2011,Actors,detailed,70,20.5,,,0,~,29.13,*,7.2,24.27,24.27,24.68,30,33.72,*,*,*,*,*,,TRUE
99,U.S.,1,US,621000,Ambulatory Health Care Services,3-digit,5,27-2042,Musicians and Singers,detailed,40,43.5,,,0,~,34.13,*,12.7,17.3,27.93,40.87,42.76,44.28,*,*,*,*,*,,TRUE
99,U.S.,1,US,621100,Offices of Physicians,4-digit,5,00-0000,All Occupations,total,2936460,0,,,100,100,51.28,106660,0.8,18,21.64,28.99,56.94,113.16,37440,45020,60300,118430,235370,,
99,U.S.,1,US,621100,Offices of Physicians,4-digit,5,27-2011,Actors,detailed,50,15.7,,,0,~,25.82,*,0.8,24.27,24.27,24.27,27.22,30.01,*,*,*,*,*,,TRUE
99,U.S.,1,US,621100,Offices of Physicians,4-digit,5,27-2012,Producers and Directors,detailed,30,10.1,,,0,~,49.49,102940,1.6,35.08,36.96,51.59,58.15,59.06,72960,76870,107310,120950,122830,,
99,U.S.,1,US,621200,Offices of Dentists,4-digit,5,00-0000,All Occupations,total,1054930,0,,,100,100,38.31,79690,0.8,18.22,22.35,28.03,44.78,63.46,37900,46480,58300,93140,131990,,
99,U.S.,1,US,621300,Offices of Other Health Practitioners,4-digit,5,00-0000,All Occupations,total,1305160,0,,,100,100,34.4,71550,0.4,16.88,20.19,28.19,44.03,59.49,35100,41990,58640,91580,123740,,
99,U.S.,1,US,621310,Offices of Chiropractors,5-digit,5,00-0000,All Occupations,total,147350,0,,,100,100,27.74,57710,0.9,15.31,17.63,21.69,31.43,48.21,31830,36670,45110,65380,100280,,
99,U.S.,1,US,621320,Offices of Optometrists,5-digit,5,00-0000,All Occupations,total,155780,0.1,,,100,100,29.56,61480,1,16.28,17.85,21.78,28.84,61.78,33870,37130,45300,59990,128500,,
99,U.S.,1,US,621330,Offices of Mental Health Practitioners (except Physicians),5-digit,5,00-0000,All Occupations,total,289980,0,,,100,100,36.03,74950,1,18.25,22,28.64,43.94,61.84,37960,45770,59560,91390,128620,,
99,U.S.,1,US,621340,"Offices of Physical, Occupational and Speech Therapists, and Audiologists",5-digit,5,00-0000,All Occupations,total,509960,0,,,100,100,36.16,75210,0.6,17.15,22,35.08,47.05,58.23,35660,45760,72960,97870,121110,,
99,U.S.,1,US,621390,Offices of All Other Health Practitioners,5-digit,5,00-0000,All Occupations,total,202090,0.1,,,100,100,36.19,75260,1.6,16.65,19.9,27.24,44.86,63.57,34630,41390,56660,93310,132230,,
99,U.S.,1,US,621400,Outpatient Care Centers,4-digit,5,00-0000,All Occupations,total,1182730,0,,,100,100,41.98,87320,0.4,18.6,22.89,32.12,48.31,78.3,38680,47600,66810,100490,162870,,
99,U.S.,1,US,621420,Outpatient Mental Health and Substance Abuse Centers,5-digit,5,00-0000,All Occupations,total,326260,0,,,100,100,32.33,67240,0.7,17.54,21.12,26.49,36.39,50.85,36490,43930,55090,75680,105760,,
99,U.S.,1,US,621500,Medical and Diagnostic Laboratories,4-digit,5,00-0000,All Occupations,total,309310,0,,,100,100,37.6,78200,1,18.31,21.66,28.05,41.3,62.36,38090,45060,58350,85890,129710,,
99,U.S.,1,US,621600,Home Health Care Services,4-digit,5,00-0000,All Occupations,total,1789480,0,,,100,100,25.27,52560,0.6,12.48,16.04,19,29.91,46.52,25960,33350,39510,62220,96760,,
99,U.S.,1,US,621600,Home Health Care Services,4-digit,5,27-2042,Musicians and Singers,detailed,40,43.5,,,0,~,34.13,*,12.7,17.3,27.93,40.87,42.76,44.28,*,*,*,*,*,,TRUE
99,U.S.,1,US,621900,Other Ambulatory Health Care Services,4-digit,5,00-0000,All Occupations,total,369130,0,,,100,100,30.98,64440,0.6,16.98,18.98,23.81,35.68,49.88,35320,39480,49530,74210,103750,,
99,U.S.,1,US,621910,Ambulance Services,5-digit,5,00-0000,All Occupations,total,177760,0,,,100,100,26.3,54710,0.7,16.5,18.5,22.46,29.41,39.87,34320,38480,46710,61170,82930,,
99,U.S.,1,US,621990,All Other Ambulatory Health Care Services,5-digit,5,00-0000,All Occupations,total,191370,0,,,100,100,35.33,73480,1,17.29,20.29,27.85,40.07,61.82,35960,42200,57930,83340,128590,,
99,U.S.,1,US,622000,Hospitals,3-digit,235,00-0000,All Occupations,total,6712760,0,,,100,100,42.88,89180,0.1,18.64,23.36,37.74,50.27,67.08,38770,48600,78500,104570,139520,,
99,U.S.,1,US,622000,Hospitals,3-digit,235,27-2011,Actors,detailed,180,1,,,0,~,25.05,*,1.1,19.08,21.94,25.52,27,30.55,*,*,*,*,*,,TRUE
99,U.S.,1,US,622000,Hospitals,3-digit,235,27-2042,Musicians and Singers,detailed,40,7.3,,,0,~,53.62,*,1.6,22.15,27.59,43.46,91.76,92.08,*,*,*,*,*,,TRUE
99,U.S.,1,US,622000,Hospitals,"3-digit, ownership",2,00-0000,All Occupations,total,445500,0,,,100,100,43.82,91150,0.2,19.1,24.26,37.43,52.17,79.87,39720,50460,77860,108520,166120,,
99,U.S.,1,US,622000,Hospitals,"3-digit, ownership",3,00-0000,All Occupations,total,696410,0,,,100,100,41.2,85690,0.3,17.99,22.66,33.78,48.79,66.31,37420,47130,70250,101480,137930,,
99,U.S.,1,US,622000,Hospitals,"3-digit, ownership",5,00-0000,All Occupations,total,5570850,0,,,100,100,43.01,89460,0.1,18.69,23.4,37.97,50.33,66.57,38880,48670,78980,104690,138460,,
99,U.S.,1,US,622000,Hospitals,"3-digit, ownership",5,27-2011,Actors,detailed,170,1.2,,,0,~,25.04,*,1.1,19.08,21.94,25.52,27,30.55,*,*,*,*,*,,TRUE
99,U.S.,1,US,622100,General Medical and Surgical Hospitals,4-digit,235,00-0000,All Occupations,total,6151560,0,,,100,100,43.09,89620,0.1,18.67,23.43,37.88,50.35,67.31,38820,48730,78790,104730,140010,,
99,U.S.,1,US,622100,General Medical and Surgical Hospitals,4-digit,235,27-2011,Actors,detailed,180,1,,,0,~,25.05,*,1.1,19.08,21.94,25.52,27,30.55,*,*,*,*,*,,TRUE
99,U.S.,1,US,622100,General Medical and Surgical Hospitals,"4-digit, ownership",2,00-0000,All Occupations,total,294460,0,,,100,100,45.59,94830,0.2,19.92,26.72,38.97,55.99,81.2,41440,55570,81050,116470,168890,,
99,U.S.,1,US,622100,General Medical and Surgical Hospitals,"4-digit, ownership",3,00-0000,All Occupations,total,692450,0,,,100,100,41.23,85750,0.3,17.99,22.67,33.81,48.82,66.35,37420,47140,70310,101550,138010,,
99,U.S.,1,US,622100,General Medical and Surgical Hospitals,"4-digit, ownership",5,00-0000,All Occupations,total,5164650,0,,,100,100,43.19,89840,0.1,18.72,23.46,38.06,50.39,66.79,38940,48790,79150,104800,138920,,
99,U.S.,1,US,622100,General Medical and Surgical Hospitals,"4-digit, ownership",5,27-2011,Actors,detailed,170,1.2,,,0,~,25.04,*,1.1,19.08,21.94,25.52,27,30.55,*,*,*,*,*,,TRUE
99,U.S.,1,US,622200,Psychiatric and Substance Abuse Hospitals,4-digit,235,00-0000,All Occupations,total,248170,0,,,100,100,35.03,72860,0.2,17.72,21.38,28.7,40.91,58.16,36860,44470,59700,85100,120960,,
99,U.S.,1,US,622200,Psychiatric and Substance Abuse Hospitals,"4-digit, ownership",2,00-0000,All Occupations,total,111630,0,,,100,100,36.38,75660,0.2,18.13,22.18,29.06,42.01,61.94,37710,46130,60450,87390,128840,,
99,U.S.,1,US,622200,Psychiatric and Substance Abuse Hospitals,"4-digit, ownership",5,00-0000,All Occupations,total,133310,0,,,100,100,33.96,70640,0.2,17.37,20.34,28.32,40.19,52.64,36120,42310,58900,83600,109480,,
99,U.S.,1,US,622300,Specialty (except Psychiatric and Substance Abuse) Hospitals,4-digit,235,00-0000,All Occupations,total,313020,0,,,100,100,44.98,93550,0.2,19.34,24.52,39.35,52.04,69.72,40230,51000,81850,108240,145020,,
99,U.S.,1,US,622300,Specialty (except Psychiatric and Substance Abuse) Hospitals,"4-digit, ownership",2,00-0000,All Occupations,total,39410,0,,,100,100,51.71,107560,0.2,20.35,24.55,40.32,63.87,82.6,42340,51060,83860,132860,171800,,
99,U.S.,1,US,622300,Specialty (except Psychiatric and Substance Abuse) Hospitals,"4-digit, ownership",5,00-0000,All Occupations,total,272890,0,,,100,100,43.99,91500,0.2,19.22,24.52,39.17,51.33,67.28,39970,51000,81470,106760,139940,,
99,U.S.,1,US,623000,Nursing and Residential Care Facilities,3-digit,5,00-0000,All Occupations,total,3395180,0,,,100,100,24.41,50770,0.2,14.87,17.37,20.74,28.04,38.95,30930,36140,43140,58330,81010,,
99,U.S.,1,US,623100,Nursing Care Facilities (Skilled Nursing Facilities),4-digit,5,00-0000,All Occupations,total,1531750,0,,,100,100,26.34,54790,0.2,15,17.77,22.1,31.84,44.1,31200,36960,45960,66230,91730,,
99,U.S.,1,US,623200,"Residential Intellectual and Developmental Disability, Mental Health, and Substance Abuse Facilities",4-digit,5,00-0000,All Occupations,total,687210,0,,,100,100,23.45,48770,0.3,15.13,17.46,19.95,24.58,36,31460,36320,41490,51130,74880,,
99,U.S.,1,US,623210,Residential Intellectual and Developmental Disability Facilities,5-digit,5,00-0000,All Occupations,total,417800,0,,,100,100,21.19,44070,0.4,14.78,17.18,18.54,22.2,29.66,30750,35730,38550,46170,61690,,
99,U.S.,1,US,623220,Residential Mental Health and Substance Abuse Facilities,5-digit,5,00-0000,All Occupations,total,269420,0,,,100,100,26.95,56060,0.4,16.28,18.18,22.46,30.1,41.66,33860,37810,46710,62610,86650,,
99,U.S.,1,US,623300,Continuing Care Retirement Communities and Assisted Living Facilities for the Elderly,4-digit,5,00-0000,All Occupations,total,1013180,0,,,100,100,22.24,46250,0.4,14.6,16.89,18.6,22.92,35.17,30370,35130,38690,47670,73150,,
99,U.S.,1,US,623900,Other Residential Care Facilities,4-digit,5,00-0000,All Occupations,total,163040,0,,,100,100,23.83,49570,0.7,14.81,17.47,20.88,26.13,36.41,30800,36350,43420,54350,75720,,
99,U.S.,1,US,624000,Social Assistance,3-digit,5,00-0000,All Occupations,total,4976250,0,,,100,100,21.04,43750,0.3,13.75,16.5,17.97,22.43,30.13,28600,34320,37380,46650,62660,,
99,U.S.,1,US,624000,Social Assistance,3-digit,5,27-2012,Producers and Directors,detailed,**,**,,,**,**,30.1,62610,13,20,20,24.09,41.91,41.91,41600,41600,50110,87170,87170,,
99,U.S.,1,US,624100,Individual and Family Services,4-digit,5,00-0000,All Occupations,total,3456820,0,,,100,100,20.87,43400,0.5,13.86,16.5,17.85,22.08,29.73,28820,34320,37120,45930,61840,,
99,U.S.,1,US,624100,Individual and Family Services,4-digit,5,27-2012,Producers and Directors,detailed,**,**,,,**,**,29.13,60590,15.4,18.65,20,23.09,41.91,41.91,38790,41600,48020,87170,87170,,
99,U.S.,1,US,624120,Services for the Elderly and Persons with Disabilities,5-digit,5,00-0000,All Occupations,total,2690690,0,,,100,100,18.76,39030,0.6,13.69,16.5,17.13,19.65,23.28,28470,34320,35630,40860,48420,,
99,U.S.,1,US,624200,"Community Food and Housing, and Emergency and Other Relief Services",4-digit,5,00-0000,All Occupations,total,231040,0,,,100,100,27.63,57480,0.6,16.22,18.67,23.2,30.39,43.51,33740,38830,48250,63220,90500,,
99,U.S.,1,US,624300,Vocational Rehabilitation Services,4-digit,5,00-0000,All Occupations,total,283400,0,,,100,100,22.17,46100,0.6,13.35,16.44,18.84,23.7,33.8,27770,34200,39180,49300,70310,,
99,U.S.,1,US,624400,Child Care Services,4-digit,5,00-0000,All Occupations,total,1004990,0,,,100,100,19.78,41140,0.6,13.32,14.75,17.59,21.8,28.28,27700,30690,36580,45330,58830,,
99,U.S.,1,US,71,"Arts, Entertainment, and Recreation",sector,57,00-0000,All Occupations,total,2765320,0,,,100,100,25.08,52170,0.4,12.99,15.29,18.58,27.42,40.22,27010,31790,38640,57040,83650,,
99,U.S.,1,US,71,"Arts, Entertainment, and Recreation",sector,57,27-2011,Actors,detailed,25610,34.8,,,0.93,8,36.03,*,13,15.59,18.7,22.75,34.6,81.29,*,*,*,*,*,,TRUE
99,U.S.,1,US,71,"Arts, Entertainment, and Recreation",sector,57,27-2012,Producers and Directors,detailed,17790,13.4,,,0.64,5,42.7,88820,4.5,20.46,25.46,35.83,49.16,76.34,42550,52950,74530,102250,158780,,
99,U.S.,1,US,71,"Arts, Entertainment, and Recreation",sector,57,27-2031,Dancers,detailed,5090,6.4,,,0.18,1,31.53,*,3.7,15.01,17.93,24.68,38.14,61.52,*,*,*,*,*,,TRUE
99,U.S.,1,US,71,"Arts, Entertainment, and Recreation",sector,57,27-2041,Music Directors and Composers,detailed,5360,8.1,,,0.19,2,44.58,92730,6.7,19.57,27.35,38.33,50.33,78.15,40710,56890,79730,104690,162560,,
99,U.S.,1,US,71,"Arts, Entertainment, and Recreation",sector,57,27-2042,Musicians and Singers,detailed,21840,3.9,,,0.79,3,63.74,*,3.3,20.81,28.42,50.22,75.32,142.65,*,*,*,*,*,,TRUE
99,U.S.,1,US,711000,"Performing Arts, Spectator Sports, and Related Industries",3-digit,5,00-0000,All Occupations,total,603790,0,,,100,100,35.64,74120,1.2,14.8,17.71,24.03,37.53,61.56,30780,36830,49990,78060,128040,,
99,U.S.,1,US,711000,"Performing Arts, Spectator Sports, and Related Industries",3-digit,5,27-2011,Actors,detailed,**,**,,,**,**,41.88,*,11.2,17.82,21.97,31.17,55.29,97.39,*,*,*,*,*,,TRUE
99,U.S.,1,US,711000,"Performing Arts, Spectator Sports, and Related Industries",3-digit,5,27-2012,Producers and Directors,detailed,16380,14.5,,,2.71,13,42.78,88970,4.8,20.42,25.11,35.69,48.79,77.3,42470,52240,74240,101490,160790,,
99,U.S.,1,US,711000,"Performing Arts, Spectator Sports, and Related Industries",3-digit,5,27-2031,Dancers,detailed,4530,6.6,,,0.75,2,32.66,*,3.9,15.5,18.47,25.18,38.75,62.26,*,*,*,*,*,,TRUE
99,U.S.,1,US,711000,"Performing Arts, Spectator Sports, and Related Industries",3-digit,5,27-2041,Music Directors and Composers,detailed,5350,8.1,,,0.89,5,44.6,92760,6.7,19.57,27.35,38.33,50.33,78.16,40710,56890,79730,104690,162570,,
99,U.S.,1,US,711000,"Performing Arts, Spectator Sports, and Related Industries",3-digit,5,27-2042,Musicians and Singers,detailed,21540,4.1,,,3.57,7,63.99,*,3.3,21.01,28.62,50.56,75.32,142.65,*,*,*,*,*,,TRUE
99,U.S.,1,US,711100,Performing Arts Companies,4-digit,5,00-0000,All Occupations,total,141340,0,,,100,100,36.66,76250,1.6,15.73,19.17,27.51,41.24,65.11,32720,39870,57220,85770,135430,,
99,U.S.,1,US,711100,Performing Arts Companies,4-digit,5,27-2011,Actors,detailed,6720,10,,,4.75,11,39.22,*,11.6,15.07,18.02,25.34,37.5,82.02,*,*,*,*,*,,TRUE
99,U.S.,1,US,711100,Performing Arts Companies,4-digit,5,27-2012,Producers and Directors,detailed,8270,3.8,,,5.85,34,36.67,76280,2.5,17.91,22.78,29.69,39.93,61.64,37250,47380,61740,83050,128210,,
99,U.S.,1,US,711100,Performing Arts Companies,4-digit,5,27-2031,Dancers,detailed,3330,6.4,,,2.35,7,35.94,*,4,16.75,21.02,29.55,41.04,64.85,*,*,*,*,*,,TRUE
99,U.S.,1,US,711100,Performing Arts Companies,4-digit,5,27-2041,Music Directors and Composers,detailed,4690,8,,,3.32,23,45.56,94750,5.8,20.31,27.35,37.87,52.27,79.88,42250,56890,78760,108710,166160,,
99,U.S.,1,US,711100,Performing Arts Companies,4-digit,5,27-2042,Musicians and Singers,detailed,18790,3.6,,,13.3,31,63.25,*,3.9,21.04,29.03,50.37,73.65,142.65,*,*,*,*,*,,TRUE
99,U.S.,1,US,711110,Theater Companies and Dinner Theaters,5-digit,5,00-0000,All Occupations,total,74640,0,,,100,100,31.9,66360,2.3,15.07,18.24,24.45,36.5,57.92,31340,37930,50860,75910,120480,,
99,U.S.,1,US,711110,Theater Companies and Dinner Theaters,5-digit,5,27-2011,Actors,detailed,6570,10.2,,,8.8,31,39.57,*,11.7,15.09,18.04,25.53,37.66,82.06,*,*,*,*,*,,TRUE
99,U.S.,1,US,711110,Theater Companies and Dinner Theaters,5-digit,5,27-2012,Producers and Directors,detailed,6250,3.8,,,8.37,71,35.88,74620,3,18.38,22.65,29.5,38.99,61.3,38230,47110,61350,81090,127500,,
99,U.S.,1,US,711110,Theater Companies and Dinner Theaters,5-digit,5,27-2031,Dancers,detailed,230,24.7,,,0.31,1,48.15,*,9.1,18.29,30,40.5,63.51,79.89,*,*,*,*,*,,TRUE
99,U.S.,1,US,711110,Theater Companies and Dinner Theaters,5-digit,5,27-2041,Music Directors and Composers,detailed,450,14.1,,,0.6,9,42.85,89130,6.8,20.97,30.33,38.01,50,64.12,43620,63090,79050,104000,133360,,
99,U.S.,1,US,711110,Theater Companies and Dinner Theaters,5-digit,5,27-2042,Musicians and Singers,detailed,2260,8.8,,,3.03,14,59.07,*,3.6,21.91,29.6,46.61,71.31,114.86,*,*,*,*,*,,TRUE
99,U.S.,1,US,711200,Spectator Sports,4-digit,5,00-0000,All Occupations,total,170410,0,,,100,100,38.3,79650,2.8,13.5,16.57,22.45,37.21,61.11,28080,34470,46700,77400,127100,,
99,U.S.,1,US,711200,Spectator Sports,4-digit,5,27-2012,Producers and Directors,detailed,1380,11.8,,,0.81,5,43.84,91190,1.9,24.97,29.85,38.53,49.9,70.61,51930,62100,80140,103790,146870,,
99,U.S.,1,US,711200,Spectator Sports,4-digit,5,27-2031,Dancers,detailed,820,21.6,,,0.48,2,17.93,*,2.5,14.51,15.5,16.88,21.5,22.85,*,*,*,*,*,,TRUE
99,U.S.,1,US,711200,Spectator Sports,4-digit,5,27-2042,Musicians and Singers,detailed,70,15.2,,,0.04,~,37.24,*,6.9,19.38,19.38,22.6,42.9,61.29,*,*,*,*,*,,TRUE
99,U.S.,1,US,711300,"Promoters of Performing Arts, Sports, and Similar Events",4-digit,5,00-0000,All Occupations,total,194390,0,,,100,100,28.8,59910,1.3,14.64,17.18,21.64,30.55,47.87,30460,35740,45020,63540,99580,,
99,U.S.,1,US,711300,"Promoters of Performing Arts, Sports, and Similar Events",4-digit,5,27-2011,Actors,detailed,370,25.5,,,0.19,1,31.13,*,4.4,17.35,23.25,26.91,32.46,44.86,*,*,*,*,*,,TRUE
99,U.S.,1,US,711300,"Promoters of Performing Arts, Sports, and Similar Events",4-digit,5,27-2012,Producers and Directors,detailed,3880,5.6,,,1.99,20,44.25,92050,3.3,22.79,28.92,37.85,52.02,74.74,47400,60150,78740,108210,155450,,
99,U.S.,1,US,711300,"Promoters of Performing Arts, Sports, and Similar Events",4-digit,5,27-2031,Dancers,detailed,250,26.7,,,0.13,1,37.84,*,4.7,13.97,20,27.45,47.8,75,*,*,*,*,*,,TRUE
99,U.S.,1,US,711300,"Promoters of Performing Arts, Sports, and Similar Events",4-digit,5,27-2041,Music Directors and Composers,detailed,170,34.5,,,0.09,1,31.27,65040,16.6,15.18,19.49,26.6,38.23,48.19,31580,40540,55330,79530,100230,,
99,U.S.,1,US,711300,"Promoters of Performing Arts, Sports, and Similar Events",4-digit,5,27-2042,Musicians and Singers,detailed,1060,11.1,,,0.54,2,105.9,*,2.5,13.11,54.95,102.5,138.91,202.77,*,*,*,*,*,,TRUE
99,U.S.,1,US,711400,"Agents and Managers for Artists, Athletes, Entertainers, and Other Public Figures",4-digit,5,00-0000,All Occupations,total,30080,0.1,,,100,100,55.33,115080,4.1,20.66,24.9,36.45,60.07,102.01,42970,51790,75810,124950,212190,,
99,U.S.,1,US,711400,"Agents and Managers for Artists, Athletes, Entertainers, and Other Public Figures",4-digit,5,27-2011,Actors,detailed,200,49.7,,,0.65,3,18.53,*,3.8,9.78,16.88,18.42,18.42,30.64,*,*,*,*,*,,TRUE
99,U.S.,1,US,711400,"Agents and Managers for Artists, Athletes, Entertainers, and Other Public Figures",4-digit,5,27-2012,Producers and Directors,detailed,270,41.6,,,0.89,4,41.42,86160,11.3,25.09,31.4,35.78,43.83,60.67,52190,65310,74410,91170,126200,,
99,U.S.,1,US,711500,"Independent Artists, Writers, and Performers",4-digit,5,00-0000,All Occupations,total,67580,0,,,100,100,37.68,78370,5.8,16.93,21.72,28.96,43.14,70.4,35210,45180,60230,89720,146420,,
99,U.S.,1,US,711500,"Independent Artists, Writers, and Performers",4-digit,5,27-2012,Producers and Directors,detailed,**,**,,,**,**,59.62,124020,13.4,21.95,30.66,44.39,75.84,97.44,45650,63770,92340,157750,202680,,
99,U.S.,1,US,711500,"Independent Artists, Writers, and Performers",4-digit,5,27-2041,Music Directors and Composers,detailed,**,**,,,**,**,40.24,83690,22.1,18.2,33.34,44.76,44.76,44.76,37850,69350,93090,93090,93090,,
99,U.S.,1,US,711500,"Independent Artists, Writers, and Performers",4-digit,5,27-2042,Musicians and Singers,detailed,1610,29.8,,,2.38,4,46.24,*,19.9,24.86,24.86,30.33,65.55,80.47,*,*,*,*,*,,TRUE
99,U.S.,1,US,712000,"Museums, Historical Sites, and Similar Institutions",3-digit,5,00-0000,All Occupations,total,181800,0,,,100,100,26.92,55990,0.4,14.35,16.9,21.55,29.93,44.34,29860,35150,44830,62250,92230,,
99,U.S.,1,US,712000,"Museums, Historical Sites, and Similar Institutions",3-digit,5,27-2011,Actors,detailed,850,14.9,,,0.47,1,20.58,*,4.6,14.68,16.83,18.05,24.91,27.56,*,*,*,*,*,,TRUE
99,U.S.,1,US,712000,"Museums, Historical Sites, and Similar Institutions",3-digit,5,27-2012,Producers and Directors,detailed,420,10.7,,,0.23,3,40.41,84060,3.7,23.33,29.98,38,47.49,62.9,48530,62350,79040,98780,130830,,
99,U.S.,1,US,712100,"Museums, Historical Sites, and Similar Institutions",4-digit,5,00-0000,All Occupations,total,181800,0,,,100,100,26.92,55990,0.4,14.35,16.9,21.55,29.93,44.34,29860,35150,44830,62250,92230,,
99,U.S.,1,US,712100,"Museums, Historical Sites, and Similar Institutions",4-digit,5,27-2011,Actors,detailed,850,14.9,,,0.47,1,20.58,*,4.6,14.68,16.83,18.05,24.91,27.56,*,*,*,*,*,,TRUE
99,U.S.,1,US,712100,"Museums, Historical Sites, and Similar Institutions",4-digit,5,27-2012,Producers and Directors,detailed,420,10.7,,,0.23,3,40.41,84060,3.7,23.33,29.98,38,47.49,62.9,48530,62350,79040,98780,130830,,
99,U.S.,1,US,713000,"Amusement, Gambling, and Recreation Industries",3-digit,57,00-0000,All Occupations,total,1979740,0,,,100,100,21.69,45120,0.3,12.41,14.75,17.74,23.46,35.63,25820,30680,36910,48800,74110,,
99,U.S.,1,US,713000,"Amusement, Gambling, and Recreation Industries",3-digit,57,27-2011,Actors,detailed,5830,6.2,,,0.29,~,19.27,*,2.8,12.76,15.23,18.7,19.11,29.44,*,*,*,*,*,,TRUE
99,U.S.,1,US,713000,"Amusement, Gambling, and Recreation Industries",3-digit,57,27-2012,Producers and Directors,detailed,990,4.6,,,0.05,~,42.43,88250,2.2,21.43,30.36,39.19,52.45,67.27,44570,63140,81520,109090,139930,,
99,U.S.,1,US,713000,"Amusement, Gambling, and Recreation Industries",3-digit,57,27-2031,Dancers,detailed,490,28.9,,,0.02,~,23.09,*,16.5,12.48,12.48,19.13,27.55,33.85,*,*,*,*,*,,TRUE
99,U.S.,1,US,713000,"Amusement, Gambling, and Recreation Industries",3-digit,57,27-2042,Musicians and Singers,detailed,280,35,,,0.01,~,*,*,*,*,*,*,*,*,*,*,*,*,*,,TRUE
99,U.S.,1,US,713100,Amusement Parks and Arcades,4-digit,5,00-0000,All Occupations,total,244530,0,,,100,100,20.06,41730,0.3,13.4,14.88,17.57,21.06,29.74,27870,30940,36540,43800,61860,,
99,U.S.,1,US,713100,Amusement Parks and Arcades,4-digit,5,27-2011,Actors,detailed,5120,2.7,,,2.09,2,20.07,*,2.1,14.98,18.7,18.7,19.11,29.44,*,*,*,*,*,,TRUE
99,U.S.,1,US,713100,Amusement Parks and Arcades,4-digit,5,27-2012,Producers and Directors,detailed,850,4.4,,,0.35,1,42.47,88340,2.4,21.05,30.38,39.19,52.45,67.27,43770,63190,81520,109090,139930,,
99,U.S.,1,US,713100,Amusement Parks and Arcades,4-digit,5,27-2042,Musicians and Singers,detailed,**,**,,,**,**,38.86,*,1.9,17.75,17.75,30.12,30.12,75.16,*,*,*,*,*,,TRUE
99,U.S.,1,US,713200,Gambling Industries,4-digit,57,00-0000,All Occupations,total,234880,0,,,100,100,23.88,49670,0.4,13.12,16.28,18.72,26.79,38.25,27290,33850,38940,55730,79570,,
99,U.S.,1,US,713200,Gambling Industries,4-digit,57,27-2012,Producers and Directors,detailed,90,16.9,,,0.04,1,46.35,96410,5.2,28.6,33.02,45.28,53.72,68.06,59500,68680,94190,111730,141560,,
99,U.S.,1,US,713900,Other Amusement and Recreation Industries,4-digit,5,00-0000,All Occupations,total,1500330,0,,,100,100,21.62,44960,0.4,12.05,14.49,17.67,23.62,35.68,25070,30130,36740,49140,74220,,
99,U.S.,1,US,713900,Other Amusement and Recreation Industries,4-digit,5,27-2011,Actors,detailed,710,45.5,,,0.05,~,13.49,*,12.2,12,12.74,12.76,12.77,13.46,*,*,*,*,*,,TRUE
99,U.S.,1,US,713900,Other Amusement and Recreation Industries,4-digit,5,27-2012,Producers and Directors,detailed,50,19.6,,,0,~,34.98,72750,4.9,16.37,23.39,34.55,42.05,49.81,34040,48640,71860,87460,103610,,
99,U.S.,1,US,713900,Other Amusement and Recreation Industries,4-digit,5,27-2031,Dancers,detailed,370,34.6,,,0.02,~,26.68,*,15.9,16.5,18.67,22.67,28.57,37.16,*,*,*,*,*,,TRUE
99,U.S.,1,US,713940,Fitness and Recreational Sports Centers,5-digit,5,00-0000,All Occupations,total,662840,0,,,100,100,21.91,45570,0.7,12.39,14.59,17.69,24.6,36.69,25760,30340,36790,51160,76310,,
99,U.S.,1,US,713940,Fitness and Recreational Sports Centers,5-digit,5,27-2031,Dancers,detailed,150,47.7,,,0.02,~,25.04,*,9.2,20.48,22.51,25.82,28.57,28.57,*,*,*,*,*,,TRUE
99,U.S.,1,US,72,Accommodation and Food Services,sector,57,00-0000,All Occupations,total,14276590,0,,,100,100,18.78,39060,0.3,11.16,13.88,16.96,21.03,28.4,23200,28880,35270,43750,59080,,
99,U.S.,1,US,72,Accommodation and Food Services,sector,57,27-2031,Dancers,detailed,2190,20.8,,,0.02,~,29.01,*,8.8,12.12,16.5,23.5,39.28,50,*,*,*,*,*,,TRUE
99,U.S.,1,US,72,Accommodation and Food Services,sector,57,27-2042,Musicians and Singers,detailed,**,**,,,**,**,63.04,*,18.5,25.02,48.59,70.21,80,80.01,*,*,*,*,*,,TRUE
99,U.S.,1,US,721000,Accommodation,3-digit,57,00-0000,All Occupations,total,2007720,0,,,100,100,22.01,45770,0.2,13.32,15.18,18.05,23.68,35.53,27710,31570,37540,49260,73900,,
99,U.S.,1,US,721000,Accommodation,3-digit,57,27-2042,Musicians and Singers,detailed,50,19.7,,,0,~,57.36,*,6.4,26.58,33.78,60.23,63.78,68.36,*,*,*,*,*,,TRUE
99,U.S.,1,US,721100,Traveler Accommodation,4-digit,57,00-0000,All Occupations,total,1929500,0,,,100,100,22.02,45800,0.2,13.34,15.21,18.05,23.69,35.6,27740,31630,37540,49280,74050,,
99,U.S.,1,US,721100,Traveler Accommodation,4-digit,57,27-2042,Musicians and Singers,detailed,50,19.7,,,0,~,57.36,*,6.4,26.58,33.78,60.23,63.78,68.36,*,*,*,*,*,,TRUE
99,U.S.,1,US,721120,Casino Hotels,5-digit,57,00-0000,All Occupations,total,344760,0,,,100,100,23.25,48350,0.1,12.73,16.4,19.98,26.33,36.31,26480,34110,41550,54760,75510,,
99,U.S.,1,US,721120,Casino Hotels,5-digit,57,27-2012,Producers and Directors,detailed,60,4.9,,,0.02,6,45.18,93980,2.6,29.27,37.68,40.41,50.56,63.65,60890,78370,84050,105160,132380,,
99,U.S.,1,US,721200,RV (Recreational Vehicle) Parks and Recreational Camps,4-digit,5,00-0000,All Occupations,total,68590,0,,,100,100,21.88,45520,0.7,12.93,14.97,17.96,23.56,34.56,26890,31140,37350,49000,71880,,
99,U.S.,1,US,721300,"Rooming and Boarding Houses, Dormitories, and Workers' Camps",4-digit,5,00-0000,All Occupations,total,9620,0.2,,,100,100,20.1,41800,1.2,12.58,14.36,17.57,22.94,30.11,26170,29860,36550,47720,62620,,
99,U.S.,1,US,722000,Food Services and Drinking Places,3-digit,5,00-0000,All Occupations,total,12268870,0,,,100,100,18.25,37970,0.3,11.01,13.75,16.79,20.55,27.33,22900,28600,34930,42750,56850,,
99,U.S.,1,US,722000,Food Services and Drinking Places,3-digit,5,27-2012,Producers and Directors,detailed,130,46.7,,,0,~,51.21,106520,23.1,25.26,31.46,41.29,59.35,98.49,52540,65440,85880,123450,204850,,
99,U.S.,1,US,722000,Food Services and Drinking Places,3-digit,5,27-2031,Dancers,detailed,2150,21.1,,,0.02,~,28.75,*,9,12,16.5,23.12,39.28,50,*,*,*,*,*,,TRUE
99,U.S.,1,US,722000,Food Services and Drinking Places,3-digit,5,27-2042,Musicians and Singers,detailed,**,**,,,**,**,63.43,*,20.8,23.86,48.59,72.95,80,80.01,*,*,*,*,*,,TRUE
99,U.S.,1,US,722300,Special Food Services,4-digit,5,00-0000,All Occupations,total,817540,0,,,100,100,21.21,44110,0.4,13.86,16.21,18.31,22.78,30.79,28830,33710,38080,47370,64050,,
99,U.S.,1,US,722400,Drinking Places (Alcoholic Beverages),4-digit,5,00-0000,All Occupations,total,410960,0,,,100,100,19.54,40650,0.9,10.21,13.74,16.92,22.33,31.43,21240,28580,35190,46440,65370,,
99,U.S.,1,US,722400,Drinking Places (Alcoholic Beverages),4-digit,5,27-2012,Producers and Directors,detailed,**,**,,,**,**,53.58,111440,28.1,16.94,34.86,41.29,59.35,111.8,35240,72500,85890,123460,232540,,
99,U.S.,1,US,722400,Drinking Places (Alcoholic Beverages),4-digit,5,27-2031,Dancers,detailed,2130,21.3,,,0.52,2,28.73,*,9.1,12,16.5,22.74,39.28,50,*,*,*,*,*,,TRUE
99,U.S.,1,US,722400,Drinking Places (Alcoholic Beverages),4-digit,5,27-2042,Musicians and Singers,detailed,**,**,,,**,**,70.45,*,17.1,48.59,64.7,80,80,80.01,*,*,*,*,*,,TRUE
99,U.S.,1,US,722500,Restaurants and Other Eating Places,4-digit,5,00-0000,All Occupations,total,11040380,0,,,100,100,17.99,37410,0.4,10.95,13.68,16.67,20.17,26.53,22780,28450,34670,41960,55190,,
99,U.S.,1,US,722511,Full-Service Restaurants,6-digit,5,00-0000,All Occupations,total,5361600,0,,,100,100,19.45,40460,0.5,10.8,14.13,17.35,22.04,30,22460,29380,36080,45850,62400,,
99,U.S.,1,US,81,Other Services (except Public Administration),sector,5,00-0000,All Occupations,total,4484430,0,,,100,100,27.53,57260,0.2,14.03,16.93,22.07,31.1,46.79,29190,35220,45900,64680,97310,,
99,U.S.,1,US,81,Other Services (except Public Administration),sector,5,27-2012,Producers and Directors,detailed,1610,13.1,,,0.04,~,38.5,80080,3.8,21.68,28.11,32.98,44.17,61.23,45090,58470,68600,91880,127360,,
99,U.S.,1,US,81,Other Services (except Public Administration),sector,5,27-2041,Music Directors and Composers,detailed,3880,10,,,0.09,1,42.31,88000,5.5,18.8,23.85,31.14,47.1,79.69,39090,49610,64770,97970,165760,,
99,U.S.,1,US,81,Other Services (except Public Administration),sector,5,27-2042,Musicians and Singers,detailed,7770,6,,,0.17,1,67.4,*,5.3,20.69,27.05,53.16,100.59,133.33,*,*,*,*,*,,TRUE
99,U.S.,1,US,811000,Repair and Maintenance,3-digit,5,00-0000,All Occupations,total,1469640,0,,,100,100,27.3,56780,0.4,14.8,17.83,23.37,31.67,43.47,30790,37080,48610,65880,90420,,
99,U.S.,1,US,811100,Automotive Repair and Maintenance,4-digit,5,00-0000,All Occupations,total,1039270,0,,,100,100,25.47,52980,0.4,14.16,17.21,22.42,29.84,39.17,29440,35800,46630,62070,81460,,
99,U.S.,1,US,811110,Automotive Mechanical and Electrical Repair and Maintenance,5-digit,5,00-0000,All Occupations,total,445340,0,,,100,100,27.7,57620,0.7,16.04,18.84,24.52,34,42.25,33350,39190,51000,70720,87880,,
99,U.S.,1,US,811120,"Automotive Body, Paint, Interior, and Glass Repair",5-digit,5,00-0000,All Occupations,total,292170,0,,,100,100,28.79,59890,0.5,17.03,20.43,24.98,33.77,45.51,35420,42490,51960,70240,94660,,
99,U.S.,1,US,811190,Other Automotive Repair and Maintenance,5-digit,5,00-0000,All Occupations,total,301760,0,,,100,100,18.96,39430,0.4,12.96,14.15,17.04,20.79,28.11,26950,29420,35450,43250,58460,,
99,U.S.,1,US,811200,Electronic and Precision Equipment Repair and Maintenance,4-digit,5,00-0000,All Occupations,total,101470,0.1,,,100,100,32.2,66980,1.1,16.98,19.98,26.8,37.4,53.28,35310,41560,55750,77790,110830,,
99,U.S.,1,US,811300,Commercial and Industrial Machinery and Equipment (except Automotive and Electronic) Repair and Maintenance,4-digit,5,00-0000,All Occupations,total,244630,0,,,100,100,33.43,69520,0.6,18.45,22.96,29.28,37.88,50.76,38370,47770,60900,78790,105590,,
99,U.S.,1,US,811400,Personal and Household Goods Repair and Maintenance,4-digit,5,00-0000,All Occupations,total,84260,0,,,100,100,26.12,54320,0.6,15.25,18.39,23.14,29.64,39.03,31710,38250,48140,61640,81180,,
99,U.S.,1,US,812000,Personal and Laundry Services,3-digit,5,00-0000,All Occupations,total,1585390,0,,,100,100,21.67,45080,0.4,13.5,15.46,17.84,23.47,34.12,28070,32150,37120,48810,70970,,
99,U.S.,1,US,812000,Personal and Laundry Services,3-digit,5,27-2012,Producers and Directors,detailed,**,**,,,**,**,32.51,67610,8.9,26.26,29.1,29.18,30.86,59.87,54620,60530,60690,64200,124530,,
99,U.S.,1,US,812000,Personal and Laundry Services,3-digit,5,27-2042,Musicians and Singers,detailed,60,13.7,,,0,~,30.62,*,8.1,12.5,12.5,12.77,45.42,75.79,*,*,*,*,*,,TRUE
99,U.S.,1,US,812100,Personal Care Services,4-digit,5,00-0000,All Occupations,total,755790,0,,,100,100,21.73,45190,0.6,13.31,15.49,17.7,23.96,34.93,27680,32220,36810,49840,72660,,
99,U.S.,1,US,812200,Death Care Services,4-digit,5,00-0000,All Occupations,total,134630,0,,,100,100,25.22,52450,0.6,14.08,16.92,21.5,28.88,39.31,29290,35190,44720,60070,81770,,
99,U.S.,1,US,812200,Death Care Services,4-digit,5,27-2042,Musicians and Singers,detailed,60,15.6,,,0.04,~,27.07,*,12.8,12.5,12.5,12.5,45.42,63.36,*,*,*,*,*,,TRUE
99,U.S.,1,US,812300,Drycleaning and Laundry Services,4-digit,5,00-0000,All Occupations,total,258640,0,,,100,100,20.59,42830,0.5,13.65,15.36,17.68,22.12,30,28390,31940,36780,46000,62400,,
99,U.S.,1,US,812900,Other Personal Services,4-digit,5,00-0000,All Occupations,total,436330,0,,,100,100,21.12,43940,0.8,13.48,15,17.79,22.44,31.41,28030,31200,37000,46680,65330,,
99,U.S.,1,US,812900,Other Personal Services,4-digit,5,27-2012,Producers and Directors,detailed,**,**,,,**,**,32.51,67610,8.9,26.26,29.1,29.18,30.86,59.87,54620,60530,60690,64200,124530,,
99,U.S.,1,US,813000,"Religious, Grantmaking, Civic, Professional, and Similar Organizations",3-digit,5,00-0000,All Occupations,total,1429400,0,,,100,100,34.27,71280,0.4,14.9,18.27,26.66,39.92,62.32,30990,38000,55440,83030,129620,,
99,U.S.,1,US,813000,"Religious, Grantmaking, Civic, Professional, and Similar Organizations",3-digit,5,27-2012,Producers and Directors,detailed,1570,13.3,,,0.11,1,38.65,80390,3.9,21.32,28.11,34.09,44.17,61.81,44350,58470,70910,91880,128560,,
99,U.S.,1,US,813000,"Religious, Grantmaking, Civic, Professional, and Similar Organizations",3-digit,5,27-2041,Music Directors and Composers,detailed,3880,10,,,0.27,2,42.31,88000,5.5,18.8,23.85,31.14,47.1,79.69,39090,49610,64770,97970,165760,,
99,U.S.,1,US,813000,"Religious, Grantmaking, Civic, Professional, and Similar Organizations",3-digit,5,27-2042,Musicians and Singers,detailed,7700,6,,,0.54,4,67.71,*,5.3,21.26,27.27,53.16,101.9,133.33,*,*,*,*,*,,TRUE
99,U.S.,1,US,813100,Religious Organizations,4-digit,5,00-0000,All Occupations,total,204160,0,,,100,100,29.11,60540,1.1,15.75,17.82,22.78,32,48.17,32770,37060,47390,66550,100200,,
99,U.S.,1,US,813100,Religious Organizations,4-digit,5,27-2012,Producers and Directors,detailed,550,14.1,,,0.27,1,34.38,71500,3.9,22.26,28.82,32.77,38.05,48.08,46290,59940,68160,79140,100000,,
99,U.S.,1,US,813100,Religious Organizations,4-digit,5,27-2041,Music Directors and Composers,detailed,3760,10.4,,,1.84,15,42.52,88440,5.6,18.98,24.04,31.39,47.1,79.69,39480,50000,65290,97970,165760,,
99,U.S.,1,US,813100,Religious Organizations,4-digit,5,27-2042,Musicians and Singers,detailed,7640,6,,,3.74,24,68.01,*,5.3,21.54,27.33,53.16,102.33,133.33,*,*,*,*,*,,TRUE
99,U.S.,1,US,813200,Grantmaking and Giving Services,4-digit,5,00-0000,All Occupations,total,164770,0,,,100,100,45.46,94550,0.9,19.68,26.06,36.53,52.11,80.45,40930,54210,75970,108390,167330,,
99,U.S.,1,US,813200,Grantmaking and Giving Services,4-digit,5,27-2012,Producers and Directors,detailed,**,**,,,**,**,36.61,76140,11.7,26.79,26.8,32.33,37.66,55.54,55730,55730,67240,78340,115510,,
99,U.S.,1,US,813300,Social Advocacy Organizations,4-digit,5,00-0000,All Occupations,total,264700,0,,,100,100,34.75,72290,0.8,17.01,21.37,28.78,40.27,60.42,35380,44440,59860,83760,125670,,
99,U.S.,1,US,813300,Social Advocacy Organizations,4-digit,5,27-2012,Producers and Directors,detailed,280,29.3,,,0.11,1,35.33,73480,17.4,12.94,19.25,31.25,46.9,55.91,26910,40030,65010,97540,116290,,
99,U.S.,1,US,813400,Civic and Social Organizations,4-digit,5,00-0000,All Occupations,total,358750,0,,,100,100,22.06,45880,0.7,11.72,14.58,17.89,24.02,35.78,24370,30330,37200,49970,74410,,
99,U.S.,1,US,813400,Civic and Social Organizations,4-digit,5,27-2012,Producers and Directors,detailed,120,17.6,,,0.03,~,33.37,69400,3.2,22.24,25.61,32.09,38.11,49,46260,53260,66760,79280,101930,,
99,U.S.,1,US,813400,Civic and Social Organizations,4-digit,5,27-2041,Music Directors and Composers,detailed,90,30.4,,,0.02,~,29.17,60680,16,17.17,17.21,24.07,26.58,47.7,35710,35800,50060,55290,99210,,
99,U.S.,1,US,813400,Civic and Social Organizations,4-digit,5,27-2042,Musicians and Singers,detailed,**,**,,,**,**,28.83,*,17.7,17.71,18.89,21.87,38.56,50.91,*,*,*,*,*,,TRUE
99,U.S.,1,US,813900,"Business, Professional, Labor, Political, and Similar Organizations",4-digit,5,00-0000,All Occupations,total,437030,0,,,100,100,42.2,87770,0.6,17.57,22.87,34.51,50.17,76.83,36550,47570,71770,104350,159800,,
99,U.S.,1,US,813900,"Business, Professional, Labor, Political, and Similar Organizations",4-digit,5,27-2012,Producers and Directors,detailed,310,14.8,,,0.07,~,53.13,110510,4.5,29.29,35.39,45.1,66.88,86.64,60910,73610,93820,139120,180210,,
99,U.S.,1,US,813930,Labor Unions and Similar Labor Organizations,5-digit,5,00-0000,All Occupations,total,108090,0,,,100,100,45.12,93850,0.9,21.21,29.26,39.31,57.13,75.59,44120,60860,81760,118830,157230,,
99,U.S.,1,US,99,"Federal, State, and Local Government, excluding State and Local Government Schools and Hospitals and the U.S. Postal Service (OEWS Designation)",sector,123,00-0000,All Occupations,total,10242890,0,,,100,100,38.6,80290,0.1,18.48,23.89,33.21,48.07,64.67,38430,49690,69080,99980,134520,,
99,U.S.,1,US,99,"Federal, State, and Local Government, excluding State and Local Government Schools and Hospitals and the U.S. Postal Service (OEWS Designation)",sector,123,27-2011,Actors,detailed,60,14.8,,,0,~,27.26,*,3.5,17.44,17.44,21.49,28.66,43.68,*,*,*,*,*,,TRUE
99,U.S.,1,US,99,"Federal, State, and Local Government, excluding State and Local Government Schools and Hospitals and the U.S. Postal Service (OEWS Designation)",sector,123,27-2012,Producers and Directors,detailed,2250,1.8,,,0.02,1,43.6,90690,0.9,25.51,32.53,42.02,52.87,63.76,53060,67650,87400,109970,132620,,
99,U.S.,1,US,99,"Federal, State, and Local Government, excluding State and Local Government Schools and Hospitals and the U.S. Postal Service (OEWS Designation)",sector,123,27-2041,Music Directors and Composers,detailed,30,13.9,,,0,~,45.08,93770,12.2,24.01,26.16,38.31,48.87,104,49940,54400,79680,101650,216320,,
99,U.S.,1,US,99,"Federal, State, and Local Government, excluding State and Local Government Schools and Hospitals and the U.S. Postal Service (OEWS Designation)",sector,123,27-2042,Musicians and Singers,detailed,**,**,,,**,**,45.66,*,2.9,25.59,43.45,45.32,54.8,56.85,*,*,*,*,*,,TRUE
99,U.S.,1,US,999000,"Federal, State, and Local Government, excluding State and Local Government Schools and Hospitals and the U.S. Postal Service (OEWS Designation)",3-digit,123,00-0000,All Occupations,total,10242890,0,,,100,100,38.6,80290,0.1,18.48,23.89,33.21,48.07,64.67,38430,49690,69080,99980,134520,,
99,U.S.,1,US,999000,"Federal, State, and Local Government, excluding State and Local Government Schools and Hospitals and the U.S. Postal Service (OEWS Designation)",3-digit,123,27-2011,Actors,detailed,60,14.8,,,0,~,27.26,*,3.5,17.44,17.44,21.49,28.66,43.68,*,*,*,*,*,,TRUE
99,U.S.,1,US,999000,"Federal, State, and Local Government, excluding State and Local Government Schools and Hospitals and the U.S. Postal Service (OEWS Designation)",3-digit,123,27-2012,Producers and Directors,detailed,2250,1.8,,,0.02,1,43.6,90690,0.9,25.51,32.53,42.02,52.87,63.76,53060,67650,87400,109970,132620,,
99,U.S.,1,US,999000,"Federal, State, and Local Government, excluding State and Local Government Schools and Hospitals and the U.S. Postal Service (OEWS Designation)",3-digit,123,27-2041,Music Directors and Composers,detailed,30,13.9,,,0,~,45.08,93770,12.2,24.01,26.16,38.31,48.87,104,49940,54400,79680,101650,216320,,
99,U.S.,1,US,999000,"Federal, State, and Local Government, excluding State and Local Government Schools and Hospitals and the U.S. Postal Service (OEWS Designation)",3-digit,123,27-2042,Musicians and Singers,detailed,**,**,,,**,**,45.66,*,2.9,25.59,43.45,45.32,54.8,56.85,*,*,*,*,*,,TRUE
99,U.S.,1,US,999001,"Federal, State, and Local Government, including State and Local Government Schools and Hospitals and the U.S. Postal Service (OEWS Designation)","cross-industry, ownership",123,00-0000,All Occupations,total,22713690,0,,,,,35.88,74640,0.1,17.39,22.73,30.48,43.95,60.76,36170,47280,63390,91420,126370,,
99,U.S.,1,US,999001,"Federal, State, and Local Government, including State and Local Government Schools and Hospitals and the U.S. Postal Service (OEWS Designation)","cross-industry, ownership",123,27-2011,Actors,detailed,560,6.9,,,,,26.77,*,1.2,17.44,20.48,24.53,31.79,32.07,*,*,*,*,*,,TRUE
99,U.S.,1,US,999001,"Federal, State, and Local Government, including State and Local Government Schools and Hospitals and the U.S. Postal Service (OEWS Designation)","cross-industry, ownership",123,27-2012,Producers and Directors,detailed,5260,1.6,,,,,38.6,80280,1.1,23.53,29.27,36.47,46.2,58.22,48950,60880,75850,96100,121100,,
99,U.S.,1,US,999001,"Federal, State, and Local Government, including State and Local Government Schools and Hospitals and the U.S. Postal Service (OEWS Designation)","cross-industry, ownership",123,27-2041,Music Directors and Composers,detailed,520,9.3,,,,,34.13,70980,2.8,21.73,25.65,29.69,38.19,48.15,45190,53350,61750,79440,100150,,
99,U.S.,1,US,999001,"Federal, State, and Local Government, including State and Local Government Schools and Hospitals and the U.S. Postal Service (OEWS Designation)","cross-industry, ownership",123,27-2042,Musicians and Singers,detailed,2330,14.6,,,,,33.73,*,5.4,17.86,21.84,30.51,44.31,54.8,*,*,*,*,*,,TRUE
99,U.S.,1,US,999100,Federal Executive Branch (OEWS Designation),4-digit,1,00-0000,All Occupations,total,2156590,0,,,100,100,53.4,111080,0,26.65,34.82,49.7,66.35,85.43,55430,72430,103380,138010,177690,,
99,U.S.,1,US,999100,Federal Executive Branch (OEWS Designation),4-digit,1,27-2012,Producers and Directors,detailed,820,0,,,0.04,5,54.6,113570,0,38.19,45.58,54.36,63.37,71.49,79440,94810,113070,131810,148700,,
99,U.S.,1,US,999101,"Federal Government, including the U.S. Postal Service (OEWS Designation)","cross-industry, ownership",1,00-0000,All Occupations,total,2775480,0,,,,,48.54,100970,0,24.55,30.92,42.15,61.12,80.1,51060,64310,87670,127130,166610,,
99,U.S.,1,US,999101,"Federal Government, including the U.S. Postal Service (OEWS Designation)","cross-industry, ownership",1,27-2012,Producers and Directors,detailed,820,0,,,,,54.62,113600,0,38.26,45.66,54.27,63.37,71.49,79580,94970,112880,131810,148700,,
99,U.S.,1,US,999200,"State Government, excluding Schools and Hospitals (OEWS Designation)",4-digit,2,00-0000,All Occupations,total,2250900,0,,,100,100,36.43,75780,0,20.13,24.59,32.36,44.19,57.53,41870,51140,67320,91910,119660,,
99,U.S.,1,US,999200,"State Government, excluding Schools and Hospitals (OEWS Designation)",4-digit,2,27-2012,Producers and Directors,detailed,510,0,,,0.02,2,36.59,76110,0,24.06,29.69,36.11,42.27,48.14,50050,61740,75120,87910,100120,,
99,U.S.,1,US,999201,"State Government, including Schools and Hospitals (OEWS Designation)","cross-industry, ownership",2,00-0000,All Occupations,total,4795000,0,,,,,38.15,79340,0.1,18.69,23.97,32.09,46.05,62.9,38880,49850,66750,95770,130840,,
99,U.S.,1,US,999201,"State Government, including Schools and Hospitals (OEWS Designation)","cross-industry, ownership",2,27-2011,Actors,detailed,400,8.6,,,,,27.63,*,1.5,18.69,23.71,24.57,31.79,32.07,*,*,*,*,*,,TRUE
99,U.S.,1,US,999201,"State Government, including Schools and Hospitals (OEWS Designation)","cross-industry, ownership",2,27-2012,Producers and Directors,detailed,2720,0.3,,,,,34.07,70860,1,23.03,26.01,31.92,39.54,48.04,47900,54100,66390,82250,99920,,
99,U.S.,1,US,999201,"State Government, including Schools and Hospitals (OEWS Designation)","cross-industry, ownership",2,27-2041,Music Directors and Composers,detailed,130,3.9,,,,,35.49,73830,1.6,16.6,26.45,35.65,40.14,52.34,34520,55020,74160,83500,108860,,
99,U.S.,1,US,999201,"State Government, including Schools and Hospitals (OEWS Designation)","cross-industry, ownership",2,27-2042,Musicians and Singers,detailed,690,0.8,,,,,32.06,*,1.5,17.7,22.42,30.37,39.12,48.85,*,*,*,*,*,,TRUE
99,U.S.,1,US,999300,"Local Government, excluding Schools and Hospitals (OEWS Designation)",4-digit,3,00-0000,All Occupations,total,5835400,0,,,100,100,33.97,70650,0.1,17.25,22.25,29.69,40.63,55.96,35880,46280,61750,84500,116400,,
99,U.S.,1,US,999300,"Local Government, excluding Schools and Hospitals (OEWS Designation)",4-digit,3,27-2011,Actors,detailed,60,15.8,,,0,~,26.55,*,3.6,17.2,17.44,21.49,27.88,62.56,*,*,*,*,*,,TRUE
99,U.S.,1,US,999300,"Local Government, excluding Schools and Hospitals (OEWS Designation)",4-digit,3,27-2012,Producers and Directors,detailed,930,4.3,,,0.02,1,37.73,78480,2,21.93,29.34,35.96,44.33,52.49,45610,61030,74790,92200,109180,,
99,U.S.,1,US,999300,"Local Government, excluding Schools and Hospitals (OEWS Designation)",4-digit,3,27-2042,Musicians and Singers,detailed,**,**,,,**,**,45.66,*,2.9,25.59,43.45,45.32,54.8,56.85,*,*,*,*,*,,TRUE
99,U.S.,1,US,999301,"Local Government, including Schools and Hospitals (OEWS Designation)","cross-industry, ownership",3,00-0000,All Occupations,total,15143210,0,,,,,32.85,68320,0.1,16.57,21.61,29.24,39.04,52.23,34460,44940,60830,81200,108630,,
99,U.S.,1,US,999301,"Local Government, including Schools and Hospitals (OEWS Designation)","cross-industry, ownership",3,27-2011,Actors,detailed,160,8.9,,,,,24.65,*,2.1,17.44,19.68,21.49,25.44,30.31,*,*,*,*,*,,TRUE
99,U.S.,1,US,999301,"Local Government, including Schools and Hospitals (OEWS Designation)","cross-industry, ownership",3,27-2012,Producers and Directors,detailed,1720,4.7,,,,,38.09,79240,2,22.97,29.7,36.35,44.97,54.15,47780,61780,75600,93540,112630,,
99,U.S.,1,US,999301,"Local Government, including Schools and Hospitals (OEWS Designation)","cross-industry, ownership",3,27-2041,Music Directors and Composers,detailed,380,13,,,,,33.28,69220,3.6,24.01,25.43,28.27,36.86,46.81,49940,52900,58800,76670,97350,,
99,U.S.,1,US,999301,"Local Government, including Schools and Hospitals (OEWS Designation)","cross-industry, ownership",3,27-2042,Musicians and Singers,detailed,1640,20.7,,,,,34.43,*,7,18.09,21.61,31.03,45.21,56.85,*,*,*,*,*,,TRUE
01,Alabama,2,AL,000000,Cross-industry,cross-industry,1235,00-0000,All Occupations,total,2113660,0,1000,1,,,27.65,57500,0.3,12.54,15.41,21.96,32.11,48.68,26090,32050,45670,66790,101250,,
01,Alabama,2,AL,000000,Cross-industry,cross-industry,1235,27-2011,Actors,detailed,150,48.5,0.072,0.2,,,23.91,*,5.2,21.19,23.73,24.71,25.56,25.87,*,*,*,*,*,,TRUE
01,Alabama,2,AL,000000,Cross-industry,cross-industry,1235,27-2012,Producers and Directors,detailed,1040,6.3,0.491,0.53,,,35.41,73650,4.8,18.91,22.01,30.45,38.94,51.87,39340,45780,63340,81000,107890,,
01,Alabama,2,AL,000000,Cross-industry,cross-industry,1235,27-2041,Music Directors and Composers,detailed,70,24,0.034,0.42,,,24.99,51980,6.7,13.39,17.25,20.31,28.89,30.15,27850,35870,42250,60080,62700,,
01,Alabama,2,AL,000000,Cross-industry,cross-industry,1235,27-2042,Musicians and Singers,detailed,190,21.6,0.092,0.4,,,24.09,*,5,18.57,20,23.79,26.64,30.62,*,*,*,*,*,,TRUE
02,Alaska,2,AK,000000,Cross-industry,cross-industry,1235,00-0000,All Occupations,total,325570,0,1000,1,,,35.92,74720,0.3,16.79,20.9,29.33,44.67,61.89,34930,43470,61000,92910,128720,,
02,Alaska,2,AK,000000,Cross-industry,cross-industry,1235,27-2012,Producers and Directors,detailed,160,26.1,0.494,0.54,,,28.7,59690,8.2,20,21.65,25.99,33.81,39.85,41600,45030,54060,70310,82890,,
02,Alaska,2,AK,000000,Cross-industry,cross-industry,1235,27-2041,Music Directors and Composers,detailed,60,15.6,0.18,2.23,,,*,*,*,*,*,*,*,*,*,*,*,*,*,,
04,Arizona,2,AZ,000000,Cross-industry,cross-industry,1235,00-0000,All Occupations,total,3239430,0,1000,1,,,32.51,67620,0.6,16.44,18.35,24.07,37.42,57.78,34190,38160,50060,77830,120180,,
04,Arizona,2,AZ,000000,Cross-industry,cross-industry,1235,27-2011,Actors,detailed,380,25.1,0.117,0.33,,,23.05,*,9.1,17.46,18.03,21.16,27.37,29.13,*,*,*,*,*,,TRUE
04,Arizona,2,AZ,000000,Cross-industry,cross-industry,1235,27-2012,Producers and Directors,detailed,1720,15.5,0.532,0.58,,,45.51,94670,12.3,17.44,23.87,32.36,50.64,100.48,36260,49640,67320,105330,208990,,
04,Arizona,2,AZ,000000,Cross-industry,cross-industry,1235,27-2031,Dancers,detailed,160,43.2,0.049,0.93,,,*,*,*,*,*,*,*,*,*,*,*,*,*,,TRUE
04,Arizona,2,AZ,000000,Cross-industry,cross-industry,1235,27-2042,Musicians and Singers,detailed,410,43.8,0.127,0.54,,,*,*,*,*,*,*,*,*,*,*,*,*,*,,TRUE
05,Arkansas,2,AR,000000,Cross-industry,cross-industry,1235,00-0000,All Occupations,total,1303630,0,1000,1,,,26.39,54890,0.3,12.99,15.33,20.98,29.74,45.55,27020,31880,43630,61850,94740,,
05,Arkansas,2,AR,000000,Cross-industry,cross-industry,1235,27-2011,Actors,detailed,70,9.5,0.053,0.15,,,25.15,*,5.7,14.22,15,19.49,29.64,45.73,*,*,*,*,*,,TRUE
05,Arkansas,2,AR,000000,Cross-industry,cross-industry,1235,27-2012,Producers and Directors,detailed,700,7.9,0.534,0.58,,,21.37,44440,2.8,11.58,12.98,18.66,26.05,36.59,24090,27000,38820,54180,76110,,
05,Arkansas,2,AR,000000,Cross-industry,cross-industry,1235,27-2042,Musicians and Singers,detailed,110,25.4,0.083,0.36,,,*,*,*,*,*,*,*,*,*,*,*,*,*,,TRUE
06,California,2,CA,000000,Cross-industry,cross-industry,1235,00-0000,All Occupations,total,18213700,0,1000,1,,,38.79,80690,0.2,17.28,20,28,47.06,76.48,35950,41600,58240,97880,159080,,
06,California,2,CA,000000,Cross-industry,cross-industry,1235,27-2011,Actors,detailed,26170,36.6,1.437,4.06,,,*,*,*,*,*,*,*,*,*,*,*,*,*,,TRUE
06,California,2,CA,000000,Cross-industry,cross-industry,1235,27-2012,Producers and Directors,detailed,34110,11.5,1.873,2.03,,,74.88,155750,4.4,30.56,39.96,62.4,82.89,147.52,63570,83110,129790,172410,306850,,
06,California,2,CA,000000,Cross-industry,cross-industry,1235,27-2031,Dancers,detailed,1870,23.6,0.103,1.97,,,28.37,*,9.7,16.5,16.93,21.79,37.02,44.66,*,*,*,*,*,,TRUE
06,California,2,CA,000000,Cross-industry,cross-industry,1235,27-2041,Music Directors and Composers,detailed,2510,11.4,0.138,1.71,,,52.18,108530,7.4,23.37,32.12,44.76,60.79,84.46,48600,66810,93090,126430,175670,,
06,California,2,CA,000000,Cross-industry,cross-industry,1235,27-2042,Musicians and Singers,detailed,6840,10.7,0.376,1.61,,,61.3,*,6.4,21.61,28.23,43.83,75.32,123.63,*,*,*,*,*,,TRUE
08,Colorado,2,CO,000000,Cross-industry,cross-industry,1235,00-0000,All Occupations,total,2873900,0,1000,1,,,37.11,77190,0.4,17.48,21,28.75,44.82,65.54,36350,43680,59800,93220,136330,,
08,Colorado,2,CO,000000,Cross-industry,cross-industry,1235,27-2011,Actors,detailed,200,27.6,0.071,0.2,,,*,*,*,*,*,*,*,*,*,*,*,*,*,,TRUE
08,Colorado,2,CO,000000,Cross-industry,cross-industry,1235,27-2012,Producers and Directors,detailed,1960,7.4,0.683,0.74,,,41.42,86150,3.6,21.98,28.12,37.53,47.75,64.74,45730,58500,78060,99310,134670,,
08,Colorado,2,CO,000000,Cross-industry,cross-industry,1235,27-2041,Music Directors and Composers,detailed,160,23.6,0.056,0.69,,,44.62,92810,5.3,23.64,28.79,42.53,56.09,76.33,49170,59890,88460,116670,158760,,
08,Colorado,2,CO,000000,Cross-industry,cross-industry,1235,27-2042,Musicians and Singers,detailed,420,18.5,0.147,0.63,,,47.09,*,6.8,26.58,37.01,46.27,60.49,64.45,*,*,*,*,*,,TRUE
09,Connecticut,2,CT,000000,Cross-industry,cross-industry,1235,00-0000,All Occupations,total,1696170,0,1000,1,,,37.22,77420,0.3,17.04,19.42,28.7,45.73,65.29,35450,40390,59690,95110,135790,,
09,Connecticut,2,CT,000000,Cross-industry,cross-industry,1235,27-2011,Actors,detailed,180,3.4,0.104,0.3,,,29.51,*,1.6,17.07,17.07,27.91,37.15,37.15,*,*,*,*,*,,TRUE
09,Connecticut,2,CT,000000,Cross-industry,cross-industry,1235,27-2012,Producers and Directors,detailed,2200,6.8,1.296,1.41,,,51.75,107640,4.9,24.02,30.3,42.43,66.75,85.52,49960,63030,88260,138850,177870,,
09,Connecticut,2,CT,000000,Cross-industry,cross-industry,1235,27-2041,Music Directors and Composers,detailed,120,16.1,0.072,0.9,,,50.62,105300,12.8,22.32,27.01,37.06,57.69,99.64,46430,56180,77070,119990,207250,,
09,Connecticut,2,CT,000000,Cross-industry,cross-industry,1235,27-2042,Musicians and Singers,detailed,520,10.8,0.305,1.31,,,61.55,*,6.8,23.34,30.57,50.75,85.71,106.28,*,*,*,*,*,,TRUE
10,Delaware,2,DE,000000,Cross-industry,cross-industry,1235,00-0000,All Occupations,total,484790,0,1000,1,,,33.6,69880,0.5,15.22,17.93,25.09,39.21,61.39,31650,37300,52190,81560,127690,,
10,Delaware,2,DE,000000,Cross-industry,cross-industry,1235,27-2012,Producers and Directors,detailed,150,14.1,0.303,0.33,,,53.26,110780,5.2,24.24,28.67,34.93,76.21,114.75,50420,59640,72650,158510,238670,,
11,District of Columbia,2,DC,000000,Cross-industry,cross-industry,1235,00-0000,All Occupations,total,701920,0,1000,1,,,53.37,111010,0.5,19.06,26.66,44.01,69.56,93.84,39650,55460,91540,144680,195190,,
11,District of Columbia,2,DC,000000,Cross-industry,cross-industry,1235,27-2012,Producers and Directors,detailed,2640,7.5,3.762,4.09,,,55.31,115040,2.8,33.3,39.7,50.13,64.03,81.96,69260,82580,104270,133180,170490,,
11,District of Columbia,2,DC,000000,Cross-industry,cross-industry,1235,27-2041,Music Directors and Composers,detailed,140,26.9,0.202,2.5,,,46.89,97530,13.5,18.9,37.37,40.41,63.11,76.56,39310,77740,84040,131260,159250,,
11,District of Columbia,2,DC,000000,Cross-industry,cross-industry,1235,27-2042,Musicians and Singers,detailed,200,28.2,0.282,1.21,,,*,*,*,*,*,*,*,*,*,*,*,*,*,,TRUE
12,Florida,2,FL,000000,Cross-industry,cross-industry,1235,00-0000,All Occupations,total,9929860,0,1000,1,,,31.09,64670,0.3,14.43,17.45,23.02,36.26,55.07,30010,36290,47880,75410,114550,,
12,Florida,2,FL,000000,Cross-industry,cross-industry,1235,27-2011,Actors,detailed,6400,22,0.645,1.82,,,27.32,*,13.9,16.71,18.7,19.11,24.05,30.09,*,*,*,*,*,,TRUE
12,Florida,2,FL,000000,Cross-industry,cross-industry,1235,27-2012,Producers and Directors,detailed,7160,7.6,0.721,0.78,,,45.83,95330,3.7,22.34,29.98,38.42,52.73,78.89,46460,62360,79920,109670,164090,,
12,Florida,2,FL,000000,Cross-industry,cross-industry,1235,27-2031,Dancers,detailed,210,24.8,0.022,0.41,,,30.4,*,10.6,14.55,17.55,20.47,38.36,50.77,*,*,*,*,*,,TRUE
12,Florida,2,FL,000000,Cross-industry,cross-industry,1235,27-2041,Music Directors and Composers,detailed,570,17.5,0.057,0.71,,,31.15,64800,4.8,17.48,21.98,27.81,36.31,44.96,36350,45710,57830,75520,93510,,
12,Florida,2,FL,000000,Cross-industry,cross-industry,1235,27-2042,Musicians and Singers,detailed,2130,11.3,0.214,0.92,,,77.63,*,6.7,22.28,27,50.47,106.46,197.46,*,*,*,*,*,,TRUE
13,Georgia,2,GA,000000,Cross-industry,cross-industry,1235,00-0000,All Occupations,total,4889170,0,1000,1,,,31.69,65920,0.4,13.43,17.16,23.16,37.29,58.88,27930,35700,48170,77570,122470,,
13,Georgia,2,GA,000000,Cross-industry,cross-industry,1235,27-2011,Actors,detailed,1520,15.8,0.311,0.88,,,48.38,*,7.8,12.19,19,19.75,64.32,131.78,*,*,*,*,*,,TRUE
13,Georgia,2,GA,000000,Cross-industry,cross-industry,1235,27-2012,Producers and Directors,detailed,5010,9,1.024,1.11,,,49.65,103280,3.7,24.3,31.03,38.44,60.47,81.12,50540,64540,79950,125780,168740,,
13,Georgia,2,GA,000000,Cross-industry,cross-industry,1235,27-2041,Music Directors and Composers,detailed,**,**,**,**,,,35.8,74460,8.7,9.57,29.11,32.26,43.69,59.39,19900,60540,67100,90880,123530,,
13,Georgia,2,GA,000000,Cross-industry,cross-industry,1235,27-2042,Musicians and Singers,detailed,540,17.3,0.11,0.47,,,*,*,*,*,*,*,*,*,*,*,*,*,*,,TRUE
15,Hawaii,2,HI,000000,Cross-industry,cross-industry,1235,00-0000,All Occupations,total,627530,0,1000,1,,,33.78,70270,0.4,16.43,19.41,27.08,39.19,59.45,34170,40370,56320,81510,123660,,
15,Hawaii,2,HI,000000,Cross-industry,cross-industry,1235,27-2012,Producers and Directors,detailed,510,19.3,0.813,0.88,,,35.83,74520,7.5,21.26,23.86,31.82,39.78,63.22,44230,49620,66190,82750,131490,,
15,Hawaii,2,HI,000000,Cross-industry,cross-industry,1235,27-2031,Dancers,detailed,480,16.1,0.772,14.76,,,33.81,*,6.6,15.55,20.82,24.68,40.91,51.28,*,*,*,*,*,,TRUE
15,Hawaii,2,HI,000000,Cross-industry,cross-industry,1235,27-2041,Music Directors and Composers,detailed,90,43.9,0.141,1.74,,,41.86,87060,11.8,25.86,30.4,35.85,44.42,55.96,53790,63230,74570,92400,116390,,
15,Hawaii,2,HI,000000,Cross-industry,cross-industry,1235,27-2042,Musicians and Singers,detailed,740,14.5,1.183,5.08,,,66.65,*,14.7,25.59,32.73,52.59,64.44,140,*,*,*,*,*,,TRUE
16,Idaho,2,ID,000000,Cross-industry,cross-industry,1235,00-0000,All Occupations,total,857440,0,1000,1,,,29.41,61170,0.4,14.09,17.63,23.06,34.77,49.63,29300,36660,47970,72320,103240,,
16,Idaho,2,ID,000000,Cross-industry,cross-industry,1235,27-2012,Producers and Directors,detailed,380,8.7,0.439,0.48,,,33.59,69860,7.5,18.46,22.85,29.4,37.3,61.67,38400,47520,61150,77580,128260,,
17,Illinois,2,IL,000000,Cross-industry,cross-industry,1235,00-0000,All Occupations,total,6098130,0,1000,1,,,34.2,71130,0.2,15.82,18.25,24.98,39.93,61.43,32900,37960,51960,83060,127770,,
17,Illinois,2,IL,000000,Cross-industry,cross-industry,1235,27-2011,Actors,detailed,1060,17.5,0.174,0.49,,,26.11,*,4.6,15,15,15,26.58,49.29,*,*,*,*,*,,TRUE
17,Illinois,2,IL,000000,Cross-industry,cross-industry,1235,27-2012,Producers and Directors,detailed,3170,10.2,0.52,0.56,,,46.11,95920,5.8,19.83,28.26,38.98,51.11,81.27,41250,58790,81080,106320,169040,,
17,Illinois,2,IL,000000,Cross-industry,cross-industry,1235,27-2041,Music Directors and Composers,detailed,**,**,**,**,,,29.02,60360,8.5,15.35,18.02,23.69,31.5,50,31930,37470,49270,65520,104000,,
17,Illinois,2,IL,000000,Cross-industry,cross-industry,1235,27-2042,Musicians and Singers,detailed,1300,14.7,0.213,0.92,,,57.5,*,10.4,17.53,21.82,53.12,77.59,125.95,*,*,*,*,*,,TRUE
18,Indiana,2,IN,000000,Cross-industry,cross-industry,1235,00-0000,All Occupations,total,3201220,0,1000,1,,,29.25,60840,0.2,14,17.55,23.01,34.62,48.63,29120,36500,47860,72000,101160,,
18,Indiana,2,IN,000000,Cross-industry,cross-industry,1235,27-2011,Actors,detailed,510,13.6,0.158,0.45,,,*,*,*,*,*,*,*,*,*,*,*,*,*,,TRUE
18,Indiana,2,IN,000000,Cross-industry,cross-industry,1235,27-2012,Producers and Directors,detailed,1480,7.3,0.463,0.5,,,31.22,64940,2.3,17.81,20.14,28.79,38.7,46.2,37040,41890,59870,80490,96100,,
18,Indiana,2,IN,000000,Cross-industry,cross-industry,1235,27-2031,Dancers,detailed,140,40.6,0.045,0.86,,,31.47,*,11.8,15.1,15.61,24.46,41.53,47.31,*,*,*,*,*,,TRUE
18,Indiana,2,IN,000000,Cross-industry,cross-industry,1235,27-2041,Music Directors and Composers,detailed,200,15.2,0.063,0.78,,,43.87,91240,8.8,22.83,24.59,37.15,59.51,84.43,47480,51150,77270,123790,175610,,
18,Indiana,2,IN,000000,Cross-industry,cross-industry,1235,27-2042,Musicians and Singers,detailed,400,13.1,0.124,0.53,,,41.47,*,8,19.34,24.41,39.92,51.47,72.93,*,*,*,*,*,,TRUE
19,Iowa,2,IA,000000,Cross-industry,cross-industry,1235,00-0000,All Occupations,total,1559240,0,1000,1,,,28.76,59830,0.2,13.91,17.58,23.34,33.79,47.9,28930,36570,48540,70290,99630,,
19,Iowa,2,IA,000000,Cross-industry,cross-industry,1235,27-2012,Producers and Directors,detailed,720,6.9,0.462,0.5,,,31.11,64710,4.7,17.74,20.66,28.15,36.37,48.67,36900,42980,58550,75650,101230,,
19,Iowa,2,IA,000000,Cross-industry,cross-industry,1235,27-2041,Music Directors and Composers,detailed,120,22.1,0.08,0.99,,,32.09,66750,5.1,13.7,24.79,29.68,35.14,48.25,28500,51570,61740,73080,100360,,
19,Iowa,2,IA,000000,Cross-industry,cross-industry,1235,27-2042,Musicians and Singers,detailed,250,6.2,0.163,0.7,,,57.32,*,9.4,16.73,22.49,35.65,64.09,129.17,*,*,*,*,*,,TRUE
20,Kansas,2,KS,000000,Cross-industry,cross-industry,1235,00-0000,All Occupations,total,1437520,0,1000,1,,,29.15,60640,0.3,13.72,17.25,23.08,34.75,49.64,28530,35880,48010,72280,103250,,
20,Kansas,2,KS,000000,Cross-industry,cross-industry,1235,27-2012,Producers and Directors,detailed,420,14.6,0.289,0.31,,,32.6,67800,6.3,17.43,19.33,29.14,37.85,54.35,36260,40210,60600,78740,113050,,
20,Kansas,2,KS,000000,Cross-industry,cross-industry,1235,27-2031,Dancers,detailed,**,**,**,**,,,23.77,*,6.5,12.64,14.51,24.27,30.57,38.05,*,*,*,*,*,,TRUE
20,Kansas,2,KS,000000,Cross-industry,cross-industry,1235,27-2042,Musicians and Singers,detailed,260,5.3,0.181,0.78,,,47.65,*,4.8,16.7,22.86,28.64,84.13,84.13,*,*,*,*,*,,TRUE
21,Kentucky,2,KY,000000,Cross-industry,cross-industry,1235,00-0000,All Occupations,total,2000360,0,1000,1,,,28.36,58990,0.3,13.45,17.02,22.56,32.1,47.3,27970,35410,46920,66760,98380,,
21,Kentucky,2,KY,000000,Cross-industry,cross-industry,1235,27-2011,Actors,detailed,90,34.8,0.046,0.13,,,27.35,*,20.7,11.54,13.29,18.85,24.66,54.44,*,*,*,*,*,,TRUE
21,Kentucky,2,KY,000000,Cross-industry,cross-industry,1235,27-2012,Producers and Directors,detailed,950,9.6,0.476,0.52,,,29.77,61920,3.6,17.24,21.96,26.23,35.98,46.14,35860,45680,54550,74830,95970,,
21,Kentucky,2,KY,000000,Cross-industry,cross-industry,1235,27-2042,Musicians and Singers,detailed,130,47,0.065,0.28,,,*,*,*,*,*,*,*,*,*,*,*,*,*,,TRUE
22,Louisiana,2,LA,000000,Cross-industry,cross-industry,1235,00-0000,All Occupations,total,1934900,0,1000,1,,,27.21,56600,0.2,10.92,14.59,21.89,31.9,48.13,22710,30350,45520,66340,100110,,
22,Louisiana,2,LA,000000,Cross-industry,cross-industry,1235,27-2012,Producers and Directors,detailed,880,10.4,0.454,0.49,,,41.94,87230,8.8,17.19,21.99,30.25,52.31,72.22,35750,45750,62920,108800,150220,,
22,Louisiana,2,LA,000000,Cross-industry,cross-industry,1235,27-2042,Musicians and Singers,detailed,150,32.2,0.079,0.34,,,*,*,*,*,*,*,*,*,*,*,*,*,*,,TRUE
23,Maine,2,ME,000000,Cross-industry,cross-industry,1235,00-0000,All Occupations,total,640610,0,1000,1,,,31.63,65780,0.3,16.89,19.29,24.73,36.65,50.72,35140,40120,51430,76230,105510,,
23,Maine,2,ME,000000,Cross-industry,cross-industry,1235,27-2012,Producers and Directors,detailed,400,13.4,0.617,0.67,,,41.18,85650,7.7,21.16,23.54,34.29,60.97,66.46,44000,48970,71320,126820,138230,,
23,Maine,2,ME,000000,Cross-industry,cross-industry,1235,27-2042,Musicians and Singers,detailed,30,26.8,0.054,0.23,,,39.4,*,9.4,31.9,33.47,35.76,40.21,55.8,*,*,*,*,*,,TRUE
24,Maryland,2,MD,000000,Cross-industry,cross-industry,1235,00-0000,All Occupations,total,2763030,0,1000,1,,,37.3,77580,0.3,16.6,18.96,28.61,47.12,69.91,34520,39440,59510,98010,145410,,
24,Maryland,2,MD,000000,Cross-industry,cross-industry,1235,27-2011,Actors,detailed,520,12.3,0.188,0.53,,,35.21,*,7.3,16.41,18.66,36.98,39.59,49.14,*,*,*,*,*,,TRUE
24,Maryland,2,MD,000000,Cross-industry,cross-industry,1235,27-2012,Producers and Directors,detailed,1610,10.7,0.584,0.63,,,43.73,90950,3.1,21.03,28.17,38.15,53.84,71.49,43740,58580,79350,111990,148700,,
24,Maryland,2,MD,000000,Cross-industry,cross-industry,1235,27-2041,Music Directors and Composers,detailed,160,24.3,0.059,0.74,,,38.52,80120,11,23.29,24.72,30.91,48.73,60,48450,51410,64300,101350,124790,,
24,Maryland,2,MD,000000,Cross-industry,cross-industry,1235,27-2042,Musicians and Singers,detailed,570,17.9,0.206,0.88,,,47.07,*,10.6,25.06,30.6,38.97,59.68,64.91,*,*,*,*,*,,TRUE
25,Massachusetts,2,MA,000000,Cross-industry,cross-industry,1235,00-0000,All Occupations,total,3637650,0,1000,1,,,41.16,85610,0.3,17.47,21.51,30.57,49.32,78.37,36330,44730,63590,102580,163010,,
25,Massachusetts,2,MA,000000,Cross-industry,cross-industry,1235,27-2011,Actors,detailed,660,24,0.181,0.51,,,*,*,*,*,*,*,*,*,*,*,*,*,*,,TRUE
25,Massachusetts,2,MA,000000,Cross-industry,cross-industry,1235,27-2012,Producers and Directors,detailed,3440,6.8,0.945,1.03,,,45.6,94850,4.1,22.03,28.95,38.93,50.93,72.18,45820,60220,80970,105940,150140,,
25,Massachusetts,2,MA,000000,Cross-industry,cross-industry,1235,27-2041,Music Directors and Composers,detailed,340,11.9,0.094,1.16,,,44.79,93170,4,24.58,30.67,37.8,54.88,72.3,51120,63800,78620,114150,150380,,
25,Massachusetts,2,MA,000000,Cross-industry,cross-industry,1235,27-2042,Musicians and Singers,detailed,680,13.6,0.186,0.8,,,53.75,*,4,19.21,27.97,38.92,63.19,131.62,*,*,*,*,*,,TRUE
26,Michigan,2,MI,000000,Cross-industry,cross-industry,1235,00-0000,All Occupations,total,4403730,0,1000,1,,,31.21,64920,0.2,14.56,17.82,23.69,37.46,53.2,30290,37070,49270,77910,110650,,
26,Michigan,2,MI,000000,Cross-industry,cross-industry,1235,27-2011,Actors,detailed,150,43.2,0.033,0.09,,,*,*,*,*,*,*,*,*,*,*,*,*,*,,TRUE
26,Michigan,2,MI,000000,Cross-industry,cross-industry,1235,27-2012,Producers and Directors,detailed,2310,5.5,0.525,0.57,,,38.28,79620,4.1,18.51,23.99,31.6,45.48,58.76,38500,49900,65720,94590,122220,,
26,Michigan,2,MI,000000,Cross-industry,cross-industry,1235,27-2031,Dancers,detailed,140,48.3,0.032,0.61,,,*,*,*,*,*,*,*,*,*,*,*,*,*,,TRUE
26,Michigan,2,MI,000000,Cross-industry,cross-industry,1235,27-2041,Music Directors and Composers,detailed,310,17.6,0.071,0.87,,,33.08,68810,5.9,17.64,21.01,28.56,37.63,60.14,36700,43710,59400,78260,125090,,
26,Michigan,2,MI,000000,Cross-industry,cross-industry,1235,27-2042,Musicians and Singers,detailed,1340,25.9,0.304,1.31,,,41.5,*,6.8,19.69,23.96,36.63,53.07,77.59,*,*,*,*,*,,TRUE
27,Minnesota,2,MN,000000,Cross-industry,cross-industry,1235,00-0000,All Occupations,total,2949820,0,1000,1,,,34.21,71160,0.3,16.12,19.08,27.36,39.67,60.45,33540,39680,56920,82520,125730,,
27,Minnesota,2,MN,000000,Cross-industry,cross-industry,1235,27-2011,Actors,detailed,520,29.4,0.175,0.49,,,25.11,*,10.6,17.5,18.01,18.95,30.35,32.51,*,*,*,*,*,,TRUE
27,Minnesota,2,MN,000000,Cross-industry,cross-industry,1235,27-2012,Producers and Directors,detailed,1390,7.8,0.47,0.51,,,39.31,81760,3.4,19.14,25.72,36.71,48.22,62.86,39800,53510,76360,100300,130750,,
27,Minnesota,2,MN,000000,Cross-industry,cross-industry,1235,27-2031,Dancers,detailed,160,47.9,0.056,1.06,,,16.81,*,11.2,14.77,14.88,16.75,16.82,17.17,*,*,*,*,*,,TRUE
27,Minnesota,2,MN,000000,Cross-industry,cross-industry,1235,27-2041,Music Directors and Composers,detailed,140,13.3,0.048,0.6,,,*,*,*,*,*,*,*,*,*,*,*,*,*,,
27,Minnesota,2,MN,000000,Cross-industry,cross-industry,1235,27-2042,Musicians and Singers,detailed,540,18,0.183,0.79,,,73.24,*,11.2,15.23,31.16,53.64,132.05,134.16,*,*,*,*,*,,TRUE
28,Mississippi,2,MS,000000,Cross-industry,cross-industry,1235,00-0000,All Occupations,total,1163030,0,1000,1,,,24.43,50810,0.3,11.05,14.31,19.29,28.93,40.62,22970,29760,40120,60180,84500,,
28,Mississippi,2,MS,000000,Cross-industry,cross-industry,1235,27-2011,Actors,detailed,80,45,0.065,0.18,,,23.34,*,12.4,22.67,23.71,23.71,23.71,23.71,*,*,*,*,*,,TRUE
28,Mississippi,2,MS,000000,Cross-industry,cross-industry,1235,27-2012,Producers and Directors,detailed,390,10.3,0.334,0.36,,,26.95,56050,3.9,13.09,19.89,23.13,30.33,40.39,27230,41370,48100,63090,84010,,
28,Mississippi,2,MS,000000,Cross-industry,cross-industry,1235,27-2041,Music Directors and Composers,detailed,40,9.2,0.037,0.46,,,30.47,63380,2.6,15.72,26.8,29.92,36.47,42.05,32700,55750,62240,75870,87460,,
28,Mississippi,2,MS,000000,Cross-industry,cross-industry,1235,27-2042,Musicians and Singers,detailed,80,34.7,0.069,0.3,,,*,*,*,*,*,*,*,*,*,*,*,*,*,,TRUE
29,Missouri,2,MO,000000,Cross-industry,cross-industry,1235,00-0000,All Occupations,total,2936050,0,1000,1,,,29.89,62160,0.3,14.32,17.39,22.98,35.7,50.15,29780,36160,47800,74260,104320,,
29,Missouri,2,MO,000000,Cross-industry,cross-industry,1235,27-2011,Actors,detailed,450,18.8,0.154,0.44,,,27.32,*,8.6,13.75,15.25,19.2,23.25,35.86,*,*,*,*,*,,TRUE
29,Missouri,2,MO,000000,Cross-industry,cross-industry,1235,27-2012,Producers and Directors,detailed,1630,10.6,0.556,0.6,,,37.92,78870,5.9,18.08,23.42,31.95,49.73,59.68,37610,48710,66460,103440,124130,,
29,Missouri,2,MO,000000,Cross-industry,cross-industry,1235,27-2031,Dancers,detailed,440,23.3,0.15,2.87,,,24.26,*,7.6,13.75,20,22.51,28.57,34.76,*,*,*,*,*,,TRUE
29,Missouri,2,MO,000000,Cross-industry,cross-industry,1235,27-2041,Music Directors and Composers,detailed,60,28.5,0.019,0.23,,,35.01,72810,21.3,21.63,23.09,29.65,39.44,54.65,44990,48030,61670,82030,113670,,
29,Missouri,2,MO,000000,Cross-industry,cross-industry,1235,27-2042,Musicians and Singers,detailed,620,11.4,0.21,0.9,,,42.28,*,9.6,14.7,24.14,39.22,49.65,84.67,*,*,*,*,*,,TRUE
30,Montana,2,MT,000000,Cross-industry,cross-industry,1235,00-0000,All Occupations,total,511580,0,1000,1,,,29.27,60880,0.3,14.13,17.89,23.43,34.92,48.37,29390,37210,48740,72640,100610,,
30,Montana,2,MT,000000,Cross-industry,cross-industry,1235,27-2011,Actors,detailed,70,28.8,0.146,0.41,,,*,*,*,*,*,*,*,*,*,*,*,*,*,,TRUE
30,Montana,2,MT,000000,Cross-industry,cross-industry,1235,27-2012,Producers and Directors,detailed,390,9.4,0.761,0.83,,,30.52,63490,5.7,15.66,19.27,25.28,37.01,47.51,32570,40070,52580,76990,98820,,
30,Montana,2,MT,000000,Cross-industry,cross-industry,1235,27-2041,Music Directors and Composers,detailed,110,29.3,0.212,2.62,,,27.04,56230,6.6,21.26,22.96,24.77,27.99,36.87,44230,47750,51530,58220,76680,,
30,Montana,2,MT,000000,Cross-industry,cross-industry,1235,27-2042,Musicians and Singers,detailed,260,22.8,0.505,2.17,,,54.03,*,10.6,15.79,25.44,46.84,67.24,92.86,*,*,*,*,*,,TRUE
31,Nebraska,2,NE,000000,Cross-industry,cross-industry,1235,00-0000,All Occupations,total,1024370,0,1000,1,,,30,62400,0.3,14.48,17.97,23.55,35.5,49.57,30120,37370,48980,73830,103110,,
31,Nebraska,2,NE,000000,Cross-industry,cross-industry,1235,27-2012,Producers and Directors,detailed,470,12.3,0.455,0.49,,,29.99,62370,4.2,16.23,21.29,25.28,36.87,48.59,33750,44280,52580,76690,101070,,
32,Nevada,2,NV,000000,Cross-industry,cross-industry,1235,00-0000,All Occupations,total,1551540,0,1000,1,,,29.83,62050,0.6,13.59,17.38,22.91,35.65,51,28270,36150,47660,74140,106080,,
32,Nevada,2,NV,000000,Cross-industry,cross-industry,1235,27-2011,Actors,detailed,790,41.9,0.512,1.45,,,17.19,*,23.9,12.74,12.75,12.76,13.86,33.68,*,*,*,*,*,,TRUE
32,Nevada,2,NV,000000,Cross-industry,cross-industry,1235,27-2012,Producers and Directors,detailed,1630,11.2,1.052,1.14,,,44.75,93070,5,18.47,26.27,37.73,57.51,79.28,38420,54630,78480,119620,164900,,
32,Nevada,2,NV,000000,Cross-industry,cross-industry,1235,27-2031,Dancers,detailed,430,29.6,0.279,5.34,,,41.89,*,18.8,12,18.88,38.75,51.07,74.21,*,*,*,*,*,,TRUE
32,Nevada,2,NV,000000,Cross-industry,cross-industry,1235,27-2042,Musicians and Singers,detailed,260,18.1,0.167,0.72,,,71.62,*,18.3,24.64,26.53,65.46,92,174.87,*,*,*,*,*,,TRUE
33,New Hampshire,2,NH,000000,Cross-industry,cross-industry,1235,00-0000,All Occupations,total,683290,0,1000,1,,,34.31,71360,0.4,15.88,19.16,26.87,39.32,61.03,33030,39860,55880,81780,126930,,
33,New Hampshire,2,NH,000000,Cross-industry,cross-industry,1235,27-2012,Producers and Directors,detailed,300,10.6,0.445,0.48,,,31.27,65050,7,12.77,21.9,29.6,38.85,46.42,26560,45560,61560,80810,96560,,
34,New Jersey,2,NJ,000000,Cross-industry,cross-industry,1235,00-0000,All Occupations,total,4285720,0,1000,1,,,37.52,78040,0.3,16.56,18.94,28.16,46.5,68.63,34450,39400,58570,96720,142750,,
34,New Jersey,2,NJ,000000,Cross-industry,cross-industry,1235,27-2011,Actors,detailed,470,33.3,0.111,0.31,,,28.44,*,6.3,17.63,18.54,24.29,28.81,49.99,*,*,*,*,*,,TRUE
34,New Jersey,2,NJ,000000,Cross-industry,cross-industry,1235,27-2012,Producers and Directors,detailed,2970,8,0.694,0.75,,,59.77,124310,3.4,29.96,37.56,57.62,77.67,99.41,62310,78120,119840,161550,206770,,
34,New Jersey,2,NJ,000000,Cross-industry,cross-industry,1235,27-2041,Music Directors and Composers,detailed,210,13.8,0.05,0.62,,,64.2,133540,3.9,32.54,47.79,59.02,82.25,98.91,67690,99410,122750,171070,205740,,
34,New Jersey,2,NJ,000000,Cross-industry,cross-industry,1235,27-2042,Musicians and Singers,detailed,570,26.4,0.134,0.58,,,*,*,*,*,*,*,*,*,*,*,*,*,*,,TRUE
35,New Mexico,2,NM,000000,Cross-industry,cross-industry,1235,00-0000,All Occupations,total,870970,0,1000,1,,,29.96,62330,0.3,13.83,16.95,22.7,36.07,52.92,28760,35260,47210,75030,110070,,
35,New Mexico,2,NM,000000,Cross-industry,cross-industry,1235,27-2012,Producers and Directors,detailed,520,19.9,0.597,0.65,,,*,*,*,*,*,*,*,*,*,*,*,*,*,,
35,New Mexico,2,NM,000000,Cross-industry,cross-industry,1235,27-2042,Musicians and Singers,detailed,60,25.3,0.065,0.28,,,54.44,*,10.1,14.66,26.25,45.14,88.6,118.83,*,*,*,*,*,,TRUE
36,New York,2,NY,000000,Cross-industry,cross-industry,1235,00-0000,All Occupations,total,9688000,0,1000,1,,,39.65,82460,0.2,17.19,19.79,28.69,47.51,75.72,35760,41160,59670,98810,157500,,
36,New York,2,NY,000000,Cross-industry,cross-industry,1235,27-2011,Actors,detailed,6630,29.2,0.685,1.94,,,50.16,*,15.3,20.8,26.61,28.44,81.61,97.95,*,*,*,*,*,,TRUE
36,New York,2,NY,000000,Cross-industry,cross-industry,1235,27-2012,Producers and Directors,detailed,27990,4,2.889,3.14,,,64.81,134810,2.9,29.79,38.32,51.71,81.37,107.01,61960,79700,107550,169260,222580,,
36,New York,2,NY,000000,Cross-industry,cross-industry,1235,27-2031,Dancers,detailed,1170,17.8,0.121,2.32,,,35.7,*,9.9,16.26,17.18,26.32,52.3,75,*,*,*,*,*,,TRUE
36,New York,2,NY,000000,Cross-industry,cross-industry,1235,27-2041,Music Directors and Composers,detailed,2370,30.7,0.245,3.03,,,50.73,105520,14.2,22.42,27.35,39.87,67.42,95.88,46640,56890,82930,140230,199430,,
36,New York,2,NY,000000,Cross-industry,cross-industry,1235,27-2042,Musicians and Singers,detailed,5470,10.4,0.564,2.42,,,*,*,*,*,*,*,*,*,*,*,*,*,*,,TRUE
37,North Carolina,2,NC,000000,Cross-industry,cross-industry,1235,00-0000,All Occupations,total,4941820,0,1000,1,,,30.91,64290,0.2,13.74,17.32,23.06,36.35,57.52,28580,36030,47970,75610,119640,,
37,North Carolina,2,NC,000000,Cross-industry,cross-industry,1235,27-2011,Actors,detailed,730,13.2,0.148,0.42,,,22.05,*,4.6,9.92,13.47,18.83,22.34,32.85,*,*,*,*,*,,TRUE
37,North Carolina,2,NC,000000,Cross-industry,cross-industry,1235,27-2012,Producers and Directors,detailed,3500,8.1,0.709,0.77,,,36.14,75170,4.4,16.4,19.34,30.62,42.52,64.02,34120,40230,63700,88430,133170,,
37,North Carolina,2,NC,000000,Cross-industry,cross-industry,1235,27-2041,Music Directors and Composers,detailed,200,15.8,0.041,0.51,,,40.55,84340,6.3,18.5,23.85,30.47,39.63,91.48,38480,49610,63380,82430,190280,,
37,North Carolina,2,NC,000000,Cross-industry,cross-industry,1235,27-2042,Musicians and Singers,detailed,750,10.6,0.152,0.65,,,50.44,*,5.4,12.5,27.86,57.96,63.43,83.45,*,*,*,*,*,,TRUE
38,North Dakota,2,ND,000000,Cross-industry,cross-industry,1235,00-0000,All Occupations,total,429430,0,1000,1,,,30.79,64050,0.3,15.06,18.56,25.23,36.45,49.59,31330,38600,52480,75810,103160,,
38,North Dakota,2,ND,000000,Cross-industry,cross-industry,1235,27-2012,Producers and Directors,detailed,170,12.3,0.391,0.43,,,30.14,62700,7.8,18.26,20.63,27.82,36.35,46.78,37970,42910,57870,75600,97300,,
39,Ohio,2,OH,000000,Cross-industry,cross-industry,1235,00-0000,All Occupations,total,5550180,0,1000,1,,,30.96,64390,0.2,14.04,17.7,23.74,37.3,51.34,29210,36820,49380,77570,106800,,
39,Ohio,2,OH,000000,Cross-industry,cross-industry,1235,27-2011,Actors,detailed,170,28.6,0.03,0.08,,,21.2,*,18.3,11.06,11.23,13.51,24.87,31.57,*,*,*,*,*,,TRUE
39,Ohio,2,OH,000000,Cross-industry,cross-industry,1235,27-2012,Producers and Directors,detailed,1610,5.4,0.29,0.31,,,37.6,78200,3.6,21.61,25.28,33.34,44.76,58.87,44950,52590,69350,93090,122450,,
39,Ohio,2,OH,000000,Cross-industry,cross-industry,1235,27-2041,Music Directors and Composers,detailed,440,10.6,0.079,0.98,,,35.52,73880,4.5,19.4,23.88,29.51,39.12,58.31,40350,49670,61380,81360,121270,,
39,Ohio,2,OH,000000,Cross-industry,cross-industry,1235,27-2042,Musicians and Singers,detailed,1760,7.3,0.317,1.36,,,46.27,*,4.1,18.59,24.98,33.36,60.79,75.9,*,*,*,*,*,,TRUE
40,Oklahoma,2,OK,000000,Cross-industry,cross-industry,1235,00-0000,All Occupations,total,1707680,0,1000,1,,,27.38,56950,0.3,12.43,15.74,21.92,31.73,48.41,25850,32740,45600,66000,100690,,
40,Oklahoma,2,OK,000000,Cross-industry,cross-industry,1235,27-2012,Producers and Directors,detailed,770,16.9,0.451,0.49,,,33.81,70320,8.9,18.38,21.92,29.61,42.79,49.42,38220,45590,61600,89010,102800,,
40,Oklahoma,2,OK,000000,Cross-industry,cross-industry,1235,27-2041,Music Directors and Composers,detailed,60,22.2,0.037,0.46,,,42.51,88420,10.7,14.2,21.26,26.08,64.74,80.65,29540,44230,54250,134670,167740,,
40,Oklahoma,2,OK,000000,Cross-industry,cross-industry,1235,27-2042,Musicians and Singers,detailed,280,10.3,0.164,0.7,,,*,*,*,*,*,*,*,*,*,*,*,*,*,,TRUE
41,Oregon,2,OR,000000,Cross-industry,cross-industry,1235,00-0000,All Occupations,total,1967130,0,1000,1,,,34.84,72460,0.2,17.15,20.52,27.4,39.94,62.27,35680,42690,57000,83070,129520,,
41,Oregon,2,OR,000000,Cross-industry,cross-industry,1235,27-2011,Actors,detailed,470,33.1,0.241,0.68,,,39.91,*,13.4,22.26,24.22,29.81,35.61,56.87,*,*,*,*,*,,TRUE
41,Oregon,2,OR,000000,Cross-industry,cross-industry,1235,27-2012,Producers and Directors,detailed,1640,9.9,0.834,0.91,,,46.01,95710,3.5,23.73,28.97,42.05,59.29,68.99,49350,60260,87460,123320,143490,,
41,Oregon,2,OR,000000,Cross-industry,cross-industry,1235,27-2031,Dancers,detailed,70,16.4,0.035,0.67,,,30.56,*,4.7,22.96,30.33,30.8,33.17,33.17,*,*,*,*,*,,TRUE
41,Oregon,2,OR,000000,Cross-industry,cross-industry,1235,27-2041,Music Directors and Composers,detailed,500,15.1,0.255,3.16,,,33.46,69590,6.5,19.4,20,29.23,41.77,55.65,40340,41600,60800,86880,115740,,
41,Oregon,2,OR,000000,Cross-industry,cross-industry,1235,27-2042,Musicians and Singers,detailed,1310,11.9,0.665,2.86,,,*,*,*,*,*,*,*,*,*,*,*,*,*,,TRUE
42,Pennsylvania,2,PA,000000,Cross-industry,cross-industry,1235,00-0000,All Occupations,total,6064600,0,1000,1,,,31.6,65730,0.2,13.91,17.64,23.89,37.63,56.66,28920,36690,49690,78270,117860,,
42,Pennsylvania,2,PA,000000,Cross-industry,cross-industry,1235,27-2011,Actors,detailed,890,13,0.146,0.41,,,27.22,*,4.2,13.9,18.24,22.15,25.48,37.33,*,*,*,*,*,,TRUE
42,Pennsylvania,2,PA,000000,Cross-industry,cross-industry,1235,27-2012,Producers and Directors,detailed,4200,8.6,0.693,0.75,,,40,83200,3.9,19.57,26.46,36.28,48.21,62.77,40700,55040,75460,100290,130560,,
42,Pennsylvania,2,PA,000000,Cross-industry,cross-industry,1235,27-2041,Music Directors and Composers,detailed,580,10.1,0.095,1.18,,,35.85,74570,11.3,17.57,22.66,29.41,38.19,52.59,36540,47130,61160,79440,109380,,
42,Pennsylvania,2,PA,000000,Cross-industry,cross-industry,1235,27-2042,Musicians and Singers,detailed,1160,13.9,0.191,0.82,,,*,*,*,*,*,*,*,*,*,*,*,*,*,,TRUE
44,Rhode Island,2,RI,000000,Cross-industry,cross-industry,1235,00-0000,All Occupations,total,501340,0,1000,1,,,34.57,71900,0.5,15.61,19.12,27.3,40.96,61.6,32470,39780,56780,85200,128120,,
44,Rhode Island,2,RI,000000,Cross-industry,cross-industry,1235,27-2012,Producers and Directors,detailed,560,17.9,1.107,1.2,,,43.62,90730,8.6,20.72,27.91,40.51,47.55,65.56,43090,58050,84250,98910,136360,,
44,Rhode Island,2,RI,000000,Cross-industry,cross-industry,1235,27-2041,Music Directors and Composers,detailed,150,20.9,0.289,3.59,,,*,*,*,*,*,*,*,*,*,*,*,*,*,,
45,South Carolina,2,SC,000000,Cross-industry,cross-industry,1235,00-0000,All Occupations,total,2305080,0,1000,1,,,28.5,59280,0.3,13.01,16.65,22.35,33.82,49.52,27070,34630,46490,70340,103010,,
45,South Carolina,2,SC,000000,Cross-industry,cross-industry,1235,27-2011,Actors,detailed,140,18.8,0.061,0.17,,,*,*,*,*,*,*,*,*,*,*,*,*,*,,TRUE
45,South Carolina,2,SC,000000,Cross-industry,cross-industry,1235,27-2012,Producers and Directors,detailed,1190,9.3,0.516,0.56,,,35.1,73000,5.9,18.63,21.9,26.94,40.86,65.56,38760,45540,56030,84990,136360,,
45,South Carolina,2,SC,000000,Cross-industry,cross-industry,1235,27-2042,Musicians and Singers,detailed,330,14.1,0.145,0.62,,,40.91,*,24.3,13.11,13.11,19.27,47.84,104.87,*,*,*,*,*,,TRUE
46,South Dakota,2,SD,000000,Cross-industry,cross-industry,1235,00-0000,All Occupations,total,457380,0,1000,1,,,27.7,57610,0.3,14.09,17.32,22.63,30.78,45.63,29300,36030,47080,64020,94900,,
46,South Dakota,2,SD,000000,Cross-industry,cross-industry,1235,27-2012,Producers and Directors,detailed,170,8.4,0.361,0.39,,,31.3,65090,4.5,18.34,22.75,28.97,34.91,52.49,38140,47320,60260,72610,109180,,
47,Tennessee,2,TN,000000,Cross-industry,cross-industry,1235,00-0000,All Occupations,total,3278760,0,1000,1,,,29.23,60800,0.3,13.75,17.23,22.78,34.16,49.58,28600,35830,47380,71050,103130,,
47,Tennessee,2,TN,000000,Cross-industry,cross-industry,1235,27-2011,Actors,detailed,370,24.2,0.113,0.32,,,38.08,*,12.3,17.5,18,21.82,26.83,110.57,*,*,*,*,*,,TRUE
47,Tennessee,2,TN,000000,Cross-industry,cross-industry,1235,27-2012,Producers and Directors,detailed,2920,8.5,0.89,0.97,,,37.83,78680,4.1,17.37,23.87,35.11,47.7,63.75,36120,49650,73020,99220,132610,,
47,Tennessee,2,TN,000000,Cross-industry,cross-industry,1235,27-2031,Dancers,detailed,150,49.3,0.045,0.86,,,*,*,*,*,*,*,*,*,*,*,*,*,*,,TRUE
47,Tennessee,2,TN,000000,Cross-industry,cross-industry,1235,27-2041,Music Directors and Composers,detailed,400,30.8,0.121,1.49,,,33.77,70240,24.1,8.9,8.94,38.29,48.03,56.65,18520,18600,79640,99900,117820,,
47,Tennessee,2,TN,000000,Cross-industry,cross-industry,1235,27-2042,Musicians and Singers,detailed,1860,16.4,0.568,2.44,,,*,*,*,*,*,*,*,*,*,*,*,*,*,,TRUE
48,Texas,2,TX,000000,Cross-industry,cross-industry,1235,00-0000,All Occupations,total,14071160,0,1000,1,,,31.61,65750,0.2,13.1,17.01,23.38,37.42,60.2,27250,35370,48620,77840,125220,,
48,Texas,2,TX,000000,Cross-industry,cross-industry,1235,27-2011,Actors,detailed,2160,38.8,0.153,0.43,,,47.11,*,29.1,14.97,18.07,25.86,67.01,111.29,*,*,*,*,*,,TRUE
48,Texas,2,TX,000000,Cross-industry,cross-industry,1235,27-2012,Producers and Directors,detailed,6610,7.2,0.47,0.51,,,40.9,85080,3.2,19.53,23.57,34.48,47.64,70.36,40610,49020,71710,99100,146340,,
48,Texas,2,TX,000000,Cross-industry,cross-industry,1235,27-2031,Dancers,detailed,190,16.8,0.014,0.26,,,30.33,*,2.2,11.11,24.03,35.31,36.9,41.35,*,*,*,*,*,,TRUE
48,Texas,2,TX,000000,Cross-industry,cross-industry,1235,27-2041,Music Directors and Composers,detailed,480,27.7,0.034,0.43,,,41.23,85750,12.7,13.45,24.99,31.53,41.43,62.64,27970,51980,65570,86180,130290,,
48,Texas,2,TX,000000,Cross-industry,cross-industry,1235,27-2042,Musicians and Singers,detailed,1430,10.1,0.101,0.44,,,43.77,*,6.8,8.56,23.62,33.59,60.52,83.33,*,*,*,*,*,,TRUE
49,Utah,2,UT,000000,Cross-industry,cross-industry,1235,00-0000,All Occupations,total,1735590,0,1000,1,,,31.87,66290,0.3,14.44,18.04,24.09,37.77,57.69,30040,37520,50110,78560,119990,,
49,Utah,2,UT,000000,Cross-industry,cross-industry,1235,27-2011,Actors,detailed,630,26.1,0.365,1.03,,,*,*,*,*,*,*,*,*,*,*,*,*,*,,TRUE
49,Utah,2,UT,000000,Cross-industry,cross-industry,1235,27-2012,Producers and Directors,detailed,1670,10.6,0.96,1.04,,,44.61,92790,24.6,17.55,24.04,36.71,56.98,80.84,36500,50000,76350,118520,168140,,
49,Utah,2,UT,000000,Cross-industry,cross-industry,1235,27-2031,Dancers,detailed,180,26.6,0.101,1.93,,,26.01,*,9.1,12.76,15.68,26.23,34.13,43.58,*,*,*,*,*,,TRUE
49,Utah,2,UT,000000,Cross-industry,cross-industry,1235,27-2041,Music Directors and Composers,detailed,150,16.1,0.086,1.06,,,40.37,83970,3,31.31,38.01,39.7,39.7,41.54,65110,79050,82570,82570,86410,,
49,Utah,2,UT,000000,Cross-industry,cross-industry,1235,27-2042,Musicians and Singers,detailed,230,19.7,0.135,0.58,,,24.33,*,7.4,17.7,18.39,21.98,27.69,38.56,*,*,*,*,*,,TRUE
50,Vermont,2,VT,000000,Cross-industry,cross-industry,1235,00-0000,All Occupations,total,303890,0,1000,1,,,33.2,69050,0.4,17.27,20.84,27.11,38.09,53.6,35910,43350,56390,79240,111480,,
50,Vermont,2,VT,000000,Cross-industry,cross-industry,1235,27-2012,Producers and Directors,detailed,290,8.4,0.957,1.04,,,33.74,70180,5.8,21.72,22.61,26.76,39.64,51.33,45180,47030,55660,82460,106760,,
50,Vermont,2,VT,000000,Cross-industry,cross-industry,1235,27-2041,Music Directors and Composers,detailed,30,41.3,0.109,1.35,,,*,*,*,*,*,*,*,*,*,*,*,*,*,,
50,Vermont,2,VT,000000,Cross-industry,cross-industry,1235,27-2042,Musicians and Singers,detailed,30,28.8,0.109,0.47,,,32.44,*,9.2,14.69,21.18,21.82,35.73,59.25,*,*,*,*,*,,TRUE
51,Virginia,2,VA,000000,Cross-industry,cross-industry,1235,00-0000,All Occupations,total,4109320,0,1000,1,,,35.6,74040,0.4,14.68,18.14,26.78,42.99,66.83,30530,37720,55690,89420,139010,,
51,Virginia,2,VA,000000,Cross-industry,cross-industry,1235,27-2012,Producers and Directors,detailed,2820,7.1,0.686,0.75,,,35.95,74770,3.3,19.61,22.86,31.69,44.8,57.25,40780,47550,65900,93180,119090,,
51,Virginia,2,VA,000000,Cross-industry,cross-industry,1235,27-2041,Music Directors and Composers,detailed,370,13.6,0.09,1.11,,,38.06,79160,9.1,20.63,23.32,28.39,44.31,62.97,42910,48510,59050,92150,130980,,
51,Virginia,2,VA,000000,Cross-industry,cross-industry,1235,27-2042,Musicians and Singers,detailed,400,12.4,0.097,0.42,,,49.86,*,7.9,20.6,25,50.6,54.98,85.76,*,*,*,*,*,,TRUE
53,Washington,2,WA,000000,Cross-industry,cross-industry,1235,00-0000,All Occupations,total,3550970,0,1000,1,,,40.06,83330,0.4,18.59,22.61,30.28,48.9,73.86,38670,47020,62990,101710,153630,,
53,Washington,2,WA,000000,Cross-industry,cross-industry,1235,27-2012,Producers and Directors,detailed,2270,7.5,0.639,0.69,,,47.59,98990,3.1,22.98,30.17,39.21,61.55,80.66,47810,62760,81550,128030,167760,,
53,Washington,2,WA,000000,Cross-industry,cross-industry,1235,27-2041,Music Directors and Composers,detailed,260,29.4,0.073,0.91,,,42.11,87600,8.6,24.63,29.48,36.09,50.04,77.58,51230,61320,75060,104090,161370,,
53,Washington,2,WA,000000,Cross-industry,cross-industry,1235,27-2042,Musicians and Singers,detailed,750,17.5,0.212,0.91,,,61.59,*,7.2,24.65,30,46.55,64.89,151.75,*,*,*,*,*,,TRUE
54,West Virginia,2,WV,000000,Cross-industry,cross-industry,1235,00-0000,All Occupations,total,701610,0,1000,1,,,27.15,56470,0.3,12.53,15.16,21.78,31.22,47.22,26070,31530,45300,64940,98220,,
54,West Virginia,2,WV,000000,Cross-industry,cross-industry,1235,27-2012,Producers and Directors,detailed,230,9.2,0.322,0.35,,,30.63,63710,6.9,17.16,19.06,22.43,36.31,60.04,35700,39650,46660,75520,124880,,
55,Wisconsin,2,WI,000000,Cross-industry,cross-industry,1235,00-0000,All Occupations,total,2941540,0,1000,1,,,30.9,64270,0.2,14.41,18.12,24.17,36.71,50.47,29980,37700,50270,76350,104990,,
55,Wisconsin,2,WI,000000,Cross-industry,cross-industry,1235,27-2011,Actors,detailed,260,28,0.089,0.25,,,*,*,*,*,*,*,*,*,*,*,*,*,*,,TRUE
55,Wisconsin,2,WI,000000,Cross-industry,cross-industry,1235,27-2012,Producers and Directors,detailed,1600,7,0.543,0.59,,,38.36,79780,5.2,18.59,23.6,31.92,44.43,62.52,38680,49080,66390,92420,130050,,
55,Wisconsin,2,WI,000000,Cross-industry,cross-industry,1235,27-2031,Dancers,detailed,200,42.2,0.069,1.32,,,*,*,*,*,*,*,*,*,*,*,*,*,*,,TRUE
55,Wisconsin,2,WI,000000,Cross-industry,cross-industry,1235,27-2041,Music Directors and Composers,detailed,200,19.7,0.069,0.86,,,43.44,90360,6.5,20.98,27.33,37.83,50.9,85.12,43630,56850,78690,105860,177040,,
55,Wisconsin,2,WI,000000,Cross-industry,cross-industry,1235,27-2042,Musicians and Singers,detailed,380,10.5,0.13,0.56,,,42.89,*,10,11.9,20.6,36.61,50.64,75.46,*,*,*,*,*,,TRUE
56,Wyoming,2,WY,000000,Cross-industry,cross-industry,1235,00-0000,All Occupations,total,280740,0,1000,1,,,29.6,61560,0.3,13.88,17.84,24.17,35.94,50.09,28870,37110,50270,74760,104190,,
56,Wyoming,2,WY,000000,Cross-industry,cross-industry,1235,27-2012,Producers and Directors,detailed,130,11.2,0.45,0.49,,,28.85,60010,3.8,17.72,20.3,29.05,35.54,40.91,36850,42230,60420,73930,85090,,
66,Guam,3,GU,000000,Cross-industry,cross-industry,1235,00-0000,All Occupations,total,66600,0,1000,1,,,22.21,46210,0.7,10.22,12.09,17.62,26.42,39.1,21260,25150,36650,54950,81330,,
72,Puerto Rico,3,PR,000000,Cross-industry,cross-industry,1235,00-0000,All Occupations,total,938710,0,1000,1,,,18.68,38840,0.7,10.5,10.81,13.79,21.2,30.97,21840,22490,28680,44090,64420,,
72,Puerto Rico,3,PR,000000,Cross-industry,cross-industry,1235,27-2012,Producers and Directors,detailed,260,32,0.276,0.3,,,27.01,56180,4,14.26,17.22,23.47,33.96,39.05,29660,35830,48820,70630,81230,,
72,Puerto Rico,3,PR,000000,Cross-industry,cross-industry,1235,27-2031,Dancers,detailed,**,**,**,**,,,19.56,*,7.1,16.37,18.47,20.24,21.54,21.54,*,*,*,*,*,,TRUE
72,Puerto Rico,3,PR,000000,Cross-industry,cross-industry,1235,27-2042,Musicians and Singers,detailed,90,11.7,0.096,0.41,,,*,*,*,*,*,*,*,*,*,*,*,*,*,,TRUE
78,Virgin Islands,3,VI,000000,Cross-industry,cross-industry,1235,00-0000,All Occupations,total,32090,0.1,1000,1,,,25.35,52730,0.9,12.66,14.94,20.61,29.86,43.09,26340,31070,42870,62100,89620,,
10180,"Abilene, TX",4,TX,000000,Cross-industry,cross-industry,1235,00-0000,All Occupations,total,75070,0,1000,1,,,26.13,54360,0.6,11.97,14.9,21.32,29.92,45.19,24900,30980,44340,62230,93990,,
10180,"Abilene, TX",4,TX,000000,Cross-industry,cross-industry,1235,27-2012,Producers and Directors,detailed,40,9.4,0.469,0.51,,,25.83,53730,3.7,18.58,18.67,20.82,30.09,42.11,38640,38830,43300,62590,87590,,
10380,"Aguadilla, PR",4,PR,000000,Cross-industry,cross-industry,1235,00-0000,All Occupations,total,48810,0,1000,1,,,17.6,36610,1,10.5,10.59,12.73,18.47,30.58,21840,22030,26480,38410,63600,,
10420,"Akron, OH",4,OH,000000,Cross-industry,cross-industry,1235,00-0000,All Occupations,total,319560,0,1000,1,,,30.49,63430,0.4,13.93,17.7,23.48,37.01,50.18,28970,36810,48840,76970,104380,,
10420,"Akron, OH",4,OH,000000,Cross-industry,cross-industry,1235,27-2012,Producers and Directors,detailed,60,9.2,0.18,0.2,,,33.44,69560,4.1,19.69,23.9,30.41,40.13,49.87,40950,49720,63260,83470,103720,,
10420,"Akron, OH",4,OH,000000,Cross-industry,cross-industry,1235,27-2041,Music Directors and Composers,detailed,40,33.5,0.14,1.73,,,27.22,56620,13.5,17.25,17.25,24.78,27.14,36.33,35870,35870,51530,56440,75560,,
10420,"Akron, OH",4,OH,000000,Cross-industry,cross-industry,1235,27-2042,Musicians and Singers,detailed,70,8.7,0.222,0.95,,,*,*,*,*,*,*,*,*,*,*,*,*,*,,TRUE
10500,"Albany, GA",4,GA,000000,Cross-industry,cross-industry,1235,00-0000,All Occupations,total,58390,0.1,1000,1,,,26.08,54250,0.8,11.61,14.8,20.97,31.08,45.91,24150,30780,43620,64640,95480,,
10540,"Albany, OR",4,OR,000000,Cross-industry,cross-industry,1235,00-0000,All Occupations,total,47260,0.1,1000,1,,,29.68,61740,0.3,16.58,19.15,23.9,34.42,48.32,34490,39830,49700,71590,100500,,
10580,"Albany-Schenectady-Troy, NY",4,NY,000000,Cross-industry,cross-industry,1235,00-0000,All Occupations,total,449410,0,1000,1,,,34.53,71830,0.4,16.72,19.4,28.1,40.45,59.66,34780,40350,58460,84140,124090,,
10580,"Albany-Schenectady-Troy, NY",4,NY,000000,Cross-industry,cross-industry,1235,27-2011,Actors,detailed,140,8,0.311,0.88,,,*,*,*,*,*,*,*,*,*,*,*,*,*,,TRUE
10580,"Albany-Schenectady-Troy, NY",4,NY,000000,Cross-industry,cross-industry,1235,27-2012,Producers and Directors,detailed,380,7.3,0.85,0.92,,,43.01,89470,5.3,22.9,27.38,37.89,49.35,71.86,47640,56950,78810,102640,149460,,
10580,"Albany-Schenectady-Troy, NY",4,NY,000000,Cross-industry,cross-industry,1235,27-2031,Dancers,detailed,40,28.1,0.08,1.53,,,21.88,*,9.3,15.5,15.5,16.15,28.4,28.4,*,*,*,*,*,,TRUE
10580,"Albany-Schenectady-Troy, NY",4,NY,000000,Cross-industry,cross-industry,1235,27-2041,Music Directors and Composers,detailed,140,43.5,0.31,3.85,,,*,*,*,*,*,*,*,*,*,*,*,*,*,,
10580,"Albany-Schenectady-Troy, NY",4,NY,000000,Cross-industry,cross-industry,1235,27-2042,Musicians and Singers,detailed,120,30.2,0.271,1.16,,,53.94,*,9.7,25.59,42.8,53.78,53.78,70.67,*,*,*,*,*,,TRUE
10740,"Albuquerque, NM",4,NM,000000,Cross-industry,cross-industry,1235,00-0000,All Occupations,total,404700,0,1000,1,,,31,64480,0.3,14.18,17.27,23.11,37.12,56.33,29500,35910,48060,77220,117170,,
10740,"Albuquerque, NM",4,NM,000000,Cross-industry,cross-industry,1235,27-2012,Producers and Directors,detailed,220,24.6,0.555,0.6,,,35.08,72970,10.4,19.51,22.86,28.8,37.78,56.19,40570,47540,59910,78590,116880,,
10780,"Alexandria, LA",4,LA,000000,Cross-industry,cross-industry,1235,00-0000,All Occupations,total,60000,0.1,1000,1,,,24.82,51630,0.5,10.46,13.86,19.52,29.73,43.37,21750,28840,40600,61840,90210,,
10900,"Allentown-Bethlehem-Easton, PA-NJ",4,PA,000000,Cross-industry,cross-industry,1235,00-0000,All Occupations,total,377180,0,1000,1,,,30.81,64090,0.5,14.29,17.91,23.55,36.56,50.62,29720,37260,48990,76050,105280,,
10900,"Allentown-Bethlehem-Easton, PA-NJ",4,PA,000000,Cross-industry,cross-industry,1235,27-2012,Producers and Directors,detailed,170,9.4,0.458,0.5,,,36.21,75310,4.5,20.52,25.28,32.32,42.97,53.16,42690,52580,67230,89390,110570,,
10900,"Allentown-Bethlehem-Easton, PA-NJ",4,PA,000000,Cross-industry,cross-industry,1235,27-2041,Music Directors and Composers,detailed,40,21.4,0.103,1.28,,,36.45,75820,7.5,21.26,28.56,34.52,38.97,48.61,44230,59410,71800,81050,101110,,
10900,"Allentown-Bethlehem-Easton, PA-NJ",4,PA,000000,Cross-industry,cross-industry,1235,27-2042,Musicians and Singers,detailed,60,29.1,0.163,0.7,,,*,*,*,*,*,*,*,*,*,*,*,*,*,,TRUE
11020,"Altoona, PA",4,PA,000000,Cross-industry,cross-industry,1235,00-0000,All Occupations,total,58650,0.1,1000,1,,,26.08,54240,0.7,12.54,15.67,21.28,29.78,44.73,26090,32600,44270,61940,93030,,
11020,"Altoona, PA",4,PA,000000,Cross-industry,cross-industry,1235,27-2012,Producers and Directors,detailed,40,12.4,0.673,0.73,,,44.06,91650,2.8,17.13,18.87,34.59,71.44,88.6,35620,39240,71940,148590,184290,,
11100,"Amarillo, TX",4,TX,000000,Cross-industry,cross-industry,1235,00-0000,All Occupations,total,123930,0,1000,1,,,27.12,56400,0.8,12.24,15.37,21.43,30.73,46.58,25450,31970,44580,63910,96880,,
11100,"Amarillo, TX",4,TX,000000,Cross-industry,cross-industry,1235,27-2012,Producers and Directors,detailed,60,3.8,0.512,0.56,,,27.16,56490,3.7,18.61,19.78,21.93,29.64,39.61,38700,41130,45610,61640,82380,,
11180,"Ames, IA",4,IA,000000,Cross-industry,cross-industry,1235,00-0000,All Occupations,total,55890,0,1000,1,,,29.77,61910,0.4,13.98,17.55,24.14,36.57,50.09,29070,36500,50220,76070,104180,,
11200,"Amherst Town-Northampton, MA",4,MA,000000,Cross-industry,cross-industry,1235,00-0000,All Occupations,total,65670,0,1000,1,,,34.01,70730,0.4,17.04,19.74,27.42,40.09,58.9,35440,41050,57030,83400,122510,,
11200,"Amherst Town-Northampton, MA",4,MA,000000,Cross-industry,cross-industry,1235,27-2012,Producers and Directors,detailed,60,9.4,0.9,0.98,,,40.53,84310,4.6,23.22,28.73,38.32,43.98,58.31,48300,59760,79700,91490,121290,,
11260,"Anchorage, AK",4,AK,000000,Cross-industry,cross-industry,1235,00-0000,All Occupations,total,177050,0,1000,1,,,36.14,75180,0.4,16.72,20.48,28.94,45.01,62.09,34770,42600,60200,93620,129160,,
11260,"Anchorage, AK",4,AK,000000,Cross-industry,cross-industry,1235,27-2012,Producers and Directors,detailed,60,20.3,0.356,0.39,,,31.63,65790,9.1,21.29,23.67,27.41,36.85,56.22,44280,49230,57010,76640,116940,,
11460,"Ann Arbor, MI",4,MI,000000,Cross-industry,cross-industry,1235,00-0000,All Occupations,total,219730,0,1000,1,,,35.35,73520,0.5,16.24,18.38,26.63,41.92,65.06,33790,38230,55380,87200,135330,,
11460,"Ann Arbor, MI",4,MI,000000,Cross-industry,cross-industry,1235,27-2012,Producers and Directors,detailed,110,8.4,0.491,0.53,,,38.27,79610,4.5,21.89,29.55,32.5,41.54,54.86,45540,61460,67600,86400,114120,,
11460,"Ann Arbor, MI",4,MI,000000,Cross-industry,cross-industry,1235,27-2042,Musicians and Singers,detailed,250,35.8,1.13,4.85,,,37.37,*,15.7,16.61,20.35,45.21,45.21,57.32,*,*,*,*,*,,TRUE
11500,"Anniston-Oxford, AL",4,AL,000000,Cross-industry,cross-industry,1235,00-0000,All Occupations,total,43570,0,1000,1,,,24.5,50950,0.7,11.48,14.32,20.52,29.56,39.5,23870,29780,42680,61480,82170,,
11540,"Appleton, WI",4,WI,000000,Cross-industry,cross-industry,1235,00-0000,All Occupations,total,124230,0,1000,1,,,29.93,62240,0.4,14.47,18.02,24,35.98,48.72,30090,37480,49910,74840,101340,,
11640,"Arecibo, PR",4,PR,000000,Cross-industry,cross-industry,1235,00-0000,All Occupations,total,34720,0,1000,1,,,16.65,34630,0.6,10.5,10.68,12.56,17.85,28.55,21840,22210,26120,37140,59390,,
11700,"Asheville, NC",4,NC,000000,Cross-industry,cross-industry,1235,00-0000,All Occupations,total,180620,0,1000,1,,,29.08,60490,0.6,13.97,17.51,22.53,31.64,48.68,29060,36430,46870,65820,101260,,
11700,"Asheville, NC",4,NC,000000,Cross-industry,cross-industry,1235,27-2011,Actors,detailed,40,27.6,0.194,0.55,,,*,*,*,*,*,*,*,*,*,*,*,*,*,,TRUE
11700,"Asheville, NC",4,NC,000000,Cross-industry,cross-industry,1235,27-2012,Producers and Directors,detailed,170,39.6,0.919,1,,,34.23,71200,10.3,14.9,23.35,30.23,37.67,61.69,30990,48560,62880,78350,128320,,
12020,"Athens-Clarke County, GA",4,GA,000000,Cross-industry,cross-industry,1235,00-0000,All Occupations,total,95800,0,1000,1,,,25.8,53670,0.7,11.13,14.76,19.82,30.04,45.37,23150,30700,41220,62480,94370,,
12060,"Atlanta-Sandy Springs-Roswell, GA",4,GA,000000,Cross-industry,cross-industry,1235,00-0000,All Occupations,total,2889670,0,1000,1,,,34.57,71900,0.6,13.99,17.8,24.6,39.49,63.57,29110,37030,51170,82140,132230,,
12060,"Atlanta-Sandy Springs-Roswell, GA",4,GA,000000,Cross-industry,cross-industry,1235,27-2011,Actors,detailed,570,14.6,0.196,0.55,,,69.19,*,10,9.43,13.62,65.27,131.78,131.82,*,*,*,*,*,,TRUE
12060,"Atlanta-Sandy Springs-Roswell, GA",4,GA,000000,Cross-industry,cross-industry,1235,27-2012,Producers and Directors,detailed,3840,9.2,1.328,1.44,,,49.62,103200,3.6,26.42,31.56,38.44,59.38,80.18,54940,65650,79950,123520,166770,,
12060,"Atlanta-Sandy Springs-Roswell, GA",4,GA,000000,Cross-industry,cross-industry,1235,27-2041,Music Directors and Composers,detailed,**,**,**,**,,,34.25,71230,8.1,9.57,27.48,30.98,41.38,53.85,19900,57150,64440,86070,112000,,
12060,"Atlanta-Sandy Springs-Roswell, GA",4,GA,000000,Cross-industry,cross-industry,1235,27-2042,Musicians and Singers,detailed,290,19.4,0.102,0.44,,,*,*,*,*,*,*,*,*,*,*,*,*,*,,TRUE
12100,"Atlantic City-Hammonton, NJ",4,NJ,000000,Cross-industry,cross-industry,1235,00-0000,All Occupations,total,168700,0,1000,1,,,30.48,63400,0.5,15.58,17.53,22.85,35.81,51.6,32410,36460,47520,74470,107330,,
12100,"Atlantic City-Hammonton, NJ",4,NJ,000000,Cross-industry,cross-industry,1235,27-2012,Producers and Directors,detailed,50,8.5,0.311,0.34,,,42.45,88290,6.5,26.8,28.33,38.23,48.45,68.56,55750,58930,79520,100780,142600,,
12220,"Auburn-Opelika, AL",4,AL,000000,Cross-industry,cross-industry,1235,00-0000,All Occupations,total,72710,0,1000,1,,,25.08,52160,0.6,11.05,14.09,18.78,29.46,45.39,22980,29300,39070,61270,94400,,
12220,"Auburn-Opelika, AL",4,AL,000000,Cross-industry,cross-industry,1235,27-2012,Producers and Directors,detailed,40,5,0.607,0.66,,,36.52,75950,6,20.68,29.09,33.25,39.05,49.28,43000,60520,69170,81220,102510,,
12260,"Augusta-Richmond County, GA-SC",4,GA,000000,Cross-industry,cross-industry,1235,00-0000,All Occupations,total,231930,0,1000,1,,,28.85,60020,0.5,12.4,15.68,22.11,35.47,51.93,25800,32610,45990,73770,108010,,
12260,"Augusta-Richmond County, GA-SC",4,GA,000000,Cross-industry,cross-industry,1235,27-2012,Producers and Directors,detailed,110,5.8,0.459,0.5,,,33.75,70200,3.1,20.37,21.4,24,38.99,60.89,42360,44510,49910,81090,126660,,
12420,"Austin-Round Rock-San Marcos, TX",4,TX,000000,Cross-industry,cross-industry,1235,00-0000,All Occupations,total,1293690,0,1000,1,,,35.85,74580,0.6,14.36,18.38,27.38,43.54,66.26,29860,38230,56950,90560,137820,,
12420,"Austin-Round Rock-San Marcos, TX",4,TX,000000,Cross-industry,cross-industry,1235,27-2011,Actors,detailed,160,43.8,0.121,0.34,,,*,*,*,*,*,*,*,*,*,*,*,*,*,,TRUE
12420,"Austin-Round Rock-San Marcos, TX",4,TX,000000,Cross-industry,cross-industry,1235,27-2012,Producers and Directors,detailed,1200,9,0.928,1.01,,,46.78,97300,5.5,22.5,27.88,37.52,54.21,84.38,46800,57990,78050,112750,175510,,
12420,"Austin-Round Rock-San Marcos, TX",4,TX,000000,Cross-industry,cross-industry,1235,27-2042,Musicians and Singers,detailed,120,22.1,0.097,0.42,,,35.7,*,17.6,8.62,20.96,31.49,36.3,62.52,*,*,*,*,*,,TRUE
12540,"Bakersfield-Delano, CA",4,CA,000000,Cross-industry,cross-industry,1235,00-0000,All Occupations,total,338230,0,1000,1,,,31.08,64650,0.4,16.5,17.35,22.82,36.46,56.26,34320,36080,47470,75850,117020,,
12540,"Bakersfield-Delano, CA",4,CA,000000,Cross-industry,cross-industry,1235,27-2012,Producers and Directors,detailed,110,10,0.333,0.36,,,47.77,99360,5.7,23.87,30.31,44.48,61.33,75.37,49640,63040,92510,127570,156760,,
12540,"Bakersfield-Delano, CA",4,CA,000000,Cross-industry,cross-industry,1235,27-2042,Musicians and Singers,detailed,30,29.7,0.102,0.44,,,56.92,*,13.2,17.63,22.09,51.34,77.22,123.6,*,*,*,*,*,,TRUE
12580,"Baltimore-Columbia-Towson, MD",4,MD,000000,Cross-industry,cross-industry,1235,00-0000,All Occupations,total,1356680,0,1000,1,,,36.72,76370,0.4,16.46,18.83,28.4,45.84,66.66,34230,39160,59070,95340,138650,,
12580,"Baltimore-Columbia-Towson, MD",4,MD,000000,Cross-industry,cross-industry,1235,27-2011,Actors,detailed,340,7.6,0.252,0.71,,,36.12,*,7.3,15,18.62,37.1,37.66,47.16,*,*,*,*,*,,TRUE
12580,"Baltimore-Columbia-Towson, MD",4,MD,000000,Cross-industry,cross-industry,1235,27-2012,Producers and Directors,detailed,690,9.5,0.509,0.55,,,45.67,94990,3.5,23.09,30.38,38.87,56.86,75.36,48030,63180,80850,118270,156750,,
12580,"Baltimore-Columbia-Towson, MD",4,MD,000000,Cross-industry,cross-industry,1235,27-2041,Music Directors and Composers,detailed,110,25.6,0.081,1,,,38.68,80460,12.9,23.29,24.31,30.91,47.57,55.72,48450,50570,64300,98940,115910,,
12580,"Baltimore-Columbia-Towson, MD",4,MD,000000,Cross-industry,cross-industry,1235,27-2042,Musicians and Singers,detailed,380,18,0.277,1.19,,,48.07,*,10.2,25.06,25.42,43.29,59.68,68.19,*,*,*,*,*,,TRUE
12620,"Bangor, ME",4,ME,000000,Cross-industry,cross-industry,1235,00-0000,All Occupations,total,72270,0,1000,1,,,29.26,60860,0.4,16.18,18.24,23.06,32.59,47.26,33660,37930,47960,67780,98300,,
12620,"Bangor, ME",4,ME,000000,Cross-industry,cross-industry,1235,27-2012,Producers and Directors,detailed,50,6.9,0.715,0.78,,,29.45,61250,3.6,19.71,19.71,22.3,31.38,56.13,40990,40990,46380,65270,116740,,
12700,"Barnstable Town, MA",4,MA,000000,Cross-industry,cross-industry,1235,00-0000,All Occupations,total,94110,0,1000,1,,,33.62,69930,0.6,17.25,19.25,27.1,39.04,56.66,35880,40050,56360,81200,117860,,
12700,"Barnstable Town, MA",4,MA,000000,Cross-industry,cross-industry,1235,27-2012,Producers and Directors,detailed,60,8.6,0.681,0.74,,,35.37,73560,5.1,19.62,24.32,30.66,41.46,53.22,40810,50580,63780,86230,110700,,
12940,"Baton Rouge, LA",4,LA,000000,Cross-industry,cross-industry,1235,00-0000,All Occupations,total,409690,0,1000,1,,,29.44,61230,0.4,11.44,16.17,23.42,36.05,50.89,23790,33640,48710,74990,105850,,
12940,"Baton Rouge, LA",4,LA,000000,Cross-industry,cross-industry,1235,27-2012,Producers and Directors,detailed,180,12.8,0.434,0.47,,,43.6,90680,10.4,15,21.5,30.83,48.43,74.6,31200,44710,64120,100730,155160,,
12980,"Battle Creek, MI",4,MI,000000,Cross-industry,cross-industry,1235,00-0000,All Occupations,total,54600,0,1000,1,,,29.04,60400,0.4,14.51,17.8,23.41,35.71,48.68,30170,37020,48690,74270,101250,,
12980,"Battle Creek, MI",4,MI,000000,Cross-industry,cross-industry,1235,27-2042,Musicians and Singers,detailed,30,28.2,0.63,2.71,,,33.88,*,11.4,22.78,22.78,28.38,43.22,52.04,*,*,*,*,*,,TRUE
13020,"Bay City, MI",4,MI,000000,Cross-industry,cross-industry,1235,00-0000,All Occupations,total,33810,0,1000,1,,,27.49,57190,0.6,13.49,16.42,21.93,33.6,47.43,28060,34150,45620,69880,98660,,
13140,"Beaumont-Port Arthur, TX",4,TX,000000,Cross-industry,cross-industry,1235,00-0000,All Occupations,total,163220,0,1000,1,,,29.5,61370,0.6,12.78,16.8,23.38,36.06,51.73,26580,34940,48630,75010,107590,,
13140,"Beaumont-Port Arthur, TX",4,TX,000000,Cross-industry,cross-industry,1235,27-2012,Producers and Directors,detailed,50,7.7,0.28,0.3,,,28.19,58630,5.2,18.32,18.32,22.36,31.21,47.43,38100,38100,46520,64920,98650,,
13220,"Beckley, WV",4,WV,000000,Cross-industry,cross-industry,1235,00-0000,All Occupations,total,43080,0,1000,1,,,25.14,52300,0.5,11.24,14.29,20.12,29.47,42.6,23370,29730,41850,61290,88610,,
13380,"Bellingham, WA",4,WA,000000,Cross-industry,cross-industry,1235,00-0000,All Occupations,total,91390,0,1000,1,,,34.29,71310,0.5,17.99,21.3,27.8,40.24,60.18,37420,44310,57820,83690,125170,,
13380,"Bellingham, WA",4,WA,000000,Cross-industry,cross-industry,1235,27-2012,Producers and Directors,detailed,40,24.5,0.386,0.42,,,45.38,94390,7.8,26.73,34.66,44.34,59.19,70.71,55600,72090,92220,123120,147070,,
13460,"Bend, OR",4,OR,000000,Cross-industry,cross-industry,1235,00-0000,All Occupations,total,108240,0,1000,1,,,33.3,69260,0.7,17.06,20.51,26.24,37.75,57.37,35480,42670,54570,78530,119330,,
13460,"Bend, OR",4,OR,000000,Cross-industry,cross-industry,1235,27-2012,Producers and Directors,detailed,80,36.7,0.754,0.82,,,37.6,78210,11.5,16.83,23.92,29.4,46.52,59.4,35000,49740,61140,96760,123550,,
13460,"Bend, OR",4,OR,000000,Cross-industry,cross-industry,1235,27-2041,Music Directors and Composers,detailed,40,36.7,0.409,5.07,,,*,*,*,*,*,*,*,*,*,*,*,*,*,,
13460,"Bend, OR",4,OR,000000,Cross-industry,cross-industry,1235,27-2042,Musicians and Singers,detailed,40,43.8,0.326,1.4,,,*,*,*,*,*,*,*,*,*,*,*,*,*,,TRUE
13740,"Billings, MT",4,MT,000000,Cross-industry,cross-industry,1235,00-0000,All Occupations,total,93800,0,1000,1,,,29.76,61900,0.6,14.25,17.95,23.59,35.58,49.15,29640,37330,49060,74010,102230,,
13740,"Billings, MT",4,MT,000000,Cross-industry,cross-industry,1235,27-2012,Producers and Directors,detailed,60,14.4,0.614,0.67,,,28.85,60010,9,15.12,15.66,24.35,35.66,45.75,31450,32570,50650,74180,95160,,
13780,"Binghamton, NY",4,NY,000000,Cross-industry,cross-industry,1235,00-0000,All Occupations,total,97030,0,1000,1,,,31.47,65460,0.4,15.86,18.03,23.78,37.12,53.07,32980,37500,49460,77210,110380,,
13780,"Binghamton, NY",4,NY,000000,Cross-industry,cross-industry,1235,27-2012,Producers and Directors,detailed,60,12.6,0.581,0.63,,,41.59,86510,7.6,21.23,24.39,29.08,41.88,78.49,44150,50740,60490,87110,163260,,
13780,"Binghamton, NY",4,NY,000000,Cross-industry,cross-industry,1235,27-2041,Music Directors and Composers,detailed,40,17.1,0.401,4.97,,,31.8,66130,19.1,16.63,16.79,19.47,32.81,51.5,34580,34920,40500,68250,107120,,
13780,"Binghamton, NY",4,NY,000000,Cross-industry,cross-industry,1235,27-2042,Musicians and Singers,detailed,40,30.2,0.431,1.85,,,50.32,*,15.7,21.96,37.29,41.02,64.69,74.13,*,*,*,*,*,,TRUE
13820,"Birmingham, AL",4,AL,000000,Cross-industry,cross-industry,1235,00-0000,All Occupations,total,520290,0,1000,1,,,29.22,60770,0.5,13.37,16.82,22.97,34.73,49.98,27820,34990,47770,72240,103950,,
13820,"Birmingham, AL",4,AL,000000,Cross-industry,cross-industry,1235,27-2011,Actors,detailed,**,**,**,**,,,25.95,*,13.2,25.55,25.55,25.56,25.56,26.36,*,*,*,*,*,,TRUE
13820,"Birmingham, AL",4,AL,000000,Cross-industry,cross-industry,1235,27-2012,Producers and Directors,detailed,370,7.9,0.712,0.77,,,37.12,77200,4.3,18.94,22.75,31.78,42.41,54.68,39400,47320,66110,88220,113740,,
13820,"Birmingham, AL",4,AL,000000,Cross-industry,cross-industry,1235,27-2042,Musicians and Singers,detailed,120,29.1,0.228,0.98,,,23.79,*,4.8,20,20,23.79,23.79,28.85,*,*,*,*,*,,TRUE
13900,"Bismarck, ND",4,ND,000000,Cross-industry,cross-industry,1235,00-0000,All Occupations,total,71270,0.1,1000,1,,,31.07,64630,0.4,15,18.42,25.27,36.6,49.99,31210,38310,52560,76140,103990,,
13900,"Bismarck, ND",4,ND,000000,Cross-industry,cross-industry,1235,27-2012,Producers and Directors,detailed,40,14.8,0.595,0.65,,,32.19,66950,14.4,19.51,23.07,28.23,42.73,49.65,40590,47990,58720,88870,103280,,
13980,"Blacksburg-Christiansburg-Radford, VA",4,VA,000000,Cross-industry,cross-industry,1235,00-0000,All Occupations,total,74070,0,1000,1,,,29.37,61090,0.6,13.79,17.22,23.14,33.38,50.36,28670,35820,48120,69430,104750,,
13980,"Blacksburg-Christiansburg-Radford, VA",4,VA,000000,Cross-industry,cross-industry,1235,27-2012,Producers and Directors,detailed,30,17.2,0.448,0.49,,,32.36,67300,2.5,20.7,23.59,31.09,40.4,52.43,43060,49060,64660,84030,109050,,
14010,"Bloomington, IL",4,IL,000000,Cross-industry,cross-industry,1235,00-0000,All Occupations,total,88110,0,1000,1,,,33.66,70010,0.5,15,17.32,25.55,39.85,59.53,31200,36030,53140,82900,123820,,
14020,"Bloomington, IN",4,IN,000000,Cross-industry,cross-industry,1235,00-0000,All Occupations,total,73240,0,1000,1,,,29.32,60980,0.6,13.74,17.26,22.91,35.1,50,28570,35900,47660,73020,104000,,
14020,"Bloomington, IN",4,IN,000000,Cross-industry,cross-industry,1235,27-2011,Actors,detailed,60,2.6,0.771,2.18,,,*,*,*,*,*,*,*,*,*,*,*,*,*,,TRUE
14020,"Bloomington, IN",4,IN,000000,Cross-industry,cross-industry,1235,27-2012,Producers and Directors,detailed,40,16.3,0.486,0.53,,,30.24,62900,3.5,15.43,22.68,26.62,38.91,43.08,32100,47180,55370,80930,89610,,
14260,"Boise City, ID",4,ID,000000,Cross-industry,cross-industry,1235,00-0000,All Occupations,total,391790,0,1000,1,,,31.02,64530,0.6,14.46,18.08,23.6,36.75,52.61,30070,37600,49100,76430,109420,,
14260,"Boise City, ID",4,ID,000000,Cross-industry,cross-industry,1235,27-2012,Producers and Directors,detailed,230,6.2,0.596,0.65,,,32.17,66920,9.4,20.35,22.91,28.94,37.3,61.67,42330,47660,60200,77570,128260,,
14260,"Boise City, ID",4,ID,000000,Cross-industry,cross-industry,1235,27-2041,Music Directors and Composers,detailed,30,38.2,0.08,0.99,,,*,*,*,*,*,*,*,*,*,*,*,*,*,,
14460,"Boston-Cambridge-Newton, MA-NH",4,MA,000000,Cross-industry,cross-industry,1235,00-0000,All Occupations,total,2703890,0,1000,1,,,43.09,89620,0.3,17.67,22.04,32.03,51.07,80.81,36760,45850,66620,106230,168090,,
14460,"Boston-Cambridge-Newton, MA-NH",4,MA,000000,Cross-industry,cross-industry,1235,27-2011,Actors,detailed,510,23.6,0.19,0.54,,,*,*,*,*,*,*,*,*,*,*,*,*,*,,TRUE
14460,"Boston-Cambridge-Newton, MA-NH",4,MA,000000,Cross-industry,cross-industry,1235,27-2012,Producers and Directors,detailed,2640,7.9,0.977,1.06,,,46.57,96870,4,22.5,30.03,40.31,52.18,73.51,46790,62460,83850,108540,152900,,
14460,"Boston-Cambridge-Newton, MA-NH",4,MA,000000,Cross-industry,cross-industry,1235,27-2031,Dancers,detailed,110,16.6,0.04,0.76,,,*,*,*,*,*,*,*,*,*,*,*,*,*,,TRUE
14460,"Boston-Cambridge-Newton, MA-NH",4,MA,000000,Cross-industry,cross-industry,1235,27-2041,Music Directors and Composers,detailed,260,12.4,0.096,1.19,,,44.14,91800,4,24.58,31.02,37.87,51.88,67.65,51120,64520,78760,107910,140710,,
14460,"Boston-Cambridge-Newton, MA-NH",4,MA,000000,Cross-industry,cross-industry,1235,27-2042,Musicians and Singers,detailed,540,14.5,0.199,0.86,,,54.84,*,3.5,19.21,29.83,38.18,63.19,142.3,*,*,*,*,*,,TRUE
14500,"Boulder, CO",4,CO,000000,Cross-industry,cross-industry,1235,00-0000,All Occupations,total,192390,0,1000,1,,,44.12,91760,1.3,18.07,22.53,33.45,53.09,81.68,37590,46860,69580,110430,169890,,
14500,"Boulder, CO",4,CO,000000,Cross-industry,cross-industry,1235,27-2012,Producers and Directors,detailed,220,18.4,1.129,1.23,,,43.81,91130,7.4,18.09,25.28,39.18,48.53,74.23,37620,52580,81500,100930,154390,,
14500,"Boulder, CO",4,CO,000000,Cross-industry,cross-industry,1235,27-2042,Musicians and Singers,detailed,60,20,0.303,1.3,,,59.75,*,3.9,29.84,64.45,64.45,65.25,65.72,*,*,*,*,*,,TRUE
14540,"Bowling Green, KY",4,KY,000000,Cross-industry,cross-industry,1235,00-0000,All Occupations,total,82160,0,1000,1,,,26.31,54720,0.4,13.18,16.31,21.65,30.12,43.73,27410,33920,45040,62650,90960,,
14540,"Bowling Green, KY",4,KY,000000,Cross-industry,cross-industry,1235,27-2012,Producers and Directors,detailed,40,9.5,0.542,0.59,,,24.86,51720,3.3,16.78,19.75,23.46,26.98,35.56,34900,41090,48790,56110,73960,,
14580,"Bozeman, MT",4,MT,000000,Cross-industry,cross-industry,1235,00-0000,All Occupations,total,72210,0,1000,1,,,31.57,65670,0.6,16.11,19.91,26.36,37.09,50.72,33510,41410,54830,77160,105500,,
14580,"Bozeman, MT",4,MT,000000,Cross-industry,cross-industry,1235,27-2012,Producers and Directors,detailed,70,14.3,0.92,1,,,35.58,74000,9.6,19.55,23.84,31.11,47.51,49.28,40650,49590,64710,98820,102500,,
14580,"Bozeman, MT",4,MT,000000,Cross-industry,cross-industry,1235,27-2042,Musicians and Singers,detailed,70,33.1,0.932,4.01,,,*,*,*,*,*,*,*,*,*,*,*,*,*,,TRUE
14740,"Bremerton-Silverdale-Port Orchard, WA",4,WA,000000,Cross-industry,cross-industry,1235,00-0000,All Occupations,total,93740,0,1000,1,,,37.03,77020,0.3,18.27,22.58,30.38,47.14,62.25,38000,46970,63200,98050,129480,,
14860,"Bridgeport-Stamford-Danbury, CT",4,CT,000000,Cross-industry,cross-industry,1235,00-0000,All Occupations,total,404180,0,1000,1,,,40.72,84700,0.6,17.49,20.17,29.55,48.79,77.62,36370,41960,61470,101480,161440,,
14860,"Bridgeport-Stamford-Danbury, CT",4,CT,000000,Cross-industry,cross-industry,1235,27-2012,Producers and Directors,detailed,620,14.2,1.543,1.68,,,56.34,117180,10.7,27.13,38.47,48.1,64.51,98.31,56420,80010,100060,134180,204490,,
14860,"Bridgeport-Stamford-Danbury, CT",4,CT,000000,Cross-industry,cross-industry,1235,27-2042,Musicians and Singers,detailed,100,6.8,0.249,1.07,,,51.06,*,5.5,23.34,28.79,42.65,62.92,88.14,*,*,*,*,*,,TRUE
15180,"Brownsville-Harlingen, TX",4,TX,000000,Cross-industry,cross-industry,1235,00-0000,All Occupations,total,157450,0,1000,1,,,22.65,47110,0.7,10.68,12.6,17.54,27.73,39.09,22210,26210,36490,57690,81300,,
15180,"Brownsville-Harlingen, TX",4,TX,000000,Cross-industry,cross-industry,1235,27-2012,Producers and Directors,detailed,30,5.2,0.201,0.22,,,31.23,64960,8.1,18.58,18.58,22.41,31.41,49.13,38640,38640,46620,65320,102190,,
15260,"Brunswick-St. Simons, GA",4,GA,000000,Cross-industry,cross-industry,1235,00-0000,All Occupations,total,46860,0,1000,1,,,26.45,55010,1.3,11.59,14.91,20.16,31.51,48.69,24100,31000,41940,65530,101280,,
15380,"Buffalo-Cheektowaga, NY",4,NY,000000,Cross-industry,cross-industry,1235,00-0000,All Occupations,total,534550,0,1000,1,,,31.96,66480,0.4,16.34,18.12,24.42,37.76,53.92,33990,37680,50790,78530,112150,,
15380,"Buffalo-Cheektowaga, NY",4,NY,000000,Cross-industry,cross-industry,1235,27-2012,Producers and Directors,detailed,350,6.5,0.647,0.7,,,48.54,100950,3,22.89,27.76,38.2,55.16,79.91,47600,57740,79450,114740,166220,,
15380,"Buffalo-Cheektowaga, NY",4,NY,000000,Cross-industry,cross-industry,1235,27-2041,Music Directors and Composers,detailed,150,30.8,0.274,3.4,,,*,*,*,*,*,*,*,*,*,*,*,*,*,,
15380,"Buffalo-Cheektowaga, NY",4,NY,000000,Cross-industry,cross-industry,1235,27-2042,Musicians and Singers,detailed,250,27.1,0.464,1.99,,,60.31,*,9.7,27.27,33.82,55.43,77.69,102.33,*,*,*,*,*,,TRUE
15500,"Burlington, NC",4,NC,000000,Cross-industry,cross-industry,1235,00-0000,All Occupations,total,67830,0,1000,1,,,26.08,54240,0.5,13.22,16.33,21.16,29.47,45.19,27500,33960,44010,61290,94000,,
15540,"Burlington-South Burlington, VT",4,VT,000000,Cross-industry,cross-industry,1235,00-0000,All Occupations,total,120150,0,1000,1,,,35.75,74360,0.4,17.7,21.94,28.86,40.46,60.63,36820,45640,60020,84160,126100,,
15540,"Burlington-South Burlington, VT",4,VT,000000,Cross-industry,cross-industry,1235,27-2012,Producers and Directors,detailed,140,9.3,1.177,1.28,,,32.57,67740,7.7,21.75,21.81,26.29,39.65,45.94,45230,45360,54680,82470,95560,,
15940,"Canton-Massillon, OH",4,OH,000000,Cross-industry,cross-industry,1235,00-0000,All Occupations,total,163080,0,1000,1,,,27.4,56990,0.4,13.39,16.69,22.02,32.06,46.19,27850,34710,45810,66680,96080,,
15980,"Cape Coral-Fort Myers, FL",4,FL,000000,Cross-industry,cross-industry,1235,00-0000,All Occupations,total,304790,0,1000,1,,,28.87,60050,0.6,14.46,17.45,22.49,32.07,48.64,30070,36300,46780,66700,101180,,
15980,"Cape Coral-Fort Myers, FL",4,FL,000000,Cross-industry,cross-industry,1235,27-2011,Actors,detailed,50,29,0.161,0.45,,,*,*,*,*,*,*,*,*,*,*,*,*,*,,TRUE
15980,"Cape Coral-Fort Myers, FL",4,FL,000000,Cross-industry,cross-industry,1235,27-2012,Producers and Directors,detailed,180,9.5,0.595,0.65,,,34.68,72140,5.7,18.86,22.38,30.04,40.52,51.44,39230,46560,62470,84280,106990,,
15980,"Cape Coral-Fort Myers, FL",4,FL,000000,Cross-industry,cross-industry,1235,27-2042,Musicians and Singers,detailed,50,30.3,0.158,0.68,,,68.84,*,8.5,27.76,35.91,52.67,99.34,106.32,*,*,*,*,*,,TRUE
16020,"Cape Girardeau, MO-IL",4,MO,000000,Cross-industry,cross-industry,1235,00-0000,All Occupations,total,44680,0,1000,1,,,27.23,56640,0.4,13.79,16.25,21.38,30.76,45.04,28680,33800,44470,63980,93690,,
16020,"Cape Girardeau, MO-IL",4,MO,000000,Cross-industry,cross-industry,1235,27-2012,Producers and Directors,detailed,40,20.6,0.96,1.04,,,32.24,67070,10.5,20.21,20.21,27.23,41.39,50.7,42030,42030,56640,86100,105450,,
16180,"Carson City, NV",4,NV,000000,Cross-industry,cross-industry,1235,00-0000,All Occupations,total,31940,0.1,1000,1,,,33.12,68900,0.7,14.71,18.63,27.25,39.77,57.13,30600,38760,56680,82730,118830,,
16220,"Casper, WY",4,WY,000000,Cross-industry,cross-industry,1235,00-0000,All Occupations,total,40020,0,1000,1,,,28.93,60180,0.7,13.77,17.56,23.5,34.94,49.36,28630,36520,48880,72680,102660,,
16300,"Cedar Rapids, IA",4,IA,000000,Cross-industry,cross-industry,1235,00-0000,All Occupations,total,139260,0,1000,1,,,29.19,60700,0.5,14,17.73,23.73,35.72,48.18,29120,36870,49360,74300,100210,,
16300,"Cedar Rapids, IA",4,IA,000000,Cross-industry,cross-industry,1235,27-2012,Producers and Directors,detailed,110,12.2,0.754,0.82,,,28.62,59530,6.4,17.88,17.92,23.66,32.86,47.02,37200,37270,49210,68350,97800,,
16300,"Cedar Rapids, IA",4,IA,000000,Cross-industry,cross-industry,1235,27-2042,Musicians and Singers,detailed,90,11.5,0.628,2.7,,,*,*,*,*,*,*,*,*,*,*,*,*,*,,TRUE
16540,"Chambersburg, PA",4,PA,000000,Cross-industry,cross-industry,1235,00-0000,All Occupations,total,60280,0,1000,1,,,27.48,57150,0.5,13.49,17.46,22.86,31.25,46.09,28050,36320,47540,64990,95870,,
16580,"Champaign-Urbana, IL",4,IL,000000,Cross-industry,cross-industry,1235,00-0000,All Occupations,total,105500,0,1000,1,,,32.83,68290,0.3,15.04,17.72,24.38,38.04,54.26,31290,36860,50700,79130,112850,,
16580,"Champaign-Urbana, IL",4,IL,000000,Cross-industry,cross-industry,1235,27-2012,Producers and Directors,detailed,50,9.1,0.446,0.49,,,35.34,73500,5.4,18.53,25.25,31.93,40.48,58.3,38540,52510,66420,84210,121270,,
16620,"Charleston, WV",4,WV,000000,Cross-industry,cross-industry,1235,00-0000,All Occupations,total,103450,0,1000,1,,,27.97,58170,0.5,12.47,15.49,22.03,32.2,48.65,25940,32230,45830,66980,101190,,
16700,"Charleston-North Charleston, SC",4,SC,000000,Cross-industry,cross-industry,1235,00-0000,All Occupations,total,394170,0,1000,1,,,30.89,64260,0.5,13.63,17.55,23.63,37.24,55.67,28350,36510,49150,77460,115790,,
16700,"Charleston-North Charleston, SC",4,SC,000000,Cross-industry,cross-industry,1235,27-2011,Actors,detailed,30,38,0.078,0.22,,,31.82,*,29.7,13,31.9,31.9,31.9,31.9,*,*,*,*,*,,TRUE
16700,"Charleston-North Charleston, SC",4,SC,000000,Cross-industry,cross-industry,1235,27-2012,Producers and Directors,detailed,200,10.7,0.513,0.56,,,37.59,78190,8.6,20.46,22.73,29.46,42.99,79.57,42550,47280,61280,89410,165500,,
16700,"Charleston-North Charleston, SC",4,SC,000000,Cross-industry,cross-industry,1235,27-2042,Musicians and Singers,detailed,140,4.2,0.367,1.58,,,20.32,*,7,13.11,13.11,13.11,18.55,33.42,*,*,*,*,*,,TRUE
16740,"Charlotte-Concord-Gastonia, NC-SC",4,NC,000000,Cross-industry,cross-industry,1235,00-0000,All Occupations,total,1358370,0,1000,1,,,33.13,68900,0.4,14.25,17.95,24.03,38.38,62.74,29640,37330,49990,79830,130510,,
16740,"Charlotte-Concord-Gastonia, NC-SC",4,NC,000000,Cross-industry,cross-industry,1235,27-2011,Actors,detailed,310,11.7,0.227,0.64,,,25.35,*,3.5,15.59,15.59,20.64,25.61,66.63,*,*,*,*,*,,TRUE
16740,"Charlotte-Concord-Gastonia, NC-SC",4,NC,000000,Cross-industry,cross-industry,1235,27-2012,Producers and Directors,detailed,1240,11,0.91,0.99,,,41.89,87120,4.4,18.87,26.41,35.99,49.84,65.87,39260,54940,74850,103670,137010,,
16740,"Charlotte-Concord-Gastonia, NC-SC",4,NC,000000,Cross-industry,cross-industry,1235,27-2041,Music Directors and Composers,detailed,40,32.6,0.033,0.41,,,46.02,95730,9.7,19.65,25.46,32.5,44.32,100,40880,52950,67590,92190,208000,,
16740,"Charlotte-Concord-Gastonia, NC-SC",4,NC,000000,Cross-industry,cross-industry,1235,27-2042,Musicians and Singers,detailed,230,12.6,0.169,0.73,,,58.87,*,5.9,27.43,63.31,63.36,63.82,63.82,*,*,*,*,*,,TRUE
16820,"Charlottesville, VA",4,VA,000000,Cross-industry,cross-industry,1235,00-0000,All Occupations,total,114780,0,1000,1,,,35.58,74000,0.4,14.75,18.2,26.53,41.16,66.22,30680,37860,55180,85600,137730,,
16820,"Charlottesville, VA",4,VA,000000,Cross-industry,cross-industry,1235,27-2012,Producers and Directors,detailed,80,9.6,0.715,0.78,,,34.02,70760,3.3,16.2,22.15,26.03,39.9,52.57,33700,46080,54140,82990,109340,,
16860,"Chattanooga, TN-GA",4,TN,000000,Cross-industry,cross-industry,1235,00-0000,All Occupations,total,268750,0,1000,1,,,28.21,58680,0.5,13.33,16.83,22.45,32.28,47.95,27730,35010,46700,67130,99740,,
16860,"Chattanooga, TN-GA",4,TN,000000,Cross-industry,cross-industry,1235,27-2012,Producers and Directors,detailed,160,16,0.591,0.64,,,35.99,74860,5.4,17.79,22.94,29.65,40.19,62.9,37010,47720,61660,83600,130820,,
16940,"Cheyenne, WY",4,WY,000000,Cross-industry,cross-industry,1235,00-0000,All Occupations,total,48470,0,1000,1,,,30.33,63080,0.8,14.06,17.93,24.78,36.06,51.27,29250,37290,51540,75000,106640,,
16980,"Chicago-Naperville-Elgin, IL-IN",4,IL,000000,Cross-industry,cross-industry,1235,00-0000,All Occupations,total,4513280,0,1000,1,,,35.28,73380,0.3,16.47,18.5,26.31,41.67,62.88,34260,38480,54720,86670,130790,,
16980,"Chicago-Naperville-Elgin, IL-IN",4,IL,000000,Cross-industry,cross-industry,1235,27-2011,Actors,detailed,610,11.3,0.135,0.38,,,31.42,*,4.9,15,15,20,31.62,84.67,*,*,*,*,*,,TRUE
16980,"Chicago-Naperville-Elgin, IL-IN",4,IL,000000,Cross-industry,cross-industry,1235,27-2012,Producers and Directors,detailed,2590,10.7,0.574,0.62,,,48.52,100930,6.5,21.3,30.77,40.89,58.56,83.08,44310,64010,85040,121790,172810,,
16980,"Chicago-Naperville-Elgin, IL-IN",4,IL,000000,Cross-industry,cross-industry,1235,27-2041,Music Directors and Composers,detailed,**,**,**,**,,,30.21,62840,8.6,16.72,19.49,24.29,35.81,50,34790,40540,50530,74480,104010,,
16980,"Chicago-Naperville-Elgin, IL-IN",4,IL,000000,Cross-industry,cross-industry,1235,27-2042,Musicians and Singers,detailed,1050,17.1,0.234,1,,,59.93,*,11.2,17.08,22,53.16,82.08,131.4,*,*,*,*,*,,TRUE
17020,"Chico, CA",4,CA,000000,Cross-industry,cross-industry,1235,00-0000,All Occupations,total,78220,0,1000,1,,,31.45,65420,0.4,16.5,17.87,23.1,36.53,59.75,34320,37180,48050,75970,124290,,
17140,"Cincinnati, OH-KY-IN",4,OH,000000,Cross-industry,cross-industry,1235,00-0000,All Occupations,total,1101030,0,1000,1,,,32.39,67370,0.4,14.32,17.93,24.12,38.13,57.49,29780,37300,50170,79310,119580,,
17140,"Cincinnati, OH-KY-IN",4,OH,000000,Cross-industry,cross-industry,1235,27-2011,Actors,detailed,70,24.5,0.061,0.17,,,15.33,*,6.8,11.22,11.86,13.31,17.88,21.72,*,*,*,*,*,,TRUE
17140,"Cincinnati, OH-KY-IN",4,OH,000000,Cross-industry,cross-industry,1235,27-2012,Producers and Directors,detailed,320,6.3,0.291,0.32,,,36.61,76150,3.4,19.1,23.86,32.51,43.67,58.2,39730,49620,67620,90820,121060,,
17140,"Cincinnati, OH-KY-IN",4,OH,000000,Cross-industry,cross-industry,1235,27-2041,Music Directors and Composers,detailed,70,23,0.061,0.76,,,33.28,69220,5.7,19.89,23.73,30.43,37.01,50.98,41370,49360,63290,76990,106040,,
17140,"Cincinnati, OH-KY-IN",4,OH,000000,Cross-industry,cross-industry,1235,27-2042,Musicians and Singers,detailed,310,9.2,0.284,1.22,,,55.08,*,8.4,23.47,29.82,50,61.89,100.63,*,*,*,*,*,,TRUE
17300,"Clarksville, TN-KY",4,TN,000000,Cross-industry,cross-industry,1235,00-0000,All Occupations,total,103220,0,1000,1,,,25.64,53330,0.4,12.87,16.1,21.57,29.45,43.95,26770,33480,44860,61260,91410,,
17410,"Cleveland, OH",4,OH,000000,Cross-industry,cross-industry,1235,00-0000,All Occupations,total,1031130,0,1000,1,,,31.88,66310,0.3,14.21,17.9,24.11,37.98,52.13,29550,37240,50140,78990,108420,,
17410,"Cleveland, OH",4,OH,000000,Cross-industry,cross-industry,1235,27-2011,Actors,detailed,50,38.7,0.045,0.13,,,33.43,*,25.3,11.06,13.39,25.37,31.57,76.68,*,*,*,*,*,,TRUE
17410,"Cleveland, OH",4,OH,000000,Cross-industry,cross-industry,1235,27-2012,Producers and Directors,detailed,380,6.4,0.368,0.4,,,38.71,80510,4.2,21.97,28.66,34.21,45.4,62.59,45710,59600,71160,94440,130190,,
17410,"Cleveland, OH",4,OH,000000,Cross-industry,cross-industry,1235,27-2031,Dancers,detailed,120,47.9,0.117,2.23,,,*,*,*,*,*,*,*,*,*,*,*,*,*,,TRUE
17410,"Cleveland, OH",4,OH,000000,Cross-industry,cross-industry,1235,27-2041,Music Directors and Composers,detailed,100,14.8,0.099,1.22,,,39.97,83130,6.7,23.32,23.96,35.75,42.4,75.94,48500,49840,74370,88190,157960,,
17410,"Cleveland, OH",4,OH,000000,Cross-industry,cross-industry,1235,27-2042,Musicians and Singers,detailed,370,9.6,0.356,1.53,,,45.04,*,3.6,18.59,23.47,35.79,60.79,74.95,*,*,*,*,*,,TRUE
17420,"Cleveland, TN",4,TN,000000,Cross-industry,cross-industry,1235,00-0000,All Occupations,total,43010,0,1000,1,,,24.36,50670,0.6,12.4,14.87,19.34,28.33,38.59,25780,30920,40230,58920,80280,,
17660,"Coeur d'Alene, ID",4,ID,000000,Cross-industry,cross-industry,1235,00-0000,All Occupations,total,72280,0,1000,1,,,28.88,60060,0.6,14.34,17.94,22.96,33.47,48.75,29820,37320,47750,69630,101410,,
17780,"College Station-Bryan, TX",4,TX,000000,Cross-industry,cross-industry,1235,00-0000,All Occupations,total,134040,0,1000,1,,,27.43,57060,0.5,11.56,14.68,21.38,30.62,48.79,24040,30540,44470,63680,101470,,
17780,"College Station-Bryan, TX",4,TX,000000,Cross-industry,cross-industry,1235,27-2012,Producers and Directors,detailed,60,5.6,0.451,0.49,,,32.91,68450,6.5,18.89,20.85,28.3,39.57,49.46,39300,43380,58860,82300,102880,,
17820,"Colorado Springs, CO",4,CO,000000,Cross-industry,cross-industry,1235,00-0000,All Occupations,total,316060,0,1000,1,,,34.03,70780,0.6,16.6,18.87,25.34,39.71,61.74,34530,39250,52710,82600,128430,,
17820,"Colorado Springs, CO",4,CO,000000,Cross-industry,cross-industry,1235,27-2012,Producers and Directors,detailed,260,4.4,0.834,0.91,,,34.27,71280,2.8,21.76,24.51,30.95,38.81,49.62,45260,50980,64380,80710,103210,,
17820,"Colorado Springs, CO",4,CO,000000,Cross-industry,cross-industry,1235,27-2041,Music Directors and Composers,detailed,40,22.5,0.121,1.51,,,46.78,97300,5.5,27.34,28.79,50.33,57.68,75.59,56870,59890,104690,119960,157220,,
17820,"Colorado Springs, CO",4,CO,000000,Cross-industry,cross-industry,1235,27-2042,Musicians and Singers,detailed,50,25.8,0.162,0.7,,,51.62,*,6.2,34.41,51.24,51.24,61.36,61.36,*,*,*,*,*,,TRUE
17860,"Columbia, MO",4,MO,000000,Cross-industry,cross-industry,1235,00-0000,All Occupations,total,107680,0,1000,1,,,29.51,61380,0.5,14.07,17.17,22.72,34.42,49.12,29260,35710,47260,71580,102160,,
17860,"Columbia, MO",4,MO,000000,Cross-industry,cross-industry,1235,27-2012,Producers and Directors,detailed,90,5.5,0.876,0.95,,,27.89,58010,4.5,13.75,18.95,23.44,29.35,45.76,28600,39410,48750,61040,95180,,
17900,"Columbia, SC",4,SC,000000,Cross-industry,cross-industry,1235,00-0000,All Occupations,total,394200,0,1000,1,,,28.38,59030,0.5,13.14,16.8,22.32,33.29,48.92,27330,34950,46430,69250,101760,,
17900,"Columbia, SC",4,SC,000000,Cross-industry,cross-industry,1235,27-2012,Producers and Directors,detailed,280,8.6,0.7,0.76,,,29.69,61750,4.6,18.63,19.73,24.25,32.69,49.23,38760,41040,50430,67980,102400,,
17980,"Columbus, GA-AL",4,GA,000000,Cross-industry,cross-industry,1235,00-0000,All Occupations,total,116380,0,1000,1,,,26.51,55130,0.6,11.61,14.73,20.93,30.99,48.11,24150,30630,43540,64450,100060,,
17980,"Columbus, GA-AL",4,GA,000000,Cross-industry,cross-industry,1235,27-2012,Producers and Directors,detailed,70,8.7,0.625,0.68,,,33.85,70410,6.1,20.55,21.71,29.23,38.53,51.6,42740,45160,60790,80140,107330,,
18020,"Columbus, IN",4,IN,000000,Cross-industry,cross-industry,1235,00-0000,All Occupations,total,49820,0,1000,1,,,29.71,61800,1.1,14.08,17.71,23.3,35.04,49.88,29290,36830,48470,72880,103750,,
18140,"Columbus, OH",4,OH,000000,Cross-industry,cross-industry,1235,00-0000,All Occupations,total,1105580,0,1000,1,,,32.34,67270,0.4,14.44,18.18,24.69,38.56,56.41,30020,37800,51340,80200,117330,,
18140,"Columbus, OH",4,OH,000000,Cross-industry,cross-industry,1235,27-2012,Producers and Directors,detailed,370,11.7,0.332,0.36,,,39,81110,5.2,23.33,28.7,36.99,45.5,58.73,48530,59690,76930,94650,122170,,
18140,"Columbus, OH",4,OH,000000,Cross-industry,cross-industry,1235,27-2041,Music Directors and Composers,detailed,60,17.5,0.052,0.64,,,33.19,69030,4.5,23.55,24.07,28.12,34.26,48.1,48990,50060,58490,71250,100050,,
18140,"Columbus, OH",4,OH,000000,Cross-industry,cross-industry,1235,27-2042,Musicians and Singers,detailed,250,15.6,0.226,0.97,,,40.34,*,8.9,22.42,25.31,29.37,46.23,75.9,*,*,*,*,*,,TRUE
18580,"Corpus Christi, TX",4,TX,000000,Cross-industry,cross-industry,1235,00-0000,All Occupations,total,192580,0,1000,1,,,27.73,57670,1.1,11.3,14.86,21.81,32.09,47.72,23510,30900,45350,66760,99260,,
18580,"Corpus Christi, TX",4,TX,000000,Cross-industry,cross-industry,1235,27-2012,Producers and Directors,detailed,60,7.8,0.314,0.34,,,29.39,61130,3.8,18.39,20.55,21.15,33.87,49.58,38240,42750,43990,70450,103130,,
18700,"Corvallis, OR",4,OR,000000,Cross-industry,cross-industry,1235,00-0000,All Occupations,total,38550,0.1,1000,1,,,35.58,74000,0.4,16.46,19.43,27.73,41.22,63.58,34230,40420,57680,85740,132240,,
18700,"Corvallis, OR",4,OR,000000,Cross-industry,cross-industry,1235,27-2042,Musicians and Singers,detailed,40,22.6,0.924,3.97,,,*,*,*,*,*,*,*,*,*,*,*,*,*,,TRUE
18880,"Crestview-Fort Walton Beach-Destin, FL",4,FL,000000,Cross-industry,cross-industry,1235,00-0000,All Occupations,total,125050,0,1000,1,,,30.33,63090,0.7,14.32,17.27,22.84,36.24,55.24,29790,35930,47510,75380,114890,,
19100,"Dallas-Fort Worth-Arlington, TX",4,TX,000000,Cross-industry,cross-industry,1235,00-0000,All Occupations,total,4049800,0,1000,1,,,33.96,70630,0.3,13.87,17.69,24.73,39.35,63.5,28850,36800,51440,81840,132080,,
19100,"Dallas-Fort Worth-Arlington, TX",4,TX,000000,Cross-industry,cross-industry,1235,27-2011,Actors,detailed,500,33.6,0.124,0.35,,,37.6,*,29.8,15.94,18.42,25.28,32.72,109.74,*,*,*,*,*,,TRUE
19100,"Dallas-Fort Worth-Arlington, TX",4,TX,000000,Cross-industry,cross-industry,1235,27-2012,Producers and Directors,detailed,2330,7.8,0.576,0.63,,,42.7,88810,3.7,21.98,27.8,37.15,48.21,73.18,45720,57820,77260,100290,152220,,
19100,"Dallas-Fort Worth-Arlington, TX",4,TX,000000,Cross-industry,cross-industry,1235,27-2041,Music Directors and Composers,detailed,130,35.6,0.031,0.39,,,48.64,101160,12,22.21,25.83,36.88,52.59,78.88,46190,53720,76700,109380,164070,,
19100,"Dallas-Fort Worth-Arlington, TX",4,TX,000000,Cross-industry,cross-industry,1235,27-2042,Musicians and Singers,detailed,460,14.5,0.115,0.49,,,49.29,*,8.1,8.99,27.14,37.98,62.52,86.16,*,*,*,*,*,,TRUE
19140,"Dalton, GA",4,GA,000000,Cross-industry,cross-industry,1235,00-0000,All Occupations,total,65300,0,1000,1,,,25.87,53820,0.6,13.12,16.53,20.29,29.23,43.83,27280,34390,42210,60790,91170,,
19300,"Daphne-Fairhope-Foley, AL",4,AL,000000,Cross-industry,cross-industry,1235,00-0000,All Occupations,total,87120,0,1000,1,,,24.14,50200,0.7,11.39,14.2,18.52,28.63,39.14,23690,29540,38520,59540,81410,,
19340,"Davenport-Moline-Rock Island, IA-IL",4,IA,000000,Cross-industry,cross-industry,1235,00-0000,All Occupations,total,180450,0,1000,1,,,29.76,61900,0.4,15,17.41,23.34,36.15,50.59,31200,36200,48550,75190,105230,,
19340,"Davenport-Moline-Rock Island, IA-IL",4,IA,000000,Cross-industry,cross-industry,1235,27-2012,Producers and Directors,detailed,60,15.1,0.352,0.38,,,31.66,65850,9.9,17.43,19.17,26.54,37.22,47.56,36260,39880,55190,77410,98920,,
19340,"Davenport-Moline-Rock Island, IA-IL",4,IA,000000,Cross-industry,cross-industry,1235,27-2042,Musicians and Singers,detailed,110,6.9,0.629,2.7,,,55.79,*,7.8,19.3,28.23,35.65,50.98,168.79,*,*,*,*,*,,TRUE
19430,"Dayton-Kettering-Beavercreek, OH",4,OH,000000,Cross-industry,cross-industry,1235,00-0000,All Occupations,total,372660,0,1000,1,,,31.6,65730,0.4,13.98,17.7,24.03,38.11,56.35,29070,36810,49980,79270,117210,,
19430,"Dayton-Kettering-Beavercreek, OH",4,OH,000000,Cross-industry,cross-industry,1235,27-2012,Producers and Directors,detailed,100,6.4,0.263,0.29,,,36.1,75090,3.7,21.83,24.95,30.88,41.24,49.8,45410,51900,64230,85770,103580,,
19430,"Dayton-Kettering-Beavercreek, OH",4,OH,000000,Cross-industry,cross-industry,1235,27-2041,Music Directors and Composers,detailed,30,12.3,0.093,1.15,,,37.4,77780,3.9,17.21,24.73,30.7,39.52,60.45,35800,51440,63850,82200,125740,,
19430,"Dayton-Kettering-Beavercreek, OH",4,OH,000000,Cross-industry,cross-industry,1235,27-2042,Musicians and Singers,detailed,160,5.8,0.426,1.83,,,53.33,*,4.6,22.46,31.82,59.56,59.56,73.71,*,*,*,*,*,,TRUE
19460,"Decatur, AL",4,AL,000000,Cross-industry,cross-industry,1235,00-0000,All Occupations,total,61240,0,1000,1,,,27.8,57830,0.6,12.85,16.2,22.25,33.48,49.37,26720,33690,46280,69630,102690,,
19500,"Decatur, IL",4,IL,000000,Cross-industry,cross-industry,1235,00-0000,All Occupations,total,45550,0,1000,1,,,30.56,63570,0.5,15.15,18.17,24.66,35.79,49.51,31510,37790,51290,74440,102980,,
19660,"Deltona-Daytona Beach-Ormond Beach, FL",4,FL,000000,Cross-industry,cross-industry,1235,00-0000,All Occupations,total,219740,0,1000,1,,,27.59,57390,0.5,13.95,16.83,21.61,30.07,46.54,29020,35000,44940,62540,96800,,
19660,"Deltona-Daytona Beach-Ormond Beach, FL",4,FL,000000,Cross-industry,cross-industry,1235,27-2012,Producers and Directors,detailed,40,9.8,0.202,0.22,,,37.95,78930,9,17.89,23.6,34.85,44.05,62.76,37210,49100,72490,91630,130530,,
19740,"Denver-Aurora-Centennial, CO",4,CO,000000,Cross-industry,cross-industry,1235,00-0000,All Occupations,total,1609350,0,1000,1,,,39.28,81690,0.6,18.02,21.86,29.96,47.8,71.73,37490,45460,62320,99420,149200,,
19740,"Denver-Aurora-Centennial, CO",4,CO,000000,Cross-industry,cross-industry,1235,27-2011,Actors,detailed,150,32.1,0.091,0.26,,,*,*,*,*,*,*,*,*,*,*,*,*,*,,TRUE
19740,"Denver-Aurora-Centennial, CO",4,CO,000000,Cross-industry,cross-industry,1235,27-2012,Producers and Directors,detailed,1180,10.3,0.733,0.8,,,43.03,89490,4.2,23.07,30,38.75,49.05,64.16,47990,62390,80590,102020,133450,,
19740,"Denver-Aurora-Centennial, CO",4,CO,000000,Cross-industry,cross-industry,1235,27-2041,Music Directors and Composers,detailed,60,38.5,0.038,0.47,,,*,*,*,*,*,*,*,*,*,*,*,*,*,,
19740,"Denver-Aurora-Centennial, CO",4,CO,000000,Cross-industry,cross-industry,1235,27-2042,Musicians and Singers,detailed,240,22.5,0.152,0.65,,,44.23,*,11.2,29.98,37.01,37.21,51.53,63.76,*,*,*,*,*,,TRUE
19780,"Des Moines-West Des Moines, IA",4,IA,000000,Cross-industry,cross-industry,1235,00-0000,All Occupations,total,404130,0,1000,1,,,31.72,65970,0.5,14.38,18.05,24.91,37.65,54.54,29900,37550,51820,78320,113430,,
19780,"Des Moines-West Des Moines, IA",4,IA,000000,Cross-industry,cross-industry,1235,27-2012,Producers and Directors,detailed,210,12.9,0.52,0.57,,,34.46,71680,6.1,18.13,23,29.99,39.96,53.25,37710,47840,62370,83130,110760,,
19780,"Des Moines-West Des Moines, IA",4,IA,000000,Cross-industry,cross-industry,1235,27-2041,Music Directors and Composers,detailed,70,35.9,0.162,2.01,,,30.68,63820,6.7,22.48,24.79,29.68,31.88,36.39,46760,51570,61740,66300,75700,,
19820,"Detroit-Warren-Dearborn, MI",4,MI,000000,Cross-industry,cross-industry,1235,00-0000,All Occupations,total,1904530,0,1000,1,,,33.27,69210,0.4,14.9,18.21,25.04,39.28,61.28,30990,37880,52080,81700,127470,,
19820,"Detroit-Warren-Dearborn, MI",4,MI,000000,Cross-industry,cross-industry,1235,27-2011,Actors,detailed,90,49.5,0.047,0.13,,,*,*,*,*,*,*,*,*,*,*,*,*,*,,TRUE
19820,"Detroit-Warren-Dearborn, MI",4,MI,000000,Cross-industry,cross-industry,1235,27-2012,Producers and Directors,detailed,1090,7.7,0.573,0.62,,,41.28,85870,4.9,20.06,28.32,36.68,48.81,62.16,41730,58900,76290,101520,129300,,
19820,"Detroit-Warren-Dearborn, MI",4,MI,000000,Cross-industry,cross-industry,1235,27-2041,Music Directors and Composers,detailed,120,32.5,0.062,0.77,,,30.11,62630,9,17.64,18.69,25.43,35.25,43.79,36700,38870,52900,73320,91090,,
19820,"Detroit-Warren-Dearborn, MI",4,MI,000000,Cross-industry,cross-industry,1235,27-2042,Musicians and Singers,detailed,400,36,0.21,0.9,,,42.47,*,14.9,21.42,23.96,31.66,54.96,77.59,*,*,*,*,*,,TRUE
20020,"Dothan, AL",4,AL,000000,Cross-industry,cross-industry,1235,00-0000,All Occupations,total,60720,0.1,1000,1,,,24.45,50850,0.8,11.2,13.98,18.35,28.45,40.59,23290,29070,38170,59180,84420,,
20020,"Dothan, AL",4,AL,000000,Cross-industry,cross-industry,1235,27-2012,Producers and Directors,detailed,30,10.9,0.501,0.54,,,28.86,60030,10,18.24,20.21,22.15,32.32,35.68,37940,42040,46080,67220,74210,,
20100,"Dover, DE",4,DE,000000,Cross-industry,cross-industry,1235,00-0000,All Occupations,total,68080,0,1000,1,,,28.58,59450,0.4,15,17.05,22.45,33.73,48.34,31200,35460,46690,70150,100550,,
20220,"Dubuque, IA",4,IA,000000,Cross-industry,cross-industry,1235,00-0000,All Occupations,total,58470,0,1000,1,,,29.02,60370,0.7,14.09,17.77,23.44,34.51,49.52,29300,36950,48750,71780,103000,,
20260,"Duluth, MN-WI",4,MN,000000,Cross-industry,cross-industry,1235,00-0000,All Occupations,total,124710,0,1000,1,,,29.6,61560,0.4,14.33,17.69,24.04,36.88,47.95,29800,36800,50000,76710,99740,,
20260,"Duluth, MN-WI",4,MN,000000,Cross-industry,cross-industry,1235,27-2012,Producers and Directors,detailed,70,10.1,0.531,0.58,,,29.4,61150,8.3,15.95,18.42,26.95,36.23,44.74,33170,38310,56060,75360,93070,,
20500,"Durham-Chapel Hill, NC",4,NC,000000,Cross-industry,cross-industry,1235,00-0000,All Occupations,total,344020,0,1000,1,,,38.32,79700,0.4,14.87,19.23,29.19,48.14,75.96,30930,39990,60720,100130,157990,,
20500,"Durham-Chapel Hill, NC",4,NC,000000,Cross-industry,cross-industry,1235,27-2012,Producers and Directors,detailed,240,12.5,0.694,0.75,,,36.78,76500,4.4,13.11,25.19,33.57,41.95,57.47,27270,52400,69820,87260,119540,,
20500,"Durham-Chapel Hill, NC",4,NC,000000,Cross-industry,cross-industry,1235,27-2042,Musicians and Singers,detailed,40,16.4,0.11,0.47,,,34.31,*,4.9,18.45,27.87,28.56,38.7,50.06,*,*,*,*,*,,TRUE
20580,"Eagle Pass, TX",4,TX,000000,Cross-industry,cross-industry,1235,00-0000,All Occupations,total,18820,0.1,1000,1,,,22.51,46810,1,10.23,12.66,17.1,28.81,42.53,21280,26330,35560,59930,88470,,
20740,"Eau Claire, WI",4,WI,000000,Cross-industry,cross-industry,1235,00-0000,All Occupations,total,86060,0,1000,1,,,29.21,60760,0.6,14,17.42,23.12,34.28,47.24,29120,36230,48100,71300,98260,,
20740,"Eau Claire, WI",4,WI,000000,Cross-industry,cross-industry,1235,27-2012,Producers and Directors,detailed,50,9,0.543,0.59,,,28.41,59100,6.6,17.84,18.97,23.26,30.67,38.12,37110,39460,48380,63800,79290,,
20940,"El Centro, CA",4,CA,000000,Cross-industry,cross-industry,1235,00-0000,All Occupations,total,65430,0,1000,1,,,29.63,61630,0.5,16.5,17.09,21.7,35.64,55.71,34320,35550,45140,74120,115870,,
21060,"Elizabethtown, KY",4,KY,000000,Cross-industry,cross-industry,1235,00-0000,All Occupations,total,51540,0.1,1000,1,,,26.98,56110,0.9,13.19,16.47,22.51,31.57,46.79,27430,34260,46810,65660,97320,,
21140,"Elkhart-Goshen, IN",4,IN,000000,Cross-industry,cross-industry,1235,00-0000,All Occupations,total,127730,0,1000,1,,,27.97,58180,0.5,14.06,17.97,23.11,31.13,46.13,29250,37380,48070,64740,95940,,
21300,"Elmira, NY",4,NY,000000,Cross-industry,cross-industry,1235,00-0000,All Occupations,total,33600,0.1,1000,1,,,29.53,61430,0.8,15.65,17.69,23.01,34.06,46.78,32550,36800,47850,70840,97310,,
21340,"El Paso, TX",4,TX,000000,Cross-industry,cross-industry,1235,00-0000,All Occupations,total,339120,0,1000,1,,,24.94,51870,0.5,10.93,13.91,18.99,30.08,45.95,22740,28930,39510,62570,95570,,
21340,"El Paso, TX",4,TX,000000,Cross-industry,cross-industry,1235,27-2012,Producers and Directors,detailed,100,6,0.309,0.34,,,28.47,59230,5.7,18.85,18.9,23.57,35.25,48.28,39210,39310,49020,73320,100420,,
21420,"Enid, OK",4,OK,000000,Cross-industry,cross-industry,1235,00-0000,All Occupations,total,23320,0.1,1000,1,,,24.88,51750,0.8,11.37,14.44,19.47,29.7,44.45,23660,30040,40500,61770,92450,,
21500,"Erie, PA",4,PA,000000,Cross-industry,cross-industry,1235,00-0000,All Occupations,total,120480,0,1000,1,,,26.5,55110,0.5,12.91,15.85,21.38,30.78,45.85,26840,32960,44460,64030,95370,,
21500,"Erie, PA",4,PA,000000,Cross-industry,cross-industry,1235,27-2012,Producers and Directors,detailed,70,9,0.542,0.59,,,32.1,66760,2.9,18.35,22.85,28.34,35.98,46.49,38170,47530,58940,74830,96710,,
21500,"Erie, PA",4,PA,000000,Cross-industry,cross-industry,1235,27-2042,Musicians and Singers,detailed,40,25.4,0.31,1.33,,,*,*,*,*,*,*,*,*,*,*,*,*,*,,TRUE
21660,"Eugene-Springfield, OR",4,OR,000000,Cross-industry,cross-industry,1235,00-0000,All Occupations,total,157710,0,1000,1,,,30.92,64310,0.4,16.36,18.58,23.88,35.94,51.77,34030,38650,49680,74760,107680,,
21660,"Eugene-Springfield, OR",4,OR,000000,Cross-industry,cross-industry,1235,27-2012,Producers and Directors,detailed,100,14.9,0.651,0.71,,,36.87,76680,5.1,21.29,23.86,35.63,49.77,55.59,44280,49620,74110,103520,115620,,
21660,"Eugene-Springfield, OR",4,OR,000000,Cross-industry,cross-industry,1235,27-2041,Music Directors and Composers,detailed,110,19.8,0.677,8.4,,,*,*,*,*,*,*,*,*,*,*,*,*,*,,
21660,"Eugene-Springfield, OR",4,OR,000000,Cross-industry,cross-industry,1235,27-2042,Musicians and Singers,detailed,180,35.6,1.125,4.83,,,55.21,*,9.6,25.86,43.73,59.92,59.92,75.06,*,*,*,*,*,,TRUE
21780,"Evansville, IN",4,IN,000000,Cross-industry,cross-industry,1235,00-0000,All Occupations,total,135250,0,1000,1,,,27.95,58140,0.5,13.52,17.04,22.38,32.76,47.33,28120,35450,46540,68150,98440,,
21780,"Evansville, IN",4,IN,000000,Cross-industry,cross-industry,1235,27-2012,Producers and Directors,detailed,90,13,0.656,0.71,,,32.83,68290,5.1,17.8,22.18,28.37,36.85,51.12,37030,46130,59010,76640,106320,,
21820,"Fairbanks-College, AK",4,AK,000000,Cross-industry,cross-industry,1235,00-0000,All Occupations,total,36430,0,1000,1,,,35.32,73460,0.5,16.97,21.25,29.71,44.42,58.68,35300,44200,61810,92390,122050,,
22020,"Fargo, ND-MN",4,ND,000000,Cross-industry,cross-industry,1235,00-0000,All Occupations,total,148660,0,1000,1,,,30.95,64380,0.4,15.21,18.51,24.54,36.25,49.75,31650,38500,51050,75390,103480,,
22020,"Fargo, ND-MN",4,ND,000000,Cross-industry,cross-industry,1235,27-2012,Producers and Directors,detailed,80,15.5,0.57,0.62,,,28.81,59920,7.5,18.26,20.39,25.34,30.59,47.26,37970,42420,52700,63620,98290,,
22140,"Farmington, NM",4,NM,000000,Cross-industry,cross-industry,1235,00-0000,All Occupations,total,47670,0,1000,1,,,27.32,56830,0.7,13.38,16.55,22.03,31.56,46.36,27830,34430,45820,65640,96430,,
22180,"Fayetteville, NC",4,NC,000000,Cross-industry,cross-industry,1235,00-0000,All Occupations,total,131430,0,1000,1,,,27.96,58170,0.6,12.86,16.1,21.93,32.6,49.68,26740,33480,45620,67810,103330,,
22180,"Fayetteville, NC",4,NC,000000,Cross-industry,cross-industry,1235,27-2012,Producers and Directors,detailed,50,24.6,0.342,0.37,,,33.17,69000,3.6,14.42,22.9,30.17,42.48,48.94,29990,47620,62760,88350,101800,,
22220,"Fayetteville-Springdale-Rogers, AR",4,AR,000000,Cross-industry,cross-industry,1235,00-0000,All Occupations,total,275180,0,1000,1,,,29.44,61240,0.6,13.61,16.78,22.41,33.76,51.63,28300,34900,46610,70210,107380,,
22220,"Fayetteville-Springdale-Rogers, AR",4,AR,000000,Cross-industry,cross-industry,1235,27-2012,Producers and Directors,detailed,170,6,0.628,0.68,,,24.39,50730,2.8,12.09,13.82,21.1,29.99,39,25150,28750,43890,62380,81130,,
22380,"Flagstaff, AZ",4,AZ,000000,Cross-industry,cross-industry,1235,00-0000,All Occupations,total,66610,0.1,1000,1,,,29.44,61230,0.4,16.27,17.94,22.84,33.22,48.91,33850,37310,47500,69100,101730,,
22420,"Flint, MI",4,MI,000000,Cross-industry,cross-industry,1235,00-0000,All Occupations,total,135040,0,1000,1,,,27.79,57810,0.6,13.95,16.88,22.06,34.99,46.76,29010,35100,45880,72780,97250,,
22420,"Flint, MI",4,MI,000000,Cross-industry,cross-industry,1235,27-2012,Producers and Directors,detailed,60,6.3,0.411,0.45,,,31.18,64850,5.6,18.07,20.47,28.33,34.79,49.96,37580,42570,58930,72360,103910,,
22420,"Flint, MI",4,MI,000000,Cross-industry,cross-industry,1235,27-2042,Musicians and Singers,detailed,40,32.6,0.324,1.39,,,*,*,*,*,*,*,*,*,*,*,*,*,*,,TRUE
22500,"Florence, SC",4,SC,000000,Cross-industry,cross-industry,1235,00-0000,All Occupations,total,89060,0,1000,1,,,26.86,55860,0.6,11.62,15,20.93,30.36,46.89,24170,31190,43520,63160,97540,,
22520,"Florence-Muscle Shoals, AL",4,AL,000000,Cross-industry,cross-industry,1235,00-0000,All Occupations,total,56100,0.1,1000,1,,,24.23,50400,0.6,11.09,14.2,19.1,28.99,39.93,23060,29530,39740,60290,83050,,
22540,"Fond du Lac, WI",4,WI,000000,Cross-industry,cross-industry,1235,00-0000,All Occupations,total,43900,0.1,1000,1,,,30.01,62420,0.9,13.9,17.79,24.2,35.57,48.1,28900,37010,50340,73980,100040,,
22660,"Fort Collins-Loveland, CO",4,CO,000000,Cross-industry,cross-industry,1235,00-0000,All Occupations,total,169430,0,1000,1,,,33.95,70620,0.5,16.79,19.24,26.59,39.43,60.05,34930,40010,55310,82010,124910,,
22660,"Fort Collins-Loveland, CO",4,CO,000000,Cross-industry,cross-industry,1235,27-2012,Producers and Directors,detailed,60,21.6,0.379,0.41,,,34.93,72650,3.3,18.83,25.55,31.25,39.29,58.91,39170,53150,64990,81730,122530,,
22900,"Fort Smith, AR-OK",4,AR,000000,Cross-industry,cross-industry,1235,00-0000,All Occupations,total,95560,0,1000,1,,,24.18,50300,0.5,12.65,14.82,19.02,27.92,39.05,26310,30820,39560,58080,81220,,
22900,"Fort Smith, AR-OK",4,AR,000000,Cross-industry,cross-industry,1235,27-2012,Producers and Directors,detailed,100,6.9,1.092,1.19,,,17.89,37200,3.1,12.14,16.74,18.06,18.06,19.24,25250,34820,37560,37560,40010,,
23060,"Fort Wayne, IN",4,IN,000000,Cross-industry,cross-industry,1235,00-0000,All Occupations,total,225520,0,1000,1,,,28.66,59610,0.4,14.01,17.48,22.93,34.05,46.98,29140,36350,47700,70820,97710,,
23060,"Fort Wayne, IN",4,IN,000000,Cross-industry,cross-industry,1235,27-2011,Actors,detailed,30,29.1,0.135,0.38,,,*,*,*,*,*,*,*,*,*,*,*,*,*,,TRUE
23060,"Fort Wayne, IN",4,IN,000000,Cross-industry,cross-industry,1235,27-2012,Producers and Directors,detailed,80,14.6,0.351,0.38,,,31.21,64910,3.2,17.58,22.21,27.53,35.43,49.21,36560,46190,57260,73700,102360,,
23060,"Fort Wayne, IN",4,IN,000000,Cross-industry,cross-industry,1235,27-2042,Musicians and Singers,detailed,**,**,**,**,,,43.9,*,10.9,19.34,22.25,41.95,51.47,66.93,*,*,*,*,*,,TRUE
23420,"Fresno, CA",4,CA,000000,Cross-industry,cross-industry,1235,00-0000,All Occupations,total,476890,0,1000,1,,,30.68,63820,0.7,16.5,17.47,22.55,35.66,55.82,34320,36330,46910,74170,116100,,
23420,"Fresno, CA",4,CA,000000,Cross-industry,cross-industry,1235,27-2012,Producers and Directors,detailed,230,14.8,0.48,0.52,,,45.01,93610,6,23.23,30.46,37.85,49.25,64.07,48320,63360,78730,102430,133260,,
23420,"Fresno, CA",4,CA,000000,Cross-industry,cross-industry,1235,27-2041,Music Directors and Composers,detailed,40,8.2,0.089,1.11,,,29,60320,8.9,17.17,17.17,22.58,30.55,45.5,35710,35710,46960,63540,94650,,
23420,"Fresno, CA",4,CA,000000,Cross-industry,cross-industry,1235,27-2042,Musicians and Singers,detailed,60,17.3,0.118,0.51,,,38.77,*,15.6,17.71,19.14,28.22,39.69,108.48,*,*,*,*,*,,TRUE
23460,"Gadsden, AL",4,AL,000000,Cross-industry,cross-industry,1235,00-0000,All Occupations,total,33220,0,1000,1,,,22.79,47400,1.1,10.91,13.69,17.63,27.38,37.65,22690,28480,36660,56950,78300,,
23540,"Gainesville, FL",4,FL,000000,Cross-industry,cross-industry,1235,00-0000,All Occupations,total,152670,0,1000,1,,,28.7,59690,0.4,14.3,17.18,22.61,33.63,47.46,29750,35730,47020,69940,98720,,
23540,"Gainesville, FL",4,FL,000000,Cross-industry,cross-industry,1235,27-2012,Producers and Directors,detailed,50,12.7,0.337,0.37,,,39.24,81630,5.3,20.75,22.74,33.88,47.18,64.63,43160,47290,70470,98130,134430,,
23580,"Gainesville, GA",4,GA,000000,Cross-industry,cross-industry,1235,00-0000,All Occupations,total,103870,0,1000,1,,,28.36,59000,0.6,13.82,17.29,22.07,31.61,48.5,28740,35970,45900,65740,100880,,
23580,"Gainesville, GA",4,GA,000000,Cross-industry,cross-industry,1235,27-2012,Producers and Directors,detailed,50,34.9,0.452,0.49,,,*,*,*,*,*,*,*,*,*,*,*,*,*,,
23900,"Gettysburg, PA",4,PA,000000,Cross-industry,cross-industry,1235,00-0000,All Occupations,total,31940,0,1000,1,,,27.23,56630,0.9,13.43,17.03,22.41,30.92,46.35,27930,35420,46610,64310,96410,,
24020,"Glens Falls, NY",4,NY,000000,Cross-industry,cross-industry,1235,00-0000,All Occupations,total,50130,0.1,1000,1,,,29.92,62240,0.7,16.07,18.08,23.6,34.16,49.65,33420,37600,49090,71050,103260,,
24020,"Glens Falls, NY",4,NY,000000,Cross-industry,cross-industry,1235,27-2012,Producers and Directors,detailed,130,12.2,2.558,2.78,,,*,*,*,*,*,*,*,*,*,*,*,*,*,,
24140,"Goldsboro, NC",4,NC,000000,Cross-industry,cross-industry,1235,00-0000,All Occupations,total,40320,0.1,1000,1,,,24.35,50660,0.5,12.73,15.73,19.51,27.61,39.99,26470,32720,40570,57440,83170,,
24220,"Grand Forks, ND-MN",4,ND,000000,Cross-industry,cross-industry,1235,00-0000,All Occupations,total,52000,0.1,1000,1,,,29.8,61980,0.5,14.47,17.89,23.92,35.4,48.08,30110,37220,49760,73620,100010,,
24260,"Grand Island, NE",4,NE,000000,Cross-industry,cross-industry,1235,00-0000,All Occupations,total,39520,0,1000,1,,,27.34,56870,0.5,14.19,17.71,23.75,30.5,41.52,29520,36830,49410,63430,86360,,
24300,"Grand Junction, CO",4,CO,000000,Cross-industry,cross-industry,1235,00-0000,All Occupations,total,67170,0,1000,1,,,30.08,62570,0.6,15.97,18.07,23.32,35.28,49.52,33220,37590,48510,73380,102990,,
24340,"Grand Rapids-Wyoming-Kentwood, MI",4,MI,000000,Cross-industry,cross-industry,1235,00-0000,All Occupations,total,598260,0,1000,1,,,29.16,60660,0.2,14.64,17.77,22.87,34.62,48.58,30460,36960,47570,72000,101050,,
24340,"Grand Rapids-Wyoming-Kentwood, MI",4,MI,000000,Cross-industry,cross-industry,1235,27-2012,Producers and Directors,detailed,190,9.2,0.321,0.35,,,36.7,76340,8.9,18.25,22.72,29.89,37.92,56.77,37960,47260,62160,78870,118070,,
24340,"Grand Rapids-Wyoming-Kentwood, MI",4,MI,000000,Cross-industry,cross-industry,1235,27-2031,Dancers,detailed,80,43.2,0.137,2.62,,,*,*,*,*,*,*,*,*,*,*,*,*,*,,TRUE
24340,"Grand Rapids-Wyoming-Kentwood, MI",4,MI,000000,Cross-industry,cross-industry,1235,27-2041,Music Directors and Composers,detailed,60,17.1,0.105,1.3,,,32.57,67750,9.8,18.41,21.01,31.34,38.75,38.75,38280,43710,65190,80600,80600,,
24340,"Grand Rapids-Wyoming-Kentwood, MI",4,MI,000000,Cross-industry,cross-industry,1235,27-2042,Musicians and Singers,detailed,180,26.3,0.294,1.26,,,*,*,*,*,*,*,*,*,*,*,*,*,*,,TRUE
24420,"Grants Pass, OR",4,OR,000000,Cross-industry,cross-industry,1235,00-0000,All Occupations,total,30540,0.1,1000,1,,,28.71,59710,0.5,16.71,19.02,24.39,29.85,46.43,34750,39560,50730,62090,96580,,
24500,"Great Falls, MT",4,MT,000000,Cross-industry,cross-industry,1235,00-0000,All Occupations,total,36510,0,1000,1,,,28.45,59170,0.6,13.69,17.25,22.36,31.69,46.01,28480,35870,46510,65910,95700,,
24540,"Greeley, CO",4,CO,000000,Cross-industry,cross-industry,1235,00-0000,All Occupations,total,119540,0.1,1000,1,,,32.11,66780,0.4,16.98,20.45,26.48,36.73,52.35,35310,42530,55070,76410,108890,,
24540,"Greeley, CO",4,CO,000000,Cross-industry,cross-industry,1235,27-2012,Producers and Directors,detailed,30,14.8,0.276,0.3,,,32.23,67040,5.5,16.33,24.61,27.07,37.3,49.21,33960,51190,56310,77570,102360,,
24580,"Green Bay, WI",4,WI,000000,Cross-industry,cross-industry,1235,00-0000,All Occupations,total,174550,0,1000,1,,,30.19,62790,0.4,14.49,18.12,24.01,35.93,48.64,30140,37680,49940,74730,101160,,
24580,"Green Bay, WI",4,WI,000000,Cross-industry,cross-industry,1235,27-2012,Producers and Directors,detailed,130,5.7,0.753,0.82,,,37.77,78560,4.8,18.04,22.01,29.83,47.48,63.78,37520,45780,62040,98750,132660,,
24660,"Greensboro-High Point, NC",4,NC,000000,Cross-industry,cross-industry,1235,00-0000,All Occupations,total,365410,0,1000,1,,,28.45,59180,0.4,13.66,17.01,22.39,31.54,48.35,28410,35370,46570,65610,100560,,
24660,"Greensboro-High Point, NC",4,NC,000000,Cross-industry,cross-industry,1235,27-2012,Producers and Directors,detailed,160,19.7,0.444,0.48,,,33.87,70460,7.6,14.52,23.52,30,37.45,54.09,30200,48920,62400,77890,112510,,
24660,"Greensboro-High Point, NC",4,NC,000000,Cross-industry,cross-industry,1235,27-2042,Musicians and Singers,detailed,40,21.2,0.1,0.43,,,42.33,*,14.7,17.5,44.31,44.31,44.31,58.89,*,*,*,*,*,,TRUE
24780,"Greenville, NC",4,NC,000000,Cross-industry,cross-industry,1235,00-0000,All Occupations,total,80770,0,1000,1,,,29.22,60770,0.4,13.16,16.63,22.39,33.95,48.99,27380,34590,46560,70620,101900,,
24860,"Greenville-Anderson-Greer, SC",4,SC,000000,Cross-industry,cross-industry,1235,00-0000,All Occupations,total,434900,0,1000,1,,,28.49,59260,0.5,13.28,16.79,22.39,33.38,48.86,27620,34930,46580,69430,101630,,
24860,"Greenville-Anderson-Greer, SC",4,SC,000000,Cross-industry,cross-industry,1235,27-2012,Producers and Directors,detailed,220,13.2,0.506,0.55,,,34.94,72670,4.8,19.76,21.62,28.69,40.08,65.11,41090,44970,59670,83370,135430,,
25020,"Guayama, PR",4,PR,000000,Cross-industry,cross-industry,1235,00-0000,All Occupations,total,12450,0.1,1000,1,,,16.39,34090,1,10.5,10.5,12.15,17.9,27.32,21840,21840,25260,37240,56830,,
25060,"Gulfport-Biloxi, MS",4,MS,000000,Cross-industry,cross-industry,1235,00-0000,All Occupations,total,158310,0,1000,1,,,25.62,53290,0.4,11.23,14.34,20.9,30.45,44.65,23360,29840,43470,63330,92880,,
25060,"Gulfport-Biloxi, MS",4,MS,000000,Cross-industry,cross-industry,1235,27-2012,Producers and Directors,detailed,30,18.3,0.202,0.22,,,21.78,45290,4.5,10.53,16.75,21.62,23.05,31.84,21910,34840,44980,47950,66230,,
25180,"Hagerstown-Martinsburg, MD-WV",4,MD,000000,Cross-industry,cross-industry,1235,00-0000,All Occupations,total,107170,0,1000,1,,,28.93,60180,0.4,15,17.16,22.81,33.93,49.1,31200,35680,47440,70560,102120,,
25220,"Hammond, LA",4,LA,000000,Cross-industry,cross-industry,1235,00-0000,All Occupations,total,47820,0,1000,1,,,23.64,49160,0.8,10.4,13.54,18.5,28.57,39.78,21620,28170,38480,59430,82750,,
25260,"Hanford-Corcoran, CA",4,CA,000000,Cross-industry,cross-industry,1235,00-0000,All Occupations,total,48820,0,1000,1,,,30.88,64230,0.4,16.53,17.66,23.3,36.91,54.64,34390,36720,48470,76770,113660,,
25420,"Harrisburg-Carlisle, PA",4,PA,000000,Cross-industry,cross-industry,1235,00-0000,All Occupations,total,335010,0,1000,1,,,30.61,63660,0.4,13.89,17.83,23.85,37.11,50.86,28880,37090,49610,77200,105780,,
25420,"Harrisburg-Carlisle, PA",4,PA,000000,Cross-industry,cross-industry,1235,27-2012,Producers and Directors,detailed,200,9.9,0.588,0.64,,,38.43,79940,4.2,20.66,26.36,35.23,47.07,62.53,42970,54840,73280,97910,130070,,
25500,"Harrisonburg, VA",4,VA,000000,Cross-industry,cross-industry,1235,00-0000,All Occupations,total,65460,0,1000,1,,,27.35,56890,0.7,14.05,17.22,22.17,31.45,46.3,29220,35820,46110,65410,96300,,
25500,"Harrisonburg, VA",4,VA,000000,Cross-industry,cross-industry,1235,27-2012,Producers and Directors,detailed,30,8.8,0.493,0.54,,,30.99,64470,4.2,19.82,21.89,29.25,37.77,49.4,41220,45530,60830,78560,102750,,
25540,"Hartford-West Hartford-East Hartford, CT",4,CT,000000,Cross-industry,cross-industry,1235,00-0000,All Occupations,total,599770,0,1000,1,,,36.88,76720,0.4,16.99,19.51,28.82,46.42,64.9,35330,40590,59940,96550,134990,,
25540,"Hartford-West Hartford-East Hartford, CT",4,CT,000000,Cross-industry,cross-industry,1235,27-2011,Actors,detailed,150,1.4,0.252,0.71,,,29.8,*,1.4,17.07,17.07,28.53,37.15,37.15,*,*,*,*,*,,TRUE
25540,"Hartford-West Hartford-East Hartford, CT",4,CT,000000,Cross-industry,cross-industry,1235,27-2012,Producers and Directors,detailed,350,7.7,0.587,0.64,,,37.26,77490,2.6,22.21,24,34.15,40.63,59.68,46200,49920,71030,84520,124130,,
25540,"Hartford-West Hartford-East Hartford, CT",4,CT,000000,Cross-industry,cross-industry,1235,27-2041,Music Directors and Composers,detailed,40,19.4,0.073,0.91,,,55.43,115300,16.5,23.39,27.01,34.54,76.9,163.65,48640,56180,71850,159950,340380,,
25540,"Hartford-West Hartford-East Hartford, CT",4,CT,000000,Cross-industry,cross-industry,1235,27-2042,Musicians and Singers,detailed,260,12.3,0.434,1.87,,,64.29,*,6.6,24.61,38.71,50.75,85.75,118.77,*,*,*,*,*,,TRUE
25620,"Hattiesburg, MS",4,MS,000000,Cross-industry,cross-industry,1235,00-0000,All Occupations,total,62230,0,1000,1,,,23.79,49480,0.9,10.88,13.79,18.15,28.17,38.71,22620,28690,37750,58600,80510,,
25740,"Helena, MT",4,MT,000000,Cross-industry,cross-industry,1235,00-0000,All Occupations,total,44420,0,1000,1,,,31.38,65270,0.6,14.63,18.37,26.46,38.34,51.06,30420,38220,55040,79740,106200,,
25860,"Hickory-Lenoir-Morganton, NC",4,NC,000000,Cross-industry,cross-industry,1235,00-0000,All Occupations,total,154090,0,1000,1,,,26.14,54360,0.5,13.47,16.86,21.74,29.16,41.26,28020,35080,45220,60650,85830,,
25860,"Hickory-Lenoir-Morganton, NC",4,NC,000000,Cross-industry,cross-industry,1235,27-2012,Producers and Directors,detailed,30,20.9,0.222,0.24,,,27.51,57220,8.5,12.47,19.42,26.39,33.24,43.64,25930,40390,54890,69130,90770,,
25940,"Hilton Head Island-Bluffton-Port Royal, SC",4,SC,000000,Cross-industry,cross-industry,1235,00-0000,All Occupations,total,81920,0,1000,1,,,26.37,54860,0.7,12.47,16.08,21.08,30.53,45.5,25940,33440,43850,63500,94650,,
25980,"Hinesville, GA",4,GA,000000,Cross-industry,cross-industry,1235,00-0000,All Occupations,total,20330,0.1,1000,1,,,26.04,54160,0.7,12.61,16,22.44,30.82,43.14,26230,33290,46670,64100,89730,,
26140,"Homosassa Springs, FL",4,FL,000000,Cross-industry,cross-industry,1235,00-0000,All Occupations,total,35580,0.1,1000,1,,,25.79,53640,0.7,13.48,15.73,19.89,28.91,44.02,28040,32710,41360,60130,91560,,
26300,"Hot Springs, AR",4,AR,000000,Cross-industry,cross-industry,1235,00-0000,All Occupations,total,38600,0,1000,1,,,23.17,48190,0.8,11.51,13.84,17.57,26.22,38.59,23940,28780,36540,54540,80270,,
26380,"Houma-Bayou Cane-Thibodaux, LA",4,LA,000000,Cross-industry,cross-industry,1235,00-0000,All Occupations,total,83440,0,1000,1,,,26.86,55870,0.6,10.88,14.49,21.93,30.62,47.44,22620,30140,45610,63700,98670,,
26420,"Houston-Pasadena-The Woodlands, TX",4,TX,000000,Cross-industry,cross-industry,1235,00-0000,All Occupations,total,3289720,0,1000,1,,,32.51,67610,0.4,13.17,17.14,23.76,38.11,61.56,27380,35640,49410,79260,128040,,
26420,"Houston-Pasadena-The Woodlands, TX",4,TX,000000,Cross-industry,cross-industry,1235,27-2011,Actors,detailed,340,39.6,0.103,0.29,,,*,*,*,*,*,*,*,*,*,*,*,*,*,,TRUE
26420,"Houston-Pasadena-The Woodlands, TX",4,TX,000000,Cross-industry,cross-industry,1235,27-2012,Producers and Directors,detailed,810,20.4,0.247,0.27,,,38.61,80300,7,18.62,22.75,30.74,45.64,59.52,38730,47320,63950,94920,123790,,
26420,"Houston-Pasadena-The Woodlands, TX",4,TX,000000,Cross-industry,cross-industry,1235,27-2031,Dancers,detailed,90,8.4,0.028,0.54,,,33.4,*,2,13.91,28.35,35.31,35.31,44.91,*,*,*,*,*,,TRUE
26420,"Houston-Pasadena-The Woodlands, TX",4,TX,000000,Cross-industry,cross-industry,1235,27-2041,Music Directors and Composers,detailed,110,32.6,0.032,0.4,,,41.33,85970,12.2,9.29,24.99,30.5,40.09,59.75,19320,51980,63440,83400,124270,,
26420,"Houston-Pasadena-The Woodlands, TX",4,TX,000000,Cross-industry,cross-industry,1235,27-2042,Musicians and Singers,detailed,530,7.3,0.16,0.69,,,50.38,*,4.4,21.64,27.79,39.67,76.5,83.34,*,*,*,*,*,,TRUE
26580,"Huntington-Ashland, WV-KY-OH",4,WV,000000,Cross-industry,cross-industry,1235,00-0000,All Occupations,total,140740,0,1000,1,,,26.98,56110,0.4,12.15,15,21.44,30.83,46.03,25280,31200,44600,64120,95750,,
26580,"Huntington-Ashland, WV-KY-OH",4,WV,000000,Cross-industry,cross-industry,1235,27-2012,Producers and Directors,detailed,50,25.1,0.322,0.35,,,22.42,46630,12.4,11.85,16.2,17.24,24.91,36.31,24650,33700,35860,51810,75520,,
26620,"Huntsville, AL",4,AL,000000,Cross-industry,cross-industry,1235,00-0000,All Occupations,total,266650,0,1000,1,,,34.18,71090,0.4,13.64,17.4,24.88,43.18,66.89,28370,36190,51740,89810,139120,,
26620,"Huntsville, AL",4,AL,000000,Cross-industry,cross-industry,1235,27-2012,Producers and Directors,detailed,150,10.3,0.573,0.62,,,35.98,74830,7.3,19.18,23.1,29.52,37.93,62.96,39890,48040,61400,78890,130960,,
26820,"Idaho Falls, ID",4,ID,000000,Cross-industry,cross-industry,1235,00-0000,All Occupations,total,81840,0,1000,1,,,29.41,61160,0.5,13.76,16.98,22.5,35.93,51.48,28610,35320,46800,74740,107070,,
26900,"Indianapolis-Carmel-Greenwood, IN",4,IN,000000,Cross-industry,cross-industry,1235,00-0000,All Occupations,total,1105170,0,1000,1,,,31.34,65180,0.4,14.32,17.88,23.72,37.07,51.57,29790,37200,49340,77110,107270,,
26900,"Indianapolis-Carmel-Greenwood, IN",4,IN,000000,Cross-industry,cross-industry,1235,27-2011,Actors,detailed,250,11.3,0.229,0.65,,,23.61,*,19.3,14.92,17.97,19.13,24.7,40.66,*,*,*,*,*,,TRUE
26900,"Indianapolis-Carmel-Greenwood, IN",4,IN,000000,Cross-industry,cross-industry,1235,27-2012,Producers and Directors,detailed,750,7,0.676,0.73,,,31.6,65720,2.4,19.12,19.12,29.43,38.82,46.83,39760,39760,61220,80750,97400,,
26900,"Indianapolis-Carmel-Greenwood, IN",4,IN,000000,Cross-industry,cross-industry,1235,27-2031,Dancers,detailed,110,36.9,0.103,1.97,,,30.51,*,11.9,15.1,15.61,24.46,41.53,44.08,*,*,*,*,*,,TRUE
26900,"Indianapolis-Carmel-Greenwood, IN",4,IN,000000,Cross-industry,cross-industry,1235,27-2041,Music Directors and Composers,detailed,90,13.3,0.082,1.01,,,45.62,94900,9.6,23.65,26.67,39.31,61.44,84.43,49200,55470,81770,127800,175610,,
26900,"Indianapolis-Carmel-Greenwood, IN",4,IN,000000,Cross-industry,cross-industry,1235,27-2042,Musicians and Singers,detailed,110,22.7,0.101,0.43,,,43.57,*,8.7,22.19,24.71,41.56,56.94,73.18,*,*,*,*,*,,TRUE
26980,"Iowa City, IA",4,IA,000000,Cross-industry,cross-industry,1235,00-0000,All Occupations,total,93760,0,1000,1,,,31.45,65420,0.4,13.88,17.52,24.07,37.13,52.17,28870,36440,50060,77220,108520,,
26980,"Iowa City, IA",4,IA,000000,Cross-industry,cross-industry,1235,27-2012,Producers and Directors,detailed,50,4.2,0.56,0.61,,,32.53,67660,1.4,21.5,27.34,30.33,37.86,42.47,44710,56860,63090,78750,88340,,
27060,"Ithaca, NY",4,NY,000000,Cross-industry,cross-industry,1235,00-0000,All Occupations,total,47980,0,1000,1,,,37.01,76980,0.5,16.95,19.4,27.95,40.29,62.96,35260,40340,58130,83800,130960,,
27060,"Ithaca, NY",4,NY,000000,Cross-industry,cross-industry,1235,27-2012,Producers and Directors,detailed,50,6.3,1.136,1.23,,,36.14,75160,4.1,22.33,27.45,31.45,38.86,46.9,46440,57100,65410,80830,97540,,
27100,"Jackson, MI",4,MI,000000,Cross-industry,cross-industry,1235,00-0000,All Occupations,total,55930,0,1000,1,,,29.46,61270,0.5,14.2,17.36,22.96,35.61,50.54,29530,36120,47760,74080,105110,,
27140,"Jackson, MS",4,MS,000000,Cross-industry,cross-industry,1235,00-0000,All Occupations,total,270730,0,1000,1,,,25.96,53990,0.9,11.12,14.61,20.6,30.36,44.27,23130,30390,42850,63140,92070,,
27140,"Jackson, MS",4,MS,000000,Cross-industry,cross-industry,1235,27-2012,Producers and Directors,detailed,150,16.6,0.572,0.62,,,27.96,58160,5.2,19.89,19.89,24.17,31.86,39.37,41380,41380,50280,66260,81900,,
27140,"Jackson, MS",4,MS,000000,Cross-industry,cross-industry,1235,27-2042,Musicians and Singers,detailed,50,44.7,0.175,0.75,,,*,*,*,*,*,*,*,*,*,*,*,*,*,,TRUE
27180,"Jackson, TN",4,TN,000000,Cross-industry,cross-industry,1235,00-0000,All Occupations,total,84530,0,1000,1,,,25.62,53290,0.4,13.25,16.48,21.53,29.31,40.01,27560,34270,44790,60960,83220,,
27180,"Jackson, TN",4,TN,000000,Cross-industry,cross-industry,1235,27-2012,Producers and Directors,detailed,40,14.8,0.502,0.55,,,*,*,*,*,*,*,*,*,*,*,*,*,*,,
27260,"Jacksonville, FL",4,FL,000000,Cross-industry,cross-industry,1235,00-0000,All Occupations,total,765930,0,1000,1,,,31.59,65700,0.6,14.5,17.72,23.48,37.31,55.45,30160,36860,48830,77600,115340,,
27260,"Jacksonville, FL",4,FL,000000,Cross-industry,cross-industry,1235,27-2012,Producers and Directors,detailed,300,10.1,0.39,0.42,,,42.03,87420,3,22.8,28.57,37.67,48.03,67.51,47430,59420,78340,99910,140420,,
27260,"Jacksonville, FL",4,FL,000000,Cross-industry,cross-industry,1235,27-2041,Music Directors and Composers,detailed,30,19.7,0.043,0.53,,,31.97,66500,6,18.7,22.95,28.85,30.34,40.51,38890,47740,60000,63100,84260,,
27260,"Jacksonville, FL",4,FL,000000,Cross-industry,cross-industry,1235,27-2042,Musicians and Singers,detailed,150,19.4,0.193,0.83,,,*,*,*,*,*,*,*,*,*,*,*,*,*,,TRUE
27340,"Jacksonville, NC",4,NC,000000,Cross-industry,cross-industry,1235,00-0000,All Occupations,total,52570,0.1,1000,1,,,24.6,51170,0.6,11.53,14.41,19.34,28.63,42.97,23990,29980,40230,59540,89380,,
27500,"Janesville-Beloit, WI",4,WI,000000,Cross-industry,cross-industry,1235,00-0000,All Occupations,total,69870,0,1000,1,,,29.38,61110,0.6,14.11,17.77,23.26,35.1,47.97,29340,36950,48390,73010,99780,,
27620,"Jefferson City, MO",4,MO,000000,Cross-industry,cross-industry,1235,00-0000,All Occupations,total,80220,0,1000,1,,,28.25,58750,0.4,14.13,17.61,23.09,32.99,46.58,29400,36620,48030,68620,96890,,
27740,"Johnson City, TN",4,TN,000000,Cross-industry,cross-industry,1235,00-0000,All Occupations,total,81690,0,1000,1,,,26.32,54750,0.6,12.71,15.36,20.9,29.62,45.76,26430,31950,43480,61610,95170,,
27780,"Johnstown, PA",4,PA,000000,Cross-industry,cross-industry,1235,00-0000,All Occupations,total,47810,0.1,1000,1,,,25.7,53460,0.6,12.22,15.15,21.21,30.16,43.13,25420,31510,44110,62730,89710,,
27860,"Jonesboro, AR",4,AR,000000,Cross-industry,cross-industry,1235,00-0000,All Occupations,total,60620,0,1000,1,,,25.29,52610,0.4,12.92,14.77,20.31,28.9,40.86,26880,30710,42240,60120,84990,,
27900,"Joplin, MO-KS",4,MO,000000,Cross-industry,cross-industry,1235,00-0000,All Occupations,total,87190,0,1000,1,,,25.66,53370,0.5,13.77,16.41,21.63,29.22,40.68,28650,34140,44980,60770,84610,,
27900,"Joplin, MO-KS",4,MO,000000,Cross-industry,cross-industry,1235,27-2012,Producers and Directors,detailed,30,15.8,0.39,0.42,,,30.59,63630,6.9,14.62,17.16,27.51,38.15,49.81,30410,35680,57220,79360,103590,,
27980,"Kahului-Wailuku, HI",4,HI,000000,Cross-industry,cross-industry,1235,00-0000,All Occupations,total,73750,0,1000,1,,,33.04,68720,0.8,17.51,21.33,27.71,37.99,55.56,36430,44370,57640,79030,115570,,
27980,"Kahului-Wailuku, HI",4,HI,000000,Cross-industry,cross-industry,1235,27-2031,Dancers,detailed,80,17.4,1.043,19.94,,,32.45,*,8.5,22.27,22.39,27.62,40.91,46.12,*,*,*,*,*,,TRUE
27980,"Kahului-Wailuku, HI",4,HI,000000,Cross-industry,cross-industry,1235,27-2042,Musicians and Singers,detailed,60,24.5,0.747,3.21,,,73.46,*,21.3,33.4,34.2,55.59,84.39,163.65,*,*,*,*,*,,TRUE
28020,"Kalamazoo-Portage, MI",4,MI,000000,Cross-industry,cross-industry,1235,00-0000,All Occupations,total,121790,0,1000,1,,,30.22,62850,0.4,14.55,17.7,23.32,36.17,49.97,30260,36810,48510,75230,103930,,
28020,"Kalamazoo-Portage, MI",4,MI,000000,Cross-industry,cross-industry,1235,27-2012,Producers and Directors,detailed,60,7.5,0.494,0.54,,,34.3,71340,7.5,16.55,22.29,29.34,36.14,58.39,34430,46350,61030,75170,121460,,
28020,"Kalamazoo-Portage, MI",4,MI,000000,Cross-industry,cross-industry,1235,27-2042,Musicians and Singers,detailed,180,10.2,1.468,6.31,,,44.91,*,2.9,28.95,28.95,53.07,53.07,53.07,*,*,*,*,*,,TRUE
28100,"Kankakee, IL",4,IL,000000,Cross-industry,cross-industry,1235,00-0000,All Occupations,total,42340,0.1,1000,1,,,27.77,57760,0.7,15,16.97,22.03,31.58,46.78,31200,35290,45830,65680,97310,,
28140,"Kansas City, MO-KS",4,MO,000000,Cross-industry,cross-industry,1235,00-0000,All Occupations,total,1096110,0,1000,1,,,31.99,66550,0.3,14.67,18.08,24.44,37.93,56.64,30510,37600,50820,78900,117800,,
28140,"Kansas City, MO-KS",4,MO,000000,Cross-industry,cross-industry,1235,27-2012,Producers and Directors,detailed,440,8.8,0.4,0.43,,,38.13,79310,3.7,19.45,25.95,31.96,47.94,60.49,40450,53980,66470,99710,125820,,
28140,"Kansas City, MO-KS",4,MO,000000,Cross-industry,cross-industry,1235,27-2031,Dancers,detailed,150,33.1,0.139,2.66,,,22.25,*,11.3,13.75,13.75,20,25.4,32.24,*,*,*,*,*,,TRUE
28140,"Kansas City, MO-KS",4,MO,000000,Cross-industry,cross-industry,1235,27-2042,Musicians and Singers,detailed,260,7.9,0.242,1.04,,,43.6,*,5,19.01,26.75,39.93,49.65,73.91,*,*,*,*,*,,TRUE
28420,"Kennewick-Richland, WA",4,WA,000000,Cross-industry,cross-industry,1235,00-0000,All Occupations,total,129490,0,1000,1,,,35.32,73460,0.4,17.74,20.99,27.54,44.01,61.87,36890,43650,57290,91550,128690,,
28450,"Kenosha, WI",4,WI,000000,Cross-industry,cross-industry,1235,00-0000,All Occupations,total,75450,0,1000,1,,,29.08,60490,0.7,14.31,17.94,23.22,32.1,47.26,29750,37310,48310,66760,98290,,
28660,"Killeen-Temple, TX",4,TX,000000,Cross-industry,cross-industry,1235,00-0000,All Occupations,total,150580,0,1000,1,,,29.99,62390,0.4,12.66,16.2,22.43,34.54,50.38,26320,33700,46660,71840,104800,,
28700,"Kingsport-Bristol, TN-VA",4,TN,000000,Cross-industry,cross-industry,1235,00-0000,All Occupations,total,119560,0,1000,1,,,26.99,56140,0.4,13.18,16.38,21.75,30.73,46.2,27410,34070,45240,63910,96090,,
28700,"Kingsport-Bristol, TN-VA",4,TN,000000,Cross-industry,cross-industry,1235,27-2012,Producers and Directors,detailed,50,6.3,0.417,0.45,,,24.61,51190,2.7,17.7,17.89,20.9,27.03,37.14,36820,37200,43480,56230,77250,,
28740,"Kingston, NY",4,NY,000000,Cross-industry,cross-industry,1235,00-0000,All Occupations,total,59140,0.1,1000,1,,,30.5,63440,0.4,16.55,18.15,24.05,36.13,50.76,34430,37750,50020,75140,105580,,
28740,"Kingston, NY",4,NY,000000,Cross-industry,cross-industry,1235,27-2012,Producers and Directors,detailed,60,10.7,0.996,1.08,,,43.66,90820,6.1,21.13,29.4,35.83,48.73,79.21,43950,61160,74520,101370,164750,,
28880,"Kiryas Joel-Poughkeepsie-Newburgh, NY",4,NY,000000,Cross-industry,cross-industry,1235,00-0000,All Occupations,total,268970,0,1000,1,,,32.55,67700,0.3,16.77,18.49,24.51,37.7,56.9,34890,38470,50990,78410,118360,,
28880,"Kiryas Joel-Poughkeepsie-Newburgh, NY",4,NY,000000,Cross-industry,cross-industry,1235,27-2011,Actors,detailed,**,**,**,**,,,32.42,*,25.7,25.86,25.86,25.86,25.86,51.03,*,*,*,*,*,,TRUE
28880,"Kiryas Joel-Poughkeepsie-Newburgh, NY",4,NY,000000,Cross-industry,cross-industry,1235,27-2012,Producers and Directors,detailed,160,6.7,0.584,0.63,,,50.42,104870,19,23.35,30.68,39.64,57.72,78.28,48570,63810,82440,120050,162820,,
28880,"Kiryas Joel-Poughkeepsie-Newburgh, NY",4,NY,000000,Cross-industry,cross-industry,1235,27-2041,Music Directors and Composers,detailed,100,14.9,0.383,4.74,,,42.12,87610,15.4,21.39,27.21,29.65,53.44,83.5,44480,56590,61670,111160,173680,,
28880,"Kiryas Joel-Poughkeepsie-Newburgh, NY",4,NY,000000,Cross-industry,cross-industry,1235,27-2042,Musicians and Singers,detailed,130,16.5,0.492,2.11,,,*,*,*,*,*,*,*,*,*,*,*,*,*,,TRUE
28940,"Knoxville, TN",4,TN,000000,Cross-industry,cross-industry,1235,00-0000,All Occupations,total,424600,0,1000,1,,,28.8,59890,0.6,13.56,17.01,22.63,33.12,48.89,28210,35370,47080,68890,101680,,
28940,"Knoxville, TN",4,TN,000000,Cross-industry,cross-industry,1235,27-2012,Producers and Directors,detailed,290,11.9,0.681,0.74,,,33.79,70270,3.5,17.94,24.29,28.2,37.77,60.75,37320,50530,58660,78570,126360,,
28940,"Knoxville, TN",4,TN,000000,Cross-industry,cross-industry,1235,27-2042,Musicians and Singers,detailed,50,19,0.113,0.48,,,*,*,*,*,*,*,*,*,*,*,*,*,*,,TRUE
29020,"Kokomo, IN",4,IN,000000,Cross-industry,cross-industry,1235,00-0000,All Occupations,total,35500,0.1,1000,1,,,28.6,59480,0.5,13.78,17.17,23.55,36.5,46.4,28670,35720,48980,75930,96510,,
29100,"La Crosse-Onalaska, WI-MN",4,WI,000000,Cross-industry,cross-industry,1235,00-0000,All Occupations,total,84380,0,1000,1,,,30.18,62770,0.4,14.12,17.75,23.2,35.72,48.62,29360,36920,48260,74300,101130,,
29100,"La Crosse-Onalaska, WI-MN",4,WI,000000,Cross-industry,cross-industry,1235,27-2012,Producers and Directors,detailed,40,7,0.513,0.56,,,24.95,51890,9.1,16.52,16.52,18.07,28.85,39.24,34370,34370,37590,60000,81610,,
29180,"Lafayette, LA",4,LA,000000,Cross-industry,cross-industry,1235,00-0000,All Occupations,total,179570,0,1000,1,,,25.06,52120,0.5,10.59,14,20.09,29.47,43.91,22020,29130,41780,61300,91330,,
29180,"Lafayette, LA",4,LA,000000,Cross-industry,cross-industry,1235,27-2012,Producers and Directors,detailed,50,16.4,0.305,0.33,,,29.06,60440,5.1,14.93,17.87,26.15,37.45,51.03,31050,37160,54390,77890,106140,,
29200,"Lafayette-West Lafayette, IN",4,IN,000000,Cross-industry,cross-industry,1235,00-0000,All Occupations,total,102200,0,1000,1,,,28.95,60210,0.4,13.85,17.41,23.45,34.55,47.96,28810,36220,48780,71860,99750,,
29340,"Lake Charles, LA",4,LA,000000,Cross-industry,cross-industry,1235,00-0000,All Occupations,total,101690,0,1000,1,,,27.23,56630,0.5,10.84,14.64,21.97,33.41,49.74,22550,30440,45700,69490,103450,,
29420,"Lake Havasu City-Kingman, AZ",4,AZ,000000,Cross-industry,cross-industry,1235,00-0000,All Occupations,total,56490,0.1,1000,1,,,26.38,54860,0.5,14.93,16.92,21.26,29.2,44.56,31060,35190,44230,60730,92680,,
29460,"Lakeland-Winter Haven, FL",4,FL,000000,Cross-industry,cross-industry,1235,00-0000,All Occupations,total,265280,0,1000,1,,,27.44,57070,0.5,14.14,17.04,22.18,30.1,45.84,29410,35430,46140,62610,95340,,
29460,"Lakeland-Winter Haven, FL",4,FL,000000,Cross-industry,cross-industry,1235,27-2012,Producers and Directors,detailed,80,15.2,0.285,0.31,,,34.93,72650,3.7,19.67,22.8,31.35,43.46,53.61,40910,47410,65210,90400,111500,,
29460,"Lakeland-Winter Haven, FL",4,FL,000000,Cross-industry,cross-industry,1235,27-2042,Musicians and Singers,detailed,50,20.6,0.198,0.85,,,*,*,*,*,*,*,*,*,*,*,*,*,*,,TRUE
29540,"Lancaster, PA",4,PA,000000,Cross-industry,cross-industry,1235,00-0000,All Occupations,total,252230,0,1000,1,,,28.66,59620,0.4,13.74,17.59,23.18,33.77,47.85,28570,36580,48210,70230,99530,,
29540,"Lancaster, PA",4,PA,000000,Cross-industry,cross-industry,1235,27-2011,Actors,detailed,140,25.4,0.561,1.58,,,29.06,*,5.9,13.9,16.97,23.65,29.59,49.85,*,*,*,*,*,,TRUE
29540,"Lancaster, PA",4,PA,000000,Cross-industry,cross-industry,1235,27-2012,Producers and Directors,detailed,160,7.8,0.633,0.69,,,34.04,70800,2.5,17.57,22.89,30.77,38.64,51.06,36550,47610,64010,80370,106200,,
29540,"Lancaster, PA",4,PA,000000,Cross-industry,cross-industry,1235,27-2041,Music Directors and Composers,detailed,40,15.1,0.152,1.88,,,39.1,81330,9.7,19.14,23.18,34.18,44.72,70.44,39810,48220,71100,93020,146510,,
29620,"Lansing-East Lansing, MI",4,MI,000000,Cross-industry,cross-industry,1235,00-0000,All Occupations,total,217180,0,1000,1,,,31.47,65450,0.3,14.52,18,25.39,38.24,52.14,30200,37440,52800,79550,108460,,
29620,"Lansing-East Lansing, MI",4,MI,000000,Cross-industry,cross-industry,1235,27-2012,Producers and Directors,detailed,190,7,0.882,0.96,,,37.28,77540,3.5,19.01,26.94,34.79,44.35,53.87,39540,56020,72350,92250,112050,,
29620,"Lansing-East Lansing, MI",4,MI,000000,Cross-industry,cross-industry,1235,27-2042,Musicians and Singers,detailed,50,31.2,0.245,1.05,,,38.79,*,18.1,20,23.04,28.69,52.59,74.77,*,*,*,*,*,,TRUE
29700,"Laredo, TX",4,TX,000000,Cross-industry,cross-industry,1235,00-0000,All Occupations,total,109370,0,1000,1,,,23.17,48200,0.7,10.75,13.12,17.91,28.64,41.93,22360,27290,37250,59560,87220,,
29740,"Las Cruces, NM",4,NM,000000,Cross-industry,cross-industry,1235,00-0000,All Occupations,total,80000,0,1000,1,,,26.39,54880,0.4,13.2,15.03,20.23,30.92,46.64,27450,31260,42070,64320,97010,,
29820,"Las Vegas-Henderson-North Las Vegas, NV",4,NV,000000,Cross-industry,cross-industry,1235,00-0000,All Occupations,total,1136960,0,1000,1,,,29.23,60800,0.7,13.41,17.06,22.44,33.82,50.19,27890,35490,46670,70350,104400,,
29820,"Las Vegas-Henderson-North Las Vegas, NV",4,NV,000000,Cross-industry,cross-industry,1235,27-2011,Actors,detailed,680,41.7,0.599,1.69,,,*,*,*,*,*,*,*,*,*,*,*,*,*,,TRUE
29820,"Las Vegas-Henderson-North Las Vegas, NV",4,NV,000000,Cross-industry,cross-industry,1235,27-2012,Producers and Directors,detailed,1420,11.9,1.247,1.35,,,45.6,94850,5.1,18.21,27,38.45,58.58,80.83,37870,56160,79970,121840,168120,,
29820,"Las Vegas-Henderson-North Las Vegas, NV",4,NV,000000,Cross-industry,cross-industry,1235,27-2031,Dancers,detailed,370,31,0.33,6.3,,,43.57,*,19.1,12,19.02,38.75,51.07,74.75,*,*,*,*,*,,TRUE
29820,"Las Vegas-Henderson-North Las Vegas, NV",4,NV,000000,Cross-industry,cross-industry,1235,27-2041,Music Directors and Composers,detailed,**,**,**,**,,,63.83,132760,20.5,35.73,36.53,39.86,58.11,194.74,74310,75980,82920,120870,405060,,
29820,"Las Vegas-Henderson-North Las Vegas, NV",4,NV,000000,Cross-industry,cross-industry,1235,27-2042,Musicians and Singers,detailed,240,18.6,0.208,0.89,,,71.63,*,19.4,25,26.53,65.46,92,160.73,*,*,*,*,*,,TRUE
29940,"Lawrence, KS",4,KS,000000,Cross-industry,cross-industry,1235,00-0000,All Occupations,total,51750,0,1000,1,,,29.3,60950,0.5,13.53,16.72,22.78,34.05,51.47,28140,34790,47390,70820,107050,,
30020,"Lawton, OK",4,OK,000000,Cross-industry,cross-industry,1235,00-0000,All Occupations,total,42810,0,1000,1,,,25.09,52190,0.7,11.49,14.68,20.24,29.44,44.02,23910,30530,42090,61240,91560,,
30140,"Lebanon, PA",4,PA,000000,Cross-industry,cross-industry,1235,00-0000,All Occupations,total,53710,0,1000,1,,,27.53,57260,0.6,13.86,17.46,22.35,31.26,46.12,28830,36320,46500,65010,95940,,
30300,"Lewiston, ID-WA",4,ID,000000,Cross-industry,cross-industry,1235,00-0000,All Occupations,total,28680,0,1000,1,,,28.42,59120,0.7,15.61,17.91,23.22,32.06,47.36,32470,37240,48300,66690,98510,,
30340,"Lewiston-Auburn, ME",4,ME,000000,Cross-industry,cross-industry,1235,00-0000,All Occupations,total,47660,0,1000,1,,,30.12,62640,0.5,16.84,18.77,23.82,33.75,47.25,35030,39050,49540,70200,98280,,
30460,"Lexington-Fayette, KY",4,KY,000000,Cross-industry,cross-industry,1235,00-0000,All Occupations,total,286910,0,1000,1,,,29.91,62210,0.4,13.86,17.43,23.38,36.23,49.71,28820,36260,48620,75360,103390,,
30460,"Lexington-Fayette, KY",4,KY,000000,Cross-industry,cross-industry,1235,27-2012,Producers and Directors,detailed,260,15.6,0.918,1,,,28.74,59770,5.5,17.33,22.7,26.67,35.63,41.79,36050,47220,55460,74100,86910,,
30500,"Lexington Park, MD",4,MD,000000,Cross-industry,cross-industry,1235,00-0000,All Occupations,total,70650,0.1,1000,1,,,39.7,82580,0.4,15.96,19.07,30.76,53.62,75.36,33200,39660,63990,111530,156750,,
30620,"Lima, OH",4,OH,000000,Cross-industry,cross-industry,1235,00-0000,All Occupations,total,49950,0,1000,1,,,28.41,59080,0.8,13.45,17.08,22.68,34.91,46.8,27970,35530,47170,72610,97350,,
30700,"Lincoln, NE",4,NE,000000,Cross-industry,cross-industry,1235,00-0000,All Occupations,total,182620,0,1000,1,,,30.28,62980,0.4,14.45,17.93,23.94,36.7,49.55,30050,37290,49800,76340,103050,,
30700,"Lincoln, NE",4,NE,000000,Cross-industry,cross-industry,1235,27-2012,Producers and Directors,detailed,130,15.5,0.703,0.76,,,31.39,65300,5.1,18.7,23.03,28.85,37.27,49.71,38890,47900,60000,77520,103400,,
30700,"Lincoln, NE",4,NE,000000,Cross-industry,cross-industry,1235,27-2031,Dancers,detailed,60,8.2,0.327,6.25,,,*,*,*,*,*,*,*,*,*,*,*,*,*,,TRUE
30780,"Little Rock-North Little Rock-Conway, AR",4,AR,000000,Cross-industry,cross-industry,1235,00-0000,All Occupations,total,358210,0,1000,1,,,27.88,58000,0.6,13.23,16.05,22.02,31.18,47.64,27520,33370,45790,64840,99090,,
30780,"Little Rock-North Little Rock-Conway, AR",4,AR,000000,Cross-industry,cross-industry,1235,27-2012,Producers and Directors,detailed,200,6.1,0.548,0.6,,,24.66,51290,4.9,13.08,18.54,22.51,31.67,37.84,27210,38560,46820,65870,78710,,
30860,"Logan, UT-ID",4,UT,000000,Cross-industry,cross-industry,1235,00-0000,All Occupations,total,66800,0,1000,1,,,28.31,58880,0.4,13.91,17.24,22.29,31.77,48.5,28930,35860,46360,66080,100890,,
30980,"Longview, TX",4,TX,000000,Cross-industry,cross-industry,1235,00-0000,All Occupations,total,118060,0,1000,1,,,26.68,55480,0.4,12.38,15.54,21.71,30.42,47.16,25750,32330,45150,63280,98090,,
31020,"Longview-Kelso, WA",4,WA,000000,Cross-industry,cross-industry,1235,00-0000,All Occupations,total,41070,0.1,1000,1,,,32.74,68090,0.5,17.79,21.62,27.61,37.98,54.76,37000,44970,57420,79000,113890,,
31080,"Los Angeles-Long Beach-Anaheim, CA",4,CA,000000,Cross-industry,cross-industry,1235,00-0000,All Occupations,total,6271560,0,1000,1,,,37.15,77270,0.5,17.24,18.9,26.85,45.07,67.96,35870,39320,55850,93740,141370,,
31080,"Los Angeles-Long Beach-Anaheim, CA",4,CA,000000,Cross-industry,cross-industry,1235,27-2011,Actors,detailed,24800,38.6,3.955,11.18,,,82.51,*,24.1,21.97,25.12,55.29,143.26,145.47,*,*,*,*,*,,TRUE
31080,"Los Angeles-Long Beach-Anaheim, CA",4,CA,000000,Cross-industry,cross-industry,1235,27-2012,Producers and Directors,detailed,21910,14.3,3.493,3.8,,,76.63,159390,5.6,30.61,39.88,63.27,82.96,156.4,63660,82960,131600,172570,325310,,
31080,"Los Angeles-Long Beach-Anaheim, CA",4,CA,000000,Cross-industry,cross-industry,1235,27-2031,Dancers,detailed,660,23.5,0.105,2.02,,,27.89,*,8.7,16.5,17.24,20.1,35.48,39.28,*,*,*,*,*,,TRUE
31080,"Los Angeles-Long Beach-Anaheim, CA",4,CA,000000,Cross-industry,cross-industry,1235,27-2041,Music Directors and Composers,detailed,1280,19.2,0.205,2.54,,,49.69,103350,5.2,28.15,36.56,44.76,54.49,76.15,58540,76040,93090,113340,158390,,
31080,"Los Angeles-Long Beach-Anaheim, CA",4,CA,000000,Cross-industry,cross-industry,1235,27-2042,Musicians and Singers,detailed,3230,11,0.515,2.21,,,66.6,*,4.8,23.3,29.66,53.16,75.32,155.15,*,*,*,*,*,,TRUE
31140,"Louisville/Jefferson County, KY-IN",4,KY,000000,Cross-industry,cross-industry,1235,00-0000,All Occupations,total,685190,0,1000,1,,,29.96,62310,0.5,14.14,17.77,23.25,34.64,48.97,29410,36960,48370,72040,101860,,
31140,"Louisville/Jefferson County, KY-IN",4,KY,000000,Cross-industry,cross-industry,1235,27-2011,Actors,detailed,90,14.7,0.129,0.36,,,24.71,*,22.7,13.29,13.29,16.18,16.18,37.14,*,*,*,*,*,,TRUE
31140,"Louisville/Jefferson County, KY-IN",4,KY,000000,Cross-industry,cross-industry,1235,27-2012,Producers and Directors,detailed,360,7.8,0.519,0.56,,,32.67,67950,3.4,21.03,23.65,29.5,37.67,48.06,43740,49190,61350,78350,99950,,
31140,"Louisville/Jefferson County, KY-IN",4,KY,000000,Cross-industry,cross-industry,1235,27-2042,Musicians and Singers,detailed,50,44.8,0.076,0.33,,,*,*,*,*,*,*,*,*,*,*,*,*,*,,TRUE
31180,"Lubbock, TX",4,TX,000000,Cross-industry,cross-industry,1235,00-0000,All Occupations,total,166780,0,1000,1,,,25.89,53850,0.6,11.24,14.38,20.26,30.54,46.04,23380,29910,42130,63510,95770,,
31180,"Lubbock, TX",4,TX,000000,Cross-industry,cross-industry,1235,27-2012,Producers and Directors,detailed,110,3.4,0.655,0.71,,,27.31,56800,4.1,18.37,19.94,20.35,29.52,40.93,38210,41470,42330,61400,85130,,
31340,"Lynchburg, VA",4,VA,000000,Cross-industry,cross-industry,1235,00-0000,All Occupations,total,97190,0.1,1000,1,,,27.83,57880,0.4,13.52,16.42,22.21,32.13,47.27,28130,34160,46190,66840,98320,,
31340,"Lynchburg, VA",4,VA,000000,Cross-industry,cross-industry,1235,27-2012,Producers and Directors,detailed,50,15.6,0.499,0.54,,,31.11,64720,4,16.2,23.09,29.09,37.7,46.84,33690,48020,60510,78420,97430,,
31420,"Macon-Bibb County, GA",4,GA,000000,Cross-industry,cross-industry,1235,00-0000,All Occupations,total,95030,0,1000,1,,,27.11,56400,0.6,12.5,15.92,21.71,31.66,47.5,25990,33110,45160,65850,98810,,
31420,"Macon-Bibb County, GA",4,GA,000000,Cross-industry,cross-industry,1235,27-2012,Producers and Directors,detailed,50,4.7,0.505,0.55,,,28.11,58460,4.7,14.88,21.29,21.29,30.25,46.13,30950,44270,44270,62910,95960,,
31540,"Madison, WI",4,WI,000000,Cross-industry,cross-industry,1235,00-0000,All Occupations,total,408070,0,1000,1,,,34.13,70990,0.5,15.67,19.71,27.92,40.44,59.8,32590,40990,58080,84110,124370,,
31540,"Madison, WI",4,WI,000000,Cross-industry,cross-industry,1235,27-2012,Producers and Directors,detailed,470,13.9,1.154,1.25,,,41.28,85860,11.2,20.51,27,32.86,49.82,61.24,42660,56150,68350,103630,127380,,
31540,"Madison, WI",4,WI,000000,Cross-industry,cross-industry,1235,27-2041,Music Directors and Composers,detailed,70,12.3,0.172,2.13,,,40.01,83210,2.9,20.97,28.15,38.4,49.66,54.03,43630,58550,79870,103290,112390,,
31540,"Madison, WI",4,WI,000000,Cross-industry,cross-industry,1235,27-2042,Musicians and Singers,detailed,100,11.4,0.244,1.05,,,39.62,*,7.5,10.8,16.37,33.14,51.4,76.59,*,*,*,*,*,,TRUE
31700,"Manchester-Nashua, NH",4,NH,000000,Cross-industry,cross-industry,1235,00-0000,All Occupations,total,199560,0,1000,1,,,35,72800,0.5,15.43,18.94,27.18,40,63.36,32080,39400,56530,83200,131800,,
31700,"Manchester-Nashua, NH",4,NH,000000,Cross-industry,cross-industry,1235,27-2012,Producers and Directors,detailed,80,15.9,0.394,0.43,,,33.79,70280,9.9,20.22,24,30.06,40.53,51.46,42060,49920,62530,84290,107050,,
31740,"Manhattan, KS",4,KS,000000,Cross-industry,cross-industry,1235,00-0000,All Occupations,total,53500,0.1,1000,1,,,27.25,56680,0.6,13.06,15.89,22.07,31.96,47.79,27160,33040,45900,66480,99390,,
31860,"Mankato, MN",4,MN,000000,Cross-industry,cross-industry,1235,00-0000,All Occupations,total,56180,0,1000,1,,,30.02,62430,0.5,14.65,18.03,23.81,35.4,48.88,30460,37500,49530,73640,101670,,
31900,"Mansfield, OH",4,OH,000000,Cross-industry,cross-industry,1235,00-0000,All Occupations,total,48770,0.1,1000,1,,,26.19,54460,0.8,13.17,16.45,21.49,30.13,43.37,27390,34220,44700,62680,90210,,
32420,"Mayaguez, PR",4,PR,000000,Cross-industry,cross-industry,1235,00-0000,All Occupations,total,52110,0,1000,1,,,16.89,35140,1.1,10.5,10.5,12.15,17.97,28.82,21840,21840,25270,37380,59950,,
32580,"McAllen-Edinburg-Mission, TX",4,TX,000000,Cross-industry,cross-industry,1235,00-0000,All Occupations,total,296700,0,1000,1,,,22.53,46850,0.7,10.8,12.51,17.23,27.55,39.45,22470,26020,35830,57300,82050,,
32580,"McAllen-Edinburg-Mission, TX",4,TX,000000,Cross-industry,cross-industry,1235,27-2012,Producers and Directors,detailed,60,9.7,0.192,0.21,,,32.38,67350,6.6,17,23.49,29.29,37.39,49.7,35360,48850,60920,77770,103380,,
32780,"Medford, OR",4,OR,000000,Cross-industry,cross-industry,1235,00-0000,All Occupations,total,89060,0,1000,1,,,30.7,63850,0.6,16.57,18.96,23.99,34.66,51.44,34470,39440,49900,72100,107000,,
32780,"Medford, OR",4,OR,000000,Cross-industry,cross-industry,1235,27-2012,Producers and Directors,detailed,90,6.1,1.063,1.16,,,36.98,76910,3.1,23.14,27.54,37.19,46.38,56.35,48140,57270,77350,96480,117220,,
32780,"Medford, OR",4,OR,000000,Cross-industry,cross-industry,1235,27-2042,Musicians and Singers,detailed,90,15.7,1.027,4.41,,,67.23,*,20.9,21.67,25.86,85.45,85.45,105.39,*,*,*,*,*,,TRUE
32820,"Memphis, TN-MS-AR",4,TN,000000,Cross-industry,cross-industry,1235,00-0000,All Occupations,total,611670,0,1000,1,,,28.96,60240,0.4,13.89,17.32,22.54,33.84,48.38,28880,36020,46890,70400,100640,,
32820,"Memphis, TN-MS-AR",4,TN,000000,Cross-industry,cross-industry,1235,27-2012,Producers and Directors,detailed,240,9.9,0.397,0.43,,,33.68,70050,3.6,18.32,23.36,29.06,39.2,50.5,38110,48580,60440,81530,105030,,
32900,"Merced, CA",4,CA,000000,Cross-industry,cross-industry,1235,00-0000,All Occupations,total,79510,0,1000,1,,,29.58,61520,0.5,16.5,17.73,22.7,34.23,51.29,34320,36870,47220,71210,106690,,
33100,"Miami-Fort Lauderdale-West Palm Beach, FL",4,FL,000000,Cross-industry,cross-industry,1235,00-0000,All Occupations,total,2819940,0,1000,1,,,32.3,67190,0.8,14.49,17.54,23.39,37.29,58.91,30140,36480,48640,77570,122530,,
33100,"Miami-Fort Lauderdale-West Palm Beach, FL",4,FL,000000,Cross-industry,cross-industry,1235,27-2012,Producers and Directors,detailed,3020,15.4,1.071,1.16,,,50.41,104850,7.8,23.29,31.26,42.3,66.1,78.89,48450,65010,87980,137490,164090,,
33100,"Miami-Fort Lauderdale-West Palm Beach, FL",4,FL,000000,Cross-industry,cross-industry,1235,27-2031,Dancers,detailed,50,39.3,0.018,0.34,,,38.96,*,12.7,14.06,19.45,34.82,48.34,62.65,*,*,*,*,*,,TRUE
33100,"Miami-Fort Lauderdale-West Palm Beach, FL",4,FL,000000,Cross-industry,cross-industry,1235,27-2041,Music Directors and Composers,detailed,130,31,0.046,0.57,,,33.37,69400,13.2,13.54,22.59,29.09,36.46,49.84,28160,46990,60500,75830,103670,,
33100,"Miami-Fort Lauderdale-West Palm Beach, FL",4,FL,000000,Cross-industry,cross-industry,1235,27-2042,Musicians and Singers,detailed,670,20,0.236,1.01,,,73.71,*,7.4,24.42,33.78,50.55,98.81,177.9,*,*,*,*,*,,TRUE
33140,"Michigan City-La Porte, IN",4,IN,000000,Cross-industry,cross-industry,1235,00-0000,All Occupations,total,40840,0.1,1000,1,,,26.16,54410,0.6,13.5,16.91,21.89,29.98,44.1,28070,35170,45540,62360,91730,,
33220,"Midland, MI",4,MI,000000,Cross-industry,cross-industry,1235,00-0000,All Occupations,total,37300,0.1,1000,1,,,33.69,70070,0.6,14.21,17.71,23.72,39.08,61.08,29560,36840,49340,81290,127040,,
33260,"Midland, TX",4,TX,000000,Cross-industry,cross-industry,1235,00-0000,All Occupations,total,122180,0,1000,1,,,34.28,71290,1,14.12,18.36,26.19,38.66,62.57,29360,38200,54480,80410,130140,,
33340,"Milwaukee-Waukesha, WI",4,WI,000000,Cross-industry,cross-industry,1235,00-0000,All Occupations,total,820780,0,1000,1,,,32.42,67440,0.4,14.43,18.24,24.6,38.19,54.96,30010,37940,51160,79440,114320,,
33340,"Milwaukee-Waukesha, WI",4,WI,000000,Cross-industry,cross-industry,1235,27-2011,Actors,detailed,110,30.7,0.139,0.39,,,13.91,*,28.7,8.51,8.51,8.51,11.4,27.03,*,*,*,*,*,,TRUE
33340,"Milwaukee-Waukesha, WI",4,WI,000000,Cross-industry,cross-industry,1235,27-2012,Producers and Directors,detailed,520,5.8,0.633,0.69,,,35.7,74260,2.6,19.72,23.87,30.44,38.87,55.62,41010,49650,63320,80850,115680,,
33340,"Milwaukee-Waukesha, WI",4,WI,000000,Cross-industry,cross-industry,1235,27-2031,Dancers,detailed,120,31.6,0.145,2.77,,,27.14,*,23.7,7.25,7.25,26.29,40.76,52.52,*,*,*,*,*,,TRUE
33340,"Milwaukee-Waukesha, WI",4,WI,000000,Cross-industry,cross-industry,1235,27-2041,Music Directors and Composers,detailed,80,44.2,0.092,1.14,,,*,*,*,*,*,*,*,*,*,*,*,*,*,,
33340,"Milwaukee-Waukesha, WI",4,WI,000000,Cross-industry,cross-industry,1235,27-2042,Musicians and Singers,detailed,190,14.4,0.232,1,,,42.59,*,15.6,20.58,25.28,39.23,50.64,67.07,*,*,*,*,*,,TRUE
33460,"Minneapolis-St. Paul-Bloomington, MN-WI",4,MN,000000,Cross-industry,cross-industry,1235,00-0000,All Occupations,total,1951650,0,1000,1,,,35.86,74580,0.3,16.8,20.11,28.52,43.33,63.01,34940,41830,59320,90120,131060,,
33460,"Minneapolis-St. Paul-Bloomington, MN-WI",4,MN,000000,Cross-industry,cross-industry,1235,27-2011,Actors,detailed,470,28.9,0.239,0.67,,,24.99,*,10.2,18,18.02,18.95,30.35,32.46,*,*,*,*,*,,TRUE
33460,"Minneapolis-St. Paul-Bloomington, MN-WI",4,MN,000000,Cross-industry,cross-industry,1235,27-2012,Producers and Directors,detailed,1020,8,0.52,0.57,,,41.03,85350,2.7,21.53,29.13,37.82,49.05,63.83,44780,60590,78660,102030,132770,,
33460,"Minneapolis-St. Paul-Bloomington, MN-WI",4,MN,000000,Cross-industry,cross-industry,1235,27-2031,Dancers,detailed,150,45.1,0.076,1.46,,,16.99,*,13.4,14.88,14.88,16.75,16.82,17.17,*,*,*,*,*,,TRUE
33460,"Minneapolis-St. Paul-Bloomington, MN-WI",4,MN,000000,Cross-industry,cross-industry,1235,27-2041,Music Directors and Composers,detailed,80,15.6,0.043,0.53,,,*,*,*,*,*,*,*,*,*,*,*,*,*,,
33460,"Minneapolis-St. Paul-Bloomington, MN-WI",4,MN,000000,Cross-industry,cross-industry,1235,27-2042,Musicians and Singers,detailed,400,19.3,0.204,0.88,,,82.56,*,11.9,17.65,40.17,61.56,132.05,137.21,*,*,*,*,*,,TRUE
33500,"Minot, ND",4,ND,000000,Cross-industry,cross-industry,1235,00-0000,All Occupations,total,33260,0.1,1000,1,,,29.14,60600,0.6,14.28,17.59,23.53,33.7,46.66,29690,36590,48940,70100,97060,,
33540,"Missoula, MT",4,MT,000000,Cross-industry,cross-industry,1235,00-0000,All Occupations,total,67070,0.1,1000,1,,,28.8,59900,0.6,14.25,17.75,23,34.01,47.88,29630,36920,47830,70750,99580,,
33540,"Missoula, MT",4,MT,000000,Cross-industry,cross-industry,1235,27-2012,Producers and Directors,detailed,100,6.1,1.537,1.67,,,28.28,58810,7.2,17.41,17.87,24.99,32.25,43.49,36210,37170,51970,67090,90460,,
33660,"Mobile, AL",4,AL,000000,Cross-industry,cross-industry,1235,00-0000,All Occupations,total,172550,0,1000,1,,,27.97,58170,0.7,12.87,15.97,22.59,32.88,47.75,26770,33220,47000,68390,99320,,
33660,"Mobile, AL",4,AL,000000,Cross-industry,cross-industry,1235,27-2012,Producers and Directors,detailed,130,9.8,0.734,0.8,,,33.49,69650,6.6,18.32,21.47,28.2,36.68,49.66,38110,44660,58650,76300,103300,,
33700,"Modesto, CA",4,CA,000000,Cross-industry,cross-industry,1235,00-0000,All Occupations,total,195230,0,1000,1,,,32.32,67230,0.4,17.08,18.78,24.33,37.27,59.53,35530,39070,50610,77510,123810,,
33700,"Modesto, CA",4,CA,000000,Cross-industry,cross-industry,1235,27-2042,Musicians and Singers,detailed,100,13.2,0.523,2.25,,,*,*,*,*,*,*,*,*,*,*,*,*,*,,TRUE
33740,"Monroe, LA",4,LA,000000,Cross-industry,cross-industry,1235,00-0000,All Occupations,total,87500,0,1000,1,,,23.49,48850,0.6,10.34,13.54,18.34,28.07,39.93,21520,28170,38150,58380,83040,,
33780,"Monroe, MI",4,MI,000000,Cross-industry,cross-industry,1235,00-0000,All Occupations,total,40740,0,1000,1,,,27.9,58040,0.5,13.93,17.01,22.23,32.12,48.19,28970,35390,46240,66820,100230,,
33860,"Montgomery, AL",4,AL,000000,Cross-industry,cross-industry,1235,00-0000,All Occupations,total,165550,0,1000,1,,,26.8,55740,0.5,12.31,15.02,21.61,30.95,47.1,25600,31240,44950,64370,97960,,
33860,"Montgomery, AL",4,AL,000000,Cross-industry,cross-industry,1235,27-2012,Producers and Directors,detailed,140,11.7,0.847,0.92,,,35.71,74270,4.7,19.97,21.71,31.31,37.82,49.8,41530,45150,65130,78660,103570,,
34060,"Morgantown, WV",4,WV,000000,Cross-industry,cross-industry,1235,00-0000,All Occupations,total,67370,0.1,1000,1,,,29.47,61310,0.6,13.07,16.46,22.76,35.9,50.56,27180,34230,47350,74660,105170,,
34100,"Morristown, TN",4,TN,000000,Cross-industry,cross-industry,1235,00-0000,All Occupations,total,47290,0,1000,1,,,24.75,51480,0.7,13.05,16.17,21.29,29.08,38.58,27150,33630,44280,60480,80240,,
34580,"Mount Vernon-Anacortes, WA",4,WA,000000,Cross-industry,cross-industry,1235,00-0000,All Occupations,total,52600,0,1000,1,,,34.52,71790,0.4,18.09,21.65,28.65,40.95,60.27,37630,45020,59590,85180,125360,,
34620,"Muncie, IN",4,IN,000000,Cross-industry,cross-industry,1235,00-0000,All Occupations,total,44740,0,1000,1,,,26.07,54230,0.6,13.18,16.4,21.21,29.96,43.95,27410,34100,44110,62310,91410,,
34740,"Muskegon-Norton Shores, MI",4,MI,000000,Cross-industry,cross-industry,1235,00-0000,All Occupations,total,62340,0,1000,1,,,27.11,56400,0.4,13.74,16.86,22.15,30.84,45.19,28590,35080,46060,64150,94000,,
34820,"Myrtle Beach-Conway-North Myrtle Beach, SC",4,SC,000000,Cross-industry,cross-industry,1235,00-0000,All Occupations,total,146260,0,1000,1,,,23.9,49710,0.6,10.83,14.13,18.23,28.2,40.15,22530,29380,37930,58650,83510,,
34820,"Myrtle Beach-Conway-North Myrtle Beach, SC",4,SC,000000,Cross-industry,cross-industry,1235,27-2011,Actors,detailed,60,16.4,0.407,1.15,,,*,*,*,*,*,*,*,*,*,*,*,*,*,,TRUE
34820,"Myrtle Beach-Conway-North Myrtle Beach, SC",4,SC,000000,Cross-industry,cross-industry,1235,27-2012,Producers and Directors,detailed,90,6.8,0.626,0.68,,,28.63,59560,2.6,18.13,18.5,23.86,34.24,48.03,37700,38480,49630,71220,99900,,
34820,"Myrtle Beach-Conway-North Myrtle Beach, SC",4,SC,000000,Cross-industry,cross-industry,1235,27-2042,Musicians and Singers,detailed,40,22.6,0.299,1.29,,,32.44,*,16.7,11.99,22.53,28.5,39.08,48.21,*,*,*,*,*,,TRUE
34900,"Napa, CA",4,CA,000000,Cross-industry,cross-industry,1235,00-0000,All Occupations,total,77860,0,1000,1,,,34.67,72110,0.7,18.02,20.73,26.54,39.26,62.28,37480,43120,55210,81660,129550,,
34940,"Naples-Marco Island, FL",4,FL,000000,Cross-industry,cross-industry,1235,00-0000,All Occupations,total,173880,0,1000,1,,,30.79,64040,0.6,15.06,17.96,22.98,34.34,51.11,31330,37350,47800,71430,106300,,
34940,"Naples-Marco Island, FL",4,FL,000000,Cross-industry,cross-industry,1235,27-2012,Producers and Directors,detailed,50,36,0.265,0.29,,,*,*,*,*,*,*,*,*,*,*,*,*,*,,
34940,"Naples-Marco Island, FL",4,FL,000000,Cross-industry,cross-industry,1235,27-2042,Musicians and Singers,detailed,110,8.1,0.636,2.73,,,*,*,*,*,*,*,*,*,*,*,*,*,*,,TRUE
34980,"Nashville-Davidson--Murfreesboro--Franklin, TN",4,TN,000000,Cross-industry,cross-industry,1235,00-0000,All Occupations,total,1099300,0,1000,1,,,31.92,66390,0.6,14.45,18.09,24.23,37.41,54.8,30060,37630,50390,77810,113970,,
34980,"Nashville-Davidson--Murfreesboro--Franklin, TN",4,TN,000000,Cross-industry,cross-industry,1235,27-2011,Actors,detailed,150,30.9,0.14,0.4,,,25.96,*,4.5,19.98,21.82,25.52,25.52,31.91,*,*,*,*,*,,TRUE
34980,"Nashville-Davidson--Murfreesboro--Franklin, TN",4,TN,000000,Cross-industry,cross-industry,1235,27-2012,Producers and Directors,detailed,1830,10.3,1.667,1.81,,,40.24,83700,5.4,17.42,27.42,38.27,50.26,66.08,36230,57030,79590,104540,137450,,
34980,"Nashville-Davidson--Murfreesboro--Franklin, TN",4,TN,000000,Cross-industry,cross-industry,1235,27-2041,Music Directors and Composers,detailed,310,34.4,0.283,3.5,,,33.96,70630,28.8,8.9,8.94,40.7,49.11,56.65,18520,18600,84660,102140,117820,,
34980,"Nashville-Davidson--Murfreesboro--Franklin, TN",4,TN,000000,Cross-industry,cross-industry,1235,27-2042,Musicians and Singers,detailed,1280,21,1.163,5,,,*,*,*,*,*,*,*,*,*,*,*,*,*,,TRUE
35300,"New Haven, CT",4,CT,000000,Cross-industry,cross-industry,1235,00-0000,All Occupations,total,281410,0,1000,1,,,36.36,75620,0.3,17.11,19.79,28.88,44.3,63.46,35580,41150,60060,92150,132000,,
35300,"New Haven, CT",4,CT,000000,Cross-industry,cross-industry,1235,27-2012,Producers and Directors,detailed,130,10,0.475,0.52,,,39.1,81320,2.8,20.19,28.33,37.4,44.26,55.38,41990,58920,77790,92060,115180,,
35300,"New Haven, CT",4,CT,000000,Cross-industry,cross-industry,1235,27-2042,Musicians and Singers,detailed,80,23.8,0.284,1.22,,,64.21,*,9.1,22.67,30.53,60.12,86.89,114.51,*,*,*,*,*,,TRUE
35380,"New Orleans-Metairie, LA",4,LA,000000,Cross-industry,cross-industry,1235,00-0000,All Occupations,total,445550,0,1000,1,,,29.35,61050,0.5,11.39,15.24,22.73,35.99,51.42,23690,31690,47290,74860,106950,,
35380,"New Orleans-Metairie, LA",4,LA,000000,Cross-industry,cross-industry,1235,27-2012,Producers and Directors,detailed,400,13.5,0.892,0.97,,,*,*,*,*,*,*,*,*,*,*,*,*,*,,
35380,"New Orleans-Metairie, LA",4,LA,000000,Cross-industry,cross-industry,1235,27-2042,Musicians and Singers,detailed,110,37.2,0.238,1.02,,,*,*,*,*,*,*,*,*,*,*,*,*,*,,TRUE
35620,"New York-Newark-Jersey City, NY-NJ",4,NY,000000,Cross-industry,cross-industry,1235,00-0000,All Occupations,total,9492000,0,1000,1,,,41.5,86310,0.2,17.37,20.46,29.53,49.76,79.84,36130,42560,61430,103500,166080,,
35620,"New York-Newark-Jersey City, NY-NJ",4,NY,000000,Cross-industry,cross-industry,1235,27-2011,Actors,detailed,5430,34.8,0.572,1.62,,,52.43,*,18.3,20.8,27.97,28.81,81.79,97.96,*,*,*,*,*,,TRUE
35620,"New York-Newark-Jersey City, NY-NJ",4,NY,000000,Cross-industry,cross-industry,1235,27-2012,Producers and Directors,detailed,27020,4,2.846,3.09,,,65.93,137130,3.2,30.59,38.92,52.15,81.73,107.01,63620,80960,108460,169990,222580,,
35620,"New York-Newark-Jersey City, NY-NJ",4,NY,000000,Cross-industry,cross-industry,1235,27-2031,Dancers,detailed,980,16.8,0.103,1.98,,,37.49,*,9.2,16.88,18.68,26.32,53.04,77.4,*,*,*,*,*,,TRUE
35620,"New York-Newark-Jersey City, NY-NJ",4,NY,000000,Cross-industry,cross-industry,1235,27-2041,Music Directors and Composers,detailed,1520,39.5,0.16,1.99,,,57.85,120330,16.6,27.35,28.08,47.1,79.69,103.59,56890,58400,97970,165760,215470,,
35620,"New York-Newark-Jersey City, NY-NJ",4,NY,000000,Cross-industry,cross-industry,1235,27-2042,Musicians and Singers,detailed,4410,11.2,0.465,2,,,72.71,*,7,29.12,45.77,66.29,102.45,133.33,*,*,*,*,*,,TRUE
35660,"Niles, MI",4,MI,000000,Cross-industry,cross-industry,1235,00-0000,All Occupations,total,59970,0,1000,1,,,27.97,58170,0.6,13.95,16.95,22.11,31.84,49.1,29020,35260,45980,66230,102130,,
35840,"North Port-Bradenton-Sarasota, FL",4,FL,000000,Cross-industry,cross-industry,1235,00-0000,All Occupations,total,339940,0,1000,1,,,30.05,62500,0.6,14.62,17.65,22.81,33.82,50.13,30420,36700,47440,70340,104280,,
35840,"North Port-Bradenton-Sarasota, FL",4,FL,000000,Cross-industry,cross-industry,1235,27-2012,Producers and Directors,detailed,170,10.8,0.507,0.55,,,36.43,75770,4.6,21.21,23.23,32.59,42.35,57.74,44110,48320,67780,88080,120090,,
35840,"North Port-Bradenton-Sarasota, FL",4,FL,000000,Cross-industry,cross-industry,1235,27-2042,Musicians and Singers,detailed,180,38.7,0.52,2.24,,,69.36,*,20.2,22.93,24.62,30.68,105.25,174.6,*,*,*,*,*,,TRUE
35980,"Norwich-New London-Willimantic, CT",4,CT,000000,Cross-industry,cross-industry,1235,00-0000,All Occupations,total,126450,0,1000,1,,,34.52,71810,0.4,16.65,18.37,27.58,41.78,61.74,34630,38210,57370,86900,128410,,
35980,"Norwich-New London-Willimantic, CT",4,CT,000000,Cross-industry,cross-industry,1235,27-2012,Producers and Directors,detailed,40,11.1,0.329,0.36,,,37.88,78800,3.7,19.35,25.53,34.75,43.09,56.02,40250,53100,72280,89620,116530,,
36100,"Ocala, FL",4,FL,000000,Cross-industry,cross-industry,1235,00-0000,All Occupations,total,120980,0,1000,1,,,26.58,55290,0.7,13.73,16.56,21.15,29.02,43.83,28560,34440,43990,60350,91170,,
36220,"Odessa, TX",4,TX,000000,Cross-industry,cross-industry,1235,00-0000,All Occupations,total,80910,0,1000,1,,,29.03,60380,0.6,13.52,17.43,23.36,34.61,49.01,28130,36250,48590,71990,101950,,
36220,"Odessa, TX",4,TX,000000,Cross-industry,cross-industry,1235,27-2012,Producers and Directors,detailed,30,7.8,0.415,0.45,,,26.84,55830,3.4,18.14,21.35,21.48,30.85,40.32,37720,44400,44670,64170,83860,,
36260,"Ogden, UT",4,UT,000000,Cross-industry,cross-industry,1235,00-0000,All Occupations,total,271370,0,1000,1,,,30.04,62490,0.3,14.12,17.77,23.51,36.72,51.69,29360,36970,48900,76380,107520,,
36260,"Ogden, UT",4,UT,000000,Cross-industry,cross-industry,1235,27-2012,Producers and Directors,detailed,90,12.1,0.334,0.36,,,*,*,*,*,*,*,*,*,*,*,*,*,*,,
36420,"Oklahoma City, OK",4,OK,000000,Cross-industry,cross-industry,1235,00-0000,All Occupations,total,677680,0,1000,1,,,29,60330,0.4,12.9,16.64,22.71,35.34,50.22,26830,34600,47230,73500,104460,,
36420,"Oklahoma City, OK",4,OK,000000,Cross-industry,cross-industry,1235,27-2012,Producers and Directors,detailed,400,8,0.584,0.63,,,36.41,75740,6.9,19.41,22.63,31.79,47.51,50,40370,47070,66130,98820,104000,,
36420,"Oklahoma City, OK",4,OK,000000,Cross-industry,cross-industry,1235,27-2042,Musicians and Singers,detailed,170,9.3,0.246,1.06,,,*,*,*,*,*,*,*,*,*,*,*,*,*,,TRUE
36500,"Olympia-Lacey-Tumwater, WA",4,WA,000000,Cross-industry,cross-industry,1235,00-0000,All Occupations,total,130300,0,1000,1,,,36.29,75470,0.5,17.93,21.98,29.79,45.98,60.6,37300,45720,61960,95640,126040,,
36500,"Olympia-Lacey-Tumwater, WA",4,WA,000000,Cross-industry,cross-industry,1235,27-2012,Producers and Directors,detailed,40,14,0.32,0.35,,,43.48,90440,6.5,21.82,27.3,36.05,56.75,72.95,45380,56780,74980,118040,151730,,
36540,"Omaha, NE-IA",4,NE,000000,Cross-industry,cross-industry,1235,00-0000,All Occupations,total,498100,0,1000,1,,,31.2,64900,0.3,14.74,18.14,23.88,36.95,51.64,30670,37740,49660,76860,107410,,
36540,"Omaha, NE-IA",4,NE,000000,Cross-industry,cross-industry,1235,27-2012,Producers and Directors,detailed,260,16.1,0.527,0.57,,,31.28,65070,4.1,18.81,22.72,25.28,37.92,49.91,39130,47260,52580,78870,103810,,
36740,"Orlando-Kissimmee-Sanford, FL",4,FL,000000,Cross-industry,cross-industry,1235,00-0000,All Occupations,total,1411730,0,1000,1,,,29.76,61890,0.4,14.34,17.21,22.42,34.22,51.2,29820,35800,46630,71170,106490,,
36740,"Orlando-Kissimmee-Sanford, FL",4,FL,000000,Cross-industry,cross-industry,1235,27-2011,Actors,detailed,4240,3.7,3.004,8.49,,,21.16,*,4.3,15.23,18.7,19.11,19.11,29.44,*,*,*,*,*,,TRUE
36740,"Orlando-Kissimmee-Sanford, FL",4,FL,000000,Cross-industry,cross-industry,1235,27-2012,Producers and Directors,detailed,1710,6.1,1.212,1.32,,,43.54,90550,3.1,21.43,29.98,38.93,52.45,70.16,44570,62360,80960,109090,145930,,
36740,"Orlando-Kissimmee-Sanford, FL",4,FL,000000,Cross-industry,cross-industry,1235,27-2041,Music Directors and Composers,detailed,70,18.9,0.05,0.62,,,30.35,63130,4.4,18.09,23.85,28.71,35.07,36.85,37620,49610,59720,72950,76640,,
36740,"Orlando-Kissimmee-Sanford, FL",4,FL,000000,Cross-industry,cross-industry,1235,27-2042,Musicians and Singers,detailed,310,16.4,0.217,0.93,,,56.21,*,17.3,19.38,22.12,28.83,74.17,133.05,*,*,*,*,*,,TRUE
36780,"Oshkosh-Neenah, WI",4,WI,000000,Cross-industry,cross-industry,1235,00-0000,All Occupations,total,93750,0,1000,1,,,31.15,64790,0.4,14.56,18.5,25.99,36.92,49.13,30290,38470,54060,76780,102200,,
36980,"Owensboro, KY",4,KY,000000,Cross-industry,cross-industry,1235,00-0000,All Occupations,total,49450,0,1000,1,,,26.03,54150,0.6,13.02,15.9,21.62,30.45,41.48,27080,33070,44960,63340,86280,,
37100,"Oxnard-Thousand Oaks-Ventura, CA",4,CA,000000,Cross-industry,cross-industry,1235,00-0000,All Occupations,total,323890,0,1000,1,,,34.52,71810,0.4,17.07,18.93,25.24,39.52,63.02,35510,39380,52510,82200,131080,,
37100,"Oxnard-Thousand Oaks-Ventura, CA",4,CA,000000,Cross-industry,cross-industry,1235,27-2012,Producers and Directors,detailed,230,15.3,0.7,0.76,,,*,*,*,*,*,*,*,*,*,*,*,*,*,,
37100,"Oxnard-Thousand Oaks-Ventura, CA",4,CA,000000,Cross-industry,cross-industry,1235,27-2041,Music Directors and Composers,detailed,40,25.7,0.111,1.37,,,*,*,*,*,*,*,*,*,*,*,*,*,*,,
37100,"Oxnard-Thousand Oaks-Ventura, CA",4,CA,000000,Cross-industry,cross-industry,1235,27-2042,Musicians and Singers,detailed,100,42.1,0.298,1.28,,,55.19,*,17.9,19.65,27.32,37.9,65.55,86.79,*,*,*,*,*,,TRUE
37140,"Paducah, KY-IL",4,KY,000000,Cross-industry,cross-industry,1235,00-0000,All Occupations,total,50270,0,1000,1,,,27.91,58060,0.6,13.21,16,22.05,32.04,47.01,27470,33280,45860,66650,97770,,
37340,"Palm Bay-Melbourne-Titusville, FL",4,FL,000000,Cross-industry,cross-industry,1235,00-0000,All Occupations,total,245170,0,1000,1,,,32.31,67210,0.5,14.34,17.46,23.57,38.03,61.4,29820,36310,49030,79100,127710,,
37340,"Palm Bay-Melbourne-Titusville, FL",4,FL,000000,Cross-industry,cross-industry,1235,27-2012,Producers and Directors,detailed,40,14,0.154,0.17,,,*,*,*,*,*,*,*,*,*,*,*,*,*,,
37460,"Panama City-Panama City Beach, FL",4,FL,000000,Cross-industry,cross-industry,1235,00-0000,All Occupations,total,90610,0,1000,1,,,27.7,57610,0.5,13.76,16.48,21.65,30.83,47.57,28620,34280,45030,64120,98950,,
37460,"Panama City-Panama City Beach, FL",4,FL,000000,Cross-industry,cross-industry,1235,27-2012,Producers and Directors,detailed,50,13.3,0.552,0.6,,,34.84,72460,6.6,20.23,20.23,31.7,49.35,55.39,42080,42080,65940,102650,115210,,
37620,"Parkersburg-Vienna, WV",4,WV,000000,Cross-industry,cross-industry,1235,00-0000,All Occupations,total,36280,0,1000,1,,,26.26,54630,0.6,11.66,14.43,20.19,30.4,46.94,24250,30010,42000,63230,97620,,
37860,"Pensacola-Ferry Pass-Brent, FL",4,FL,000000,Cross-industry,cross-industry,1235,00-0000,All Occupations,total,190480,0,1000,1,,,28.18,58620,0.5,13.92,16.83,22.23,31.75,47.51,28960,35010,46240,66040,98810,,
37860,"Pensacola-Ferry Pass-Brent, FL",4,FL,000000,Cross-industry,cross-industry,1235,27-2012,Producers and Directors,detailed,60,8.6,0.341,0.37,,,39.86,82900,4.1,21.56,26.07,34.61,47.57,59.79,44840,54220,72000,98940,124370,,
37860,"Pensacola-Ferry Pass-Brent, FL",4,FL,000000,Cross-industry,cross-industry,1235,27-2042,Musicians and Singers,detailed,40,13.6,0.219,0.94,,,*,*,*,*,*,*,*,*,*,*,*,*,*,,TRUE
37900,"Peoria, IL",4,IL,000000,Cross-industry,cross-industry,1235,00-0000,All Occupations,total,166020,0,1000,1,,,32.75,68130,0.5,15,17.58,23.84,38.29,59.98,31200,36560,49590,79630,124760,,
37900,"Peoria, IL",4,IL,000000,Cross-industry,cross-industry,1235,27-2012,Producers and Directors,detailed,60,25.3,0.347,0.38,,,26.5,55110,17.3,15.79,17.92,20.71,29.5,37.64,32850,37280,43080,61360,78300,,
37900,"Peoria, IL",4,IL,000000,Cross-industry,cross-industry,1235,27-2042,Musicians and Singers,detailed,50,27,0.314,1.35,,,53.97,*,16,18.7,21.87,39.22,96.22,96.22,*,*,*,*,*,,TRUE
37980,"Philadelphia-Camden-Wilmington, PA-NJ-DE-MD",4,PA,000000,Cross-industry,cross-industry,1235,00-0000,All Occupations,total,2897830,0,1000,1,,,34.49,71730,0.3,15,18,26.11,40.76,62.63,31200,37440,54310,84780,130280,,
37980,"Philadelphia-Camden-Wilmington, PA-NJ-DE-MD",4,PA,000000,Cross-industry,cross-industry,1235,27-2011,Actors,detailed,450,12.7,0.155,0.44,,,26.43,*,4.8,14.95,18.3,22.15,23.67,40.06,*,*,*,*,*,,TRUE
37980,"Philadelphia-Camden-Wilmington, PA-NJ-DE-MD",4,PA,000000,Cross-industry,cross-industry,1235,27-2012,Producers and Directors,detailed,1910,11.9,0.659,0.72,,,44.79,93170,3.6,22.57,28.67,38.02,52.24,81.78,46950,59640,79070,108650,170090,,
37980,"Philadelphia-Camden-Wilmington, PA-NJ-DE-MD",4,PA,000000,Cross-industry,cross-industry,1235,27-2031,Dancers,detailed,50,33.6,0.019,0.36,,,25.9,*,6.6,16.61,19.38,23.53,29.66,30.83,*,*,*,*,*,,TRUE
37980,"Philadelphia-Camden-Wilmington, PA-NJ-DE-MD",4,PA,000000,Cross-industry,cross-industry,1235,27-2041,Music Directors and Composers,detailed,250,12.1,0.085,1.05,,,35.71,74270,11.1,17.96,24.12,29.41,39.42,51.34,37350,50170,61160,81980,106790,,
37980,"Philadelphia-Camden-Wilmington, PA-NJ-DE-MD",4,PA,000000,Cross-industry,cross-industry,1235,27-2042,Musicians and Singers,detailed,540,17,0.186,0.8,,,70.01,*,5.8,29.53,48.93,53.8,89.4,133.07,*,*,*,*,*,,TRUE
38060,"Phoenix-Mesa-Chandler, AZ",4,AZ,000000,Cross-industry,cross-industry,1235,00-0000,All Occupations,total,2375760,0,1000,1,,,33.48,69630,0.8,16.73,18.64,24.7,38.09,60.16,34800,38780,51380,79220,125130,,
38060,"Phoenix-Mesa-Chandler, AZ",4,AZ,000000,Cross-industry,cross-industry,1235,27-2011,Actors,detailed,270,26,0.114,0.32,,,23.65,*,10.4,17.88,18.39,23.77,29.02,29.16,*,*,*,*,*,,TRUE
38060,"Phoenix-Mesa-Chandler, AZ",4,AZ,000000,Cross-industry,cross-industry,1235,27-2012,Producers and Directors,detailed,1140,15,0.478,0.52,,,47.73,99280,14.5,17.7,23.87,34.97,51.73,125.17,36820,49650,72740,107600,260360,,
38060,"Phoenix-Mesa-Chandler, AZ",4,AZ,000000,Cross-industry,cross-industry,1235,27-2031,Dancers,detailed,140,41.2,0.058,1.11,,,36.79,*,21.5,22.77,25.81,26,55.38,77.43,*,*,*,*,*,,TRUE
38240,"Pinehurst-Southern Pines, NC",4,NC,000000,Cross-industry,cross-industry,1235,00-0000,All Occupations,total,42900,0,1000,1,,,26.51,55140,0.7,12.93,15,20.64,29.88,47.07,26900,31210,42920,62150,97900,,
38300,"Pittsburgh, PA",4,PA,000000,Cross-industry,cross-industry,1235,00-0000,All Occupations,total,1114490,0,1000,1,,,31.36,65230,0.4,13.7,17.61,23.87,37.42,55.48,28500,36630,49650,77830,115400,,
38300,"Pittsburgh, PA",4,PA,000000,Cross-industry,cross-industry,1235,27-2011,Actors,detailed,60,21.6,0.058,0.16,,,27.3,*,7.4,10.1,16.16,21.66,31.27,38.97,*,*,*,*,*,,TRUE
38300,"Pittsburgh, PA",4,PA,000000,Cross-industry,cross-industry,1235,27-2012,Producers and Directors,detailed,660,7.4,0.592,0.64,,,35.5,73840,2.9,19.89,23.69,31.56,38.88,61.47,41360,49270,65640,80860,127850,,
38300,"Pittsburgh, PA",4,PA,000000,Cross-industry,cross-industry,1235,27-2041,Music Directors and Composers,detailed,90,13.8,0.083,1.03,,,37.45,77890,22.7,16.38,20.45,27.72,37.93,69.43,34060,42540,57650,78900,144420,,
38300,"Pittsburgh, PA",4,PA,000000,Cross-industry,cross-industry,1235,27-2042,Musicians and Singers,detailed,270,12,0.245,1.05,,,73.45,*,5.4,36.91,49.85,60.47,92.43,149.51,*,*,*,*,*,,TRUE
38340,"Pittsfield, MA",4,MA,000000,Cross-industry,cross-industry,1235,00-0000,All Occupations,total,56810,0,1000,1,,,33.22,69090,0.5,16.67,18.78,24.93,37.91,57.46,34680,39060,51860,78850,119510,,
38340,"Pittsfield, MA",4,MA,000000,Cross-industry,cross-industry,1235,27-2012,Producers and Directors,detailed,70,5.1,1.178,1.28,,,31.43,65370,2.4,15.95,19.05,27.16,36.91,46.57,33170,39620,56500,76770,96870,,
38540,"Pocatello, ID",4,ID,000000,Cross-industry,cross-industry,1235,00-0000,All Occupations,total,38290,0,1000,1,,,26.52,55170,0.6,13.47,16.62,21.71,29.82,44.38,28020,34570,45160,62020,92310,,
38660,"Ponce, PR",4,PR,000000,Cross-industry,cross-industry,1235,00-0000,All Occupations,total,63500,0,1000,1,,,16.97,35310,0.6,10.5,10.53,12.95,18.2,29.01,21840,21910,26940,37850,60330,,
38860,"Portland-South Portland, ME",4,ME,000000,Cross-industry,cross-industry,1235,00-0000,All Occupations,total,288480,0,1000,1,,,33.66,70020,0.5,17.36,20.84,27.39,38.4,54.21,36100,43350,56960,79880,112760,,
38860,"Portland-South Portland, ME",4,ME,000000,Cross-industry,cross-industry,1235,27-2011,Actors,detailed,**,**,**,**,,,47.82,*,2.6,18.86,18.86,21.04,89.63,105.75,*,*,*,*,*,,TRUE
38860,"Portland-South Portland, ME",4,ME,000000,Cross-industry,cross-industry,1235,27-2012,Producers and Directors,detailed,180,8.7,0.627,0.68,,,38.07,79180,3.7,22.48,23.54,30.33,46.82,66.46,46760,48970,63090,97390,138230,,
38900,"Portland-Vancouver-Hillsboro, OR-WA",4,OR,000000,Cross-industry,cross-industry,1235,00-0000,All Occupations,total,1208410,0,1000,1,,,37.71,78430,0.3,17.88,21.79,29.18,45.98,65.83,37200,45320,60690,95640,136920,,
38900,"Portland-Vancouver-Hillsboro, OR-WA",4,OR,000000,Cross-industry,cross-industry,1235,27-2011,Actors,detailed,210,32.4,0.171,0.48,,,44.36,*,13.7,21.48,24.12,28.97,35.61,100.02,*,*,*,*,*,,TRUE
38900,"Portland-Vancouver-Hillsboro, OR-WA",4,OR,000000,Cross-industry,cross-industry,1235,27-2012,Producers and Directors,detailed,1160,13,0.96,1.04,,,47.62,99040,3.4,25.64,30.39,42.52,61.2,68.99,53330,63200,88450,127300,143490,,
38900,"Portland-Vancouver-Hillsboro, OR-WA",4,OR,000000,Cross-industry,cross-industry,1235,27-2031,Dancers,detailed,50,17.5,0.043,0.83,,,30.07,*,5.5,22.96,23.66,33.17,33.17,33.17,*,*,*,*,*,,TRUE
38900,"Portland-Vancouver-Hillsboro, OR-WA",4,OR,000000,Cross-industry,cross-industry,1235,27-2041,Music Directors and Composers,detailed,160,35.6,0.136,1.69,,,31.43,65380,9,18.29,21.88,32.12,33.64,43.95,38040,45510,66800,69960,91420,,
38900,"Portland-Vancouver-Hillsboro, OR-WA",4,OR,000000,Cross-industry,cross-industry,1235,27-2042,Musicians and Singers,detailed,950,20.2,0.789,3.39,,,*,*,*,*,*,*,*,*,*,*,*,*,*,,TRUE
38940,"Port St. Lucie, FL",4,FL,000000,Cross-industry,cross-industry,1235,00-0000,All Occupations,total,170820,0,1000,1,,,28.48,59230,0.8,14.26,17.18,22.35,31.43,48.1,29660,35730,46490,65380,100050,,
39150,"Prescott Valley-Prescott, AZ",4,AZ,000000,Cross-industry,cross-industry,1235,00-0000,All Occupations,total,72300,0,1000,1,,,28.22,58700,0.8,15.58,17.58,22.27,31.08,46.81,32400,36570,46330,64640,97370,,
39300,"Providence-Warwick, RI-MA",4,RI,000000,Cross-industry,cross-industry,1235,00-0000,All Occupations,total,714120,0,1000,1,,,33.31,69290,0.4,16.04,18.65,25.81,39.35,58.65,33360,38800,53680,81840,121980,,
39300,"Providence-Warwick, RI-MA",4,RI,000000,Cross-industry,cross-industry,1235,27-2012,Producers and Directors,detailed,520,16.7,0.734,0.8,,,40.79,84850,7.9,20.81,27.91,37.76,47.2,61.18,43290,58050,78530,98170,127250,,
39300,"Providence-Warwick, RI-MA",4,RI,000000,Cross-industry,cross-industry,1235,27-2041,Music Directors and Composers,detailed,150,19.8,0.214,2.65,,,45.52,94670,23.1,19.4,21.56,30.89,53.05,136.28,40360,44840,64250,110340,283460,,
39340,"Provo-Orem-Lehi, UT",4,UT,000000,Cross-industry,cross-industry,1235,00-0000,All Occupations,total,304660,0,1000,1,,,30.88,64230,0.5,14.1,17.51,23.08,36.79,57.45,29320,36410,48010,76530,119490,,
39340,"Provo-Orem-Lehi, UT",4,UT,000000,Cross-industry,cross-industry,1235,27-2011,Actors,detailed,80,25.1,0.277,0.78,,,*,*,*,*,*,*,*,*,*,*,*,*,*,,TRUE
39340,"Provo-Orem-Lehi, UT",4,UT,000000,Cross-industry,cross-industry,1235,27-2012,Producers and Directors,detailed,370,14.1,1.227,1.33,,,46.62,96960,7.8,21.3,29.28,42.97,58.81,85.37,44300,60900,89390,122320,177570,,
39340,"Provo-Orem-Lehi, UT",4,UT,000000,Cross-industry,cross-industry,1235,27-2042,Musicians and Singers,detailed,50,18.5,0.169,0.73,,,26.21,*,7.6,16.36,17.59,26.05,30.8,37.13,*,*,*,*,*,,TRUE
39380,"Pueblo, CO",4,CO,000000,Cross-industry,cross-industry,1235,00-0000,All Occupations,total,61780,0,1000,1,,,30.04,62480,0.6,15.87,18.01,23.53,35.81,48.91,33000,37460,48940,74470,101730,,
39460,"Punta Gorda, FL",4,FL,000000,Cross-industry,cross-industry,1235,00-0000,All Occupations,total,57530,0.1,1000,1,,,27.55,57300,0.6,14.18,17.15,21.88,29.89,46,29490,35670,45500,62170,95670,,
39540,"Racine-Mount Pleasant, WI",4,WI,000000,Cross-industry,cross-industry,1235,00-0000,All Occupations,total,76280,0,1000,1,,,28.87,60060,0.5,14,17.75,23.5,34.66,47.78,29120,36910,48870,72090,99370,,
39580,"Raleigh-Cary, NC",4,NC,000000,Cross-industry,cross-industry,1235,00-0000,All Occupations,total,743120,0,1000,1,,,34.01,70740,0.5,14.2,17.99,24.99,39.42,63.71,29540,37430,51990,82000,132530,,
39580,"Raleigh-Cary, NC",4,NC,000000,Cross-industry,cross-industry,1235,27-2012,Producers and Directors,detailed,450,15.7,0.606,0.66,,,37.72,78450,11.3,14.75,24.72,32.43,43.2,63.65,30680,51420,67460,89850,132400,,
39580,"Raleigh-Cary, NC",4,NC,000000,Cross-industry,cross-industry,1235,27-2041,Music Directors and Composers,detailed,40,15.4,0.047,0.58,,,36.39,75690,11.7,18.77,26.62,28.16,34.24,44.13,39040,55360,58570,71220,91800,,
39580,"Raleigh-Cary, NC",4,NC,000000,Cross-industry,cross-industry,1235,27-2042,Musicians and Singers,detailed,90,27.9,0.116,0.5,,,*,*,*,*,*,*,*,*,*,*,*,*,*,,TRUE
39660,"Rapid City, SD",4,SD,000000,Cross-industry,cross-industry,1235,00-0000,All Occupations,total,73820,0.1,1000,1,,,27.81,57850,0.4,13.99,16.79,22.25,31.15,46.95,29100,34920,46270,64780,97660,,
39660,"Rapid City, SD",4,SD,000000,Cross-industry,cross-industry,1235,27-2012,Producers and Directors,detailed,30,19.3,0.458,0.5,,,27.52,57240,4.7,17.78,18.34,25.33,31.14,36.96,36990,38140,52680,64760,76870,,
39740,"Reading, PA",4,PA,000000,Cross-industry,cross-industry,1235,00-0000,All Occupations,total,174670,0,1000,1,,,29.3,60950,0.4,13.87,17.76,23.77,34,48.44,28850,36940,49440,70720,100750,,
39740,"Reading, PA",4,PA,000000,Cross-industry,cross-industry,1235,27-2012,Producers and Directors,detailed,50,13.3,0.259,0.28,,,30.29,63010,3.8,20.01,25.38,28.98,30.88,43.19,41620,52780,60280,64240,89820,,
39740,"Reading, PA",4,PA,000000,Cross-industry,cross-industry,1235,27-2042,Musicians and Singers,detailed,30,15.3,0.198,0.85,,,*,*,*,*,*,*,*,*,*,*,*,*,*,,TRUE
39820,"Redding, CA",4,CA,000000,Cross-industry,cross-industry,1235,00-0000,All Occupations,total,71550,0,1000,1,,,31.4,65320,0.4,16.5,17.89,23.52,36.7,57.69,34320,37200,48920,76340,120000,,
39820,"Redding, CA",4,CA,000000,Cross-industry,cross-industry,1235,27-2012,Producers and Directors,detailed,30,14.7,0.485,0.53,,,53.83,111960,12.4,18.7,19.03,30.29,64.25,163.97,38900,39580,63010,133630,341060,,
39900,"Reno, NV",4,NV,000000,Cross-industry,cross-industry,1235,00-0000,All Occupations,total,275680,0,1000,1,,,31.02,64520,0.6,14.46,18.28,23.87,36.86,52.13,30080,38010,49660,76670,108420,,
39900,"Reno, NV",4,NV,000000,Cross-industry,cross-industry,1235,27-2012,Producers and Directors,detailed,170,10.1,0.626,0.68,,,38.89,80890,7.1,19.2,21.2,30.16,44.53,79.17,39940,44100,62720,92630,164670,,
40060,"Richmond, VA",4,VA,000000,Cross-industry,cross-industry,1235,00-0000,All Occupations,total,660350,0,1000,1,,,32.89,68400,0.4,14.44,17.93,24.74,38.52,59.94,30030,37290,51460,80120,124670,,
40060,"Richmond, VA",4,VA,000000,Cross-industry,cross-industry,1235,27-2011,Actors,detailed,60,28.3,0.098,0.28,,,18.39,*,15,12.76,12.76,16.83,22.05,24.28,*,*,*,*,*,,TRUE
40060,"Richmond, VA",4,VA,000000,Cross-industry,cross-industry,1235,27-2012,Producers and Directors,detailed,370,11.2,0.566,0.61,,,32.12,66800,4.2,20.16,22.66,28.84,38.48,46.3,41940,47140,59990,80040,96290,,
40060,"Richmond, VA",4,VA,000000,Cross-industry,cross-industry,1235,27-2041,Music Directors and Composers,detailed,40,28,0.064,0.79,,,41.02,85330,10.9,19.47,25.57,27.82,48.26,81.23,40500,53190,57860,100380,168950,,
40060,"Richmond, VA",4,VA,000000,Cross-industry,cross-industry,1235,27-2042,Musicians and Singers,detailed,**,**,**,**,,,43.76,*,4.4,20.6,24.34,54.98,54.98,54.98,*,*,*,*,*,,TRUE
40140,"Riverside-San Bernardino-Ontario, CA",4,CA,000000,Cross-industry,cross-industry,1235,00-0000,All Occupations,total,1716760,0,1000,1,,,31.33,65160,0.3,16.76,18.48,23.27,36.16,57.39,34850,38430,48400,75210,119360,,
40140,"Riverside-San Bernardino-Ontario, CA",4,CA,000000,Cross-industry,cross-industry,1235,27-2011,Actors,detailed,60,40.6,0.035,0.1,,,*,*,*,*,*,*,*,*,*,*,*,*,*,,TRUE
40140,"Riverside-San Bernardino-Ontario, CA",4,CA,000000,Cross-industry,cross-industry,1235,27-2012,Producers and Directors,detailed,470,40.7,0.276,0.3,,,60.07,124950,11.5,23.24,34.27,46.81,62.56,84.14,48330,71280,97360,130110,175020,,
40140,"Riverside-San Bernardino-Ontario, CA",4,CA,000000,Cross-industry,cross-industry,1235,27-2031,Dancers,detailed,170,27.8,0.097,1.85,,,27.36,*,10.5,16.5,16.5,22.75,35.7,40.64,*,*,*,*,*,,TRUE
40140,"Riverside-San Bernardino-Ontario, CA",4,CA,000000,Cross-industry,cross-industry,1235,27-2041,Music Directors and Composers,detailed,100,19.9,0.059,0.73,,,*,*,*,*,*,*,*,*,*,*,*,*,*,,
40140,"Riverside-San Bernardino-Ontario, CA",4,CA,000000,Cross-industry,cross-industry,1235,27-2042,Musicians and Singers,detailed,190,15.7,0.113,0.48,,,55.75,*,8.9,18.85,28.88,45.45,63.08,110.91,*,*,*,*,*,,TRUE
40220,"Roanoke, VA",4,VA,000000,Cross-industry,cross-industry,1235,00-0000,All Occupations,total,153980,0,1000,1,,,29.13,60590,0.4,13.84,17.16,22.67,33,48.27,28780,35700,47140,68640,100390,,
40220,"Roanoke, VA",4,VA,000000,Cross-industry,cross-industry,1235,27-2012,Producers and Directors,detailed,100,9,0.659,0.72,,,27.94,58120,3.7,18.5,19.38,23.06,31.78,42.53,38490,40320,47960,66110,88470,,
40340,"Rochester, MN",4,MN,000000,Cross-industry,cross-industry,1235,00-0000,All Occupations,total,122980,0,1000,1,,,38.74,80590,0.7,16.37,20.21,29.15,44.61,62.84,34060,42040,60620,92800,130710,,
40340,"Rochester, MN",4,MN,000000,Cross-industry,cross-industry,1235,27-2012,Producers and Directors,detailed,60,10.3,0.468,0.51,,,36.65,76220,4,16.74,17.81,34.89,54.31,62.61,34820,37050,72580,112960,130220,,
40380,"Rochester, NY",4,NY,000000,Cross-industry,cross-industry,1235,00-0000,All Occupations,total,494280,0,1000,1,,,32.41,67420,0.3,16.36,18.27,24.62,37.87,54.03,34020,38010,51210,78760,112380,,
40380,"Rochester, NY",4,NY,000000,Cross-industry,cross-industry,1235,27-2011,Actors,detailed,210,19.3,0.417,1.18,,,*,*,*,*,*,*,*,*,*,*,*,*,*,,TRUE
40380,"Rochester, NY",4,NY,000000,Cross-industry,cross-industry,1235,27-2012,Producers and Directors,detailed,360,12,0.72,0.78,,,49.87,103740,3.9,23.6,30.07,39.92,63.71,83.04,49080,62540,83030,132520,172710,,
40380,"Rochester, NY",4,NY,000000,Cross-industry,cross-industry,1235,27-2031,Dancers,detailed,50,23.9,0.096,1.84,,,19.89,*,10.4,15.5,15.5,15.94,18.16,29.49,*,*,*,*,*,,TRUE
40380,"Rochester, NY",4,NY,000000,Cross-industry,cross-industry,1235,27-2041,Music Directors and Composers,detailed,180,27,0.37,4.59,,,41.64,86610,13.9,20.69,27.69,40.45,42.53,77.75,43040,57600,84130,88460,161710,,
40380,"Rochester, NY",4,NY,000000,Cross-industry,cross-industry,1235,27-2042,Musicians and Singers,detailed,200,18.4,0.398,1.71,,,53.07,*,10.8,22.7,26.54,46.86,66.19,85.4,*,*,*,*,*,,TRUE
40420,"Rockford, IL",4,IL,000000,Cross-industry,cross-industry,1235,00-0000,All Occupations,total,137650,0,1000,1,,,29.34,61020,0.4,15,17.43,22.65,35.58,48.6,31200,36260,47120,74000,101100,,
40420,"Rockford, IL",4,IL,000000,Cross-industry,cross-industry,1235,27-2012,Producers and Directors,detailed,80,20.2,0.607,0.66,,,27.53,57270,25.3,16.08,19.83,19.83,31.49,50.84,33450,41250,41250,65490,105740,,
40580,"Rocky Mount, NC",4,NC,000000,Cross-industry,cross-industry,1235,00-0000,All Occupations,total,54630,0,1000,1,,,25.65,53360,0.6,12.54,15.68,21.13,29.51,44.38,26070,32610,43960,61370,92310,,
40660,"Rome, GA",4,GA,000000,Cross-industry,cross-industry,1235,00-0000,All Occupations,total,44900,0,1000,1,,,26.4,54910,1.7,12.93,15.47,20.51,30.28,46.46,26890,32170,42670,62980,96640,,
40900,"Sacramento-Roseville-Folsom, CA",4,CA,000000,Cross-industry,cross-industry,1235,00-0000,All Occupations,total,1080590,0,1000,1,,,37.09,77150,0.3,17.25,20.41,28.73,45.97,66.54,35880,42450,59750,95620,138400,,
40900,"Sacramento-Roseville-Folsom, CA",4,CA,000000,Cross-industry,cross-industry,1235,27-2012,Producers and Directors,detailed,680,8.6,0.627,0.68,,,*,*,*,*,*,*,*,*,*,*,*,*,*,,
40900,"Sacramento-Roseville-Folsom, CA",4,CA,000000,Cross-industry,cross-industry,1235,27-2041,Music Directors and Composers,detailed,110,19.8,0.101,1.25,,,47.32,98430,10.5,25.07,27.29,45.53,50,75.26,52150,56760,94700,104000,156540,,
40900,"Sacramento-Roseville-Folsom, CA",4,CA,000000,Cross-industry,cross-industry,1235,27-2042,Musicians and Singers,detailed,110,27.1,0.105,0.45,,,44.5,*,18.8,17.17,26.17,38.63,54.55,69.85,*,*,*,*,*,,TRUE
40980,"Saginaw, MI",4,MI,000000,Cross-industry,cross-industry,1235,00-0000,All Occupations,total,80000,0,1000,1,,,28.58,59450,0.4,13.9,16.89,22.21,34.42,48.32,28900,35140,46200,71580,100500,,
41060,"St. Cloud, MN",4,MN,000000,Cross-industry,cross-industry,1235,00-0000,All Occupations,total,103920,0.1,1000,1,,,30.65,63750,0.4,15.06,18.39,24.44,36.26,49.95,31310,38240,50840,75420,103890,,
41100,"St. George, UT",4,UT,000000,Cross-industry,cross-industry,1235,00-0000,All Occupations,total,90500,0,1000,1,,,26.89,55920,0.6,13.68,16.96,21.7,30.25,45.59,28450,35270,45140,62920,94830,,
41100,"St. George, UT",4,UT,000000,Cross-industry,cross-industry,1235,27-2012,Producers and Directors,detailed,50,13.3,0.589,0.64,,,31.73,66000,6.5,14.42,21.16,26.68,35.35,49.55,29990,44010,55500,73530,103050,,
41140,"St. Joseph, MO-KS",4,MO,000000,Cross-industry,cross-industry,1235,00-0000,All Occupations,total,54390,0.1,1000,1,,,27.48,57160,0.5,14.21,17.31,22.76,31.32,45.13,29550,36010,47350,65150,93870,,
41180,"St. Louis, MO-IL",4,MO,000000,Cross-industry,cross-industry,1235,00-0000,All Occupations,total,1341320,0,1000,1,,,31.89,66330,0.4,15,17.81,24.03,37.85,55.33,31200,37050,49990,78730,115090,,
41180,"St. Louis, MO-IL",4,MO,000000,Cross-industry,cross-industry,1235,27-2011,Actors,detailed,130,18.9,0.099,0.28,,,20.99,*,9.5,13.75,16.69,20.53,21.04,26.91,*,*,*,*,*,,TRUE
41180,"St. Louis, MO-IL",4,MO,000000,Cross-industry,cross-industry,1235,27-2012,Producers and Directors,detailed,670,15.5,0.501,0.54,,,42.85,89130,6.8,22.15,27.93,39.78,55.52,59.68,46080,58100,82750,115490,124130,,
41180,"St. Louis, MO-IL",4,MO,000000,Cross-industry,cross-industry,1235,27-2041,Music Directors and Composers,detailed,40,25.8,0.026,0.32,,,31.95,66450,3.3,21,23.09,29.65,31.92,54.65,43680,48030,61670,66400,113670,,
41180,"St. Louis, MO-IL",4,MO,000000,Cross-industry,cross-industry,1235,27-2042,Musicians and Singers,detailed,180,11.8,0.135,0.58,,,42.07,*,8.3,15,26.34,39.22,49.11,74.27,*,*,*,*,*,,TRUE
41420,"Salem, OR",4,OR,000000,Cross-industry,cross-industry,1235,00-0000,All Occupations,total,188620,0,1000,1,,,32.66,67920,0.4,16.75,19.69,26.59,38.34,56.91,34830,40960,55310,79750,118380,,
41420,"Salem, OR",4,OR,000000,Cross-industry,cross-industry,1235,27-2012,Producers and Directors,detailed,50,15.5,0.288,0.31,,,48.61,101110,4.7,24.22,29.03,47.55,59.15,76.06,50380,60390,98900,123020,158210,,
41420,"Salem, OR",4,OR,000000,Cross-industry,cross-industry,1235,27-2041,Music Directors and Composers,detailed,**,**,**,**,,,31.25,64990,20.5,19.4,19.4,27.27,41.77,50.24,40340,40350,56730,86880,104500,,
41500,"Salinas, CA",4,CA,000000,Cross-industry,cross-industry,1235,00-0000,All Occupations,total,186430,0,1000,1,,,31.33,65160,0.5,17.06,17.96,22.78,36.44,57.44,35480,37350,47380,75790,119480,,
41500,"Salinas, CA",4,CA,000000,Cross-industry,cross-industry,1235,27-2012,Producers and Directors,detailed,100,7.5,0.543,0.59,,,55.53,115510,10.8,22.21,32.53,42.26,59.35,100,46200,67660,87900,123450,208000,,
41500,"Salinas, CA",4,CA,000000,Cross-industry,cross-industry,1235,27-2042,Musicians and Singers,detailed,100,11.8,0.528,2.27,,,*,*,*,*,*,*,*,*,*,*,*,*,*,,TRUE
41540,"Salisbury, MD",4,MD,000000,Cross-industry,cross-industry,1235,00-0000,All Occupations,total,53770,0,1000,1,,,30.66,63770,0.5,15.01,17.44,23.42,36.46,50.1,31210,36270,48710,75830,104200,,
41540,"Salisbury, MD",4,MD,000000,Cross-industry,cross-industry,1235,27-2012,Producers and Directors,detailed,40,28.5,0.813,0.88,,,27.34,56860,4.1,15.52,17.22,24.14,32.21,39.53,32280,35810,50200,67000,82230,,
41620,"Salt Lake City-Murray, UT",4,UT,000000,Cross-industry,cross-industry,1235,00-0000,All Occupations,total,826210,0,1000,1,,,34.45,71660,0.4,15.26,18.78,26.56,39.93,62.46,31730,39050,55240,83050,129910,,
41620,"Salt Lake City-Murray, UT",4,UT,000000,Cross-industry,cross-industry,1235,27-2011,Actors,detailed,280,48.1,0.334,0.94,,,37.02,*,13.2,19.23,31.17,31.19,50,60,*,*,*,*,*,,TRUE
41620,"Salt Lake City-Murray, UT",4,UT,000000,Cross-industry,cross-industry,1235,27-2012,Producers and Directors,detailed,1030,17,1.247,1.36,,,*,*,*,*,*,*,*,*,*,*,*,*,*,,
41620,"Salt Lake City-Murray, UT",4,UT,000000,Cross-industry,cross-industry,1235,27-2031,Dancers,detailed,90,22,0.114,2.17,,,27.49,*,7,12.76,14.42,27.19,40.5,45.51,*,*,*,*,*,,TRUE
41620,"Salt Lake City-Murray, UT",4,UT,000000,Cross-industry,cross-industry,1235,27-2041,Music Directors and Composers,detailed,100,18,0.118,1.46,,,38.69,80470,3,39.19,39.19,39.7,39.7,39.7,81510,81510,82570,82570,82570,,
41620,"Salt Lake City-Murray, UT",4,UT,000000,Cross-industry,cross-industry,1235,27-2042,Musicians and Singers,detailed,130,27.4,0.153,0.66,,,23.34,*,10,17.7,18.39,18.39,29.43,38.79,*,*,*,*,*,,TRUE
41660,"San Angelo, TX",4,TX,000000,Cross-industry,cross-industry,1235,00-0000,All Occupations,total,49770,0,1000,1,,,26.05,54180,0.8,11.46,14.7,20.93,30.2,45.25,23850,30570,43530,62810,94110,,
41700,"San Antonio-New Braunfels, TX",4,TX,000000,Cross-industry,cross-industry,1235,00-0000,All Occupations,total,1126880,0,1000,1,,,29.39,61140,0.4,13.07,16.8,22.6,35.48,52.01,27180,34950,47010,73810,108170,,
41700,"San Antonio-New Braunfels, TX",4,TX,000000,Cross-industry,cross-industry,1235,27-2011,Actors,detailed,210,30.9,0.191,0.54,,,22.85,*,13.9,13.09,15.31,21.3,30.86,33.27,*,*,*,*,*,,TRUE
41700,"San Antonio-New Braunfels, TX",4,TX,000000,Cross-industry,cross-industry,1235,27-2012,Producers and Directors,detailed,370,9.7,0.33,0.36,,,35.6,74040,3.5,21.04,23.16,31.04,42.94,54.76,43760,48170,64550,89320,113900,,
41700,"San Antonio-New Braunfels, TX",4,TX,000000,Cross-industry,cross-industry,1235,27-2041,Music Directors and Composers,detailed,30,36,0.029,0.36,,,*,*,*,*,*,*,*,*,*,*,*,*,*,,
41700,"San Antonio-New Braunfels, TX",4,TX,000000,Cross-industry,cross-industry,1235,27-2042,Musicians and Singers,detailed,100,14.4,0.087,0.37,,,*,*,*,*,*,*,*,*,*,*,*,*,*,,TRUE
41740,"San Diego-Chula Vista-Carlsbad, CA",4,CA,000000,Cross-industry,cross-industry,1235,00-0000,All Occupations,total,1538060,0,1000,1,,,38.01,79060,0.4,17.43,20.07,28.21,46.83,73.36,36250,41740,58690,97410,152580,,
41740,"San Diego-Chula Vista-Carlsbad, CA",4,CA,000000,Cross-industry,cross-industry,1235,27-2011,Actors,detailed,150,41.9,0.099,0.28,,,*,*,*,*,*,*,*,*,*,*,*,*,*,,TRUE
41740,"San Diego-Chula Vista-Carlsbad, CA",4,CA,000000,Cross-industry,cross-industry,1235,27-2012,Producers and Directors,detailed,990,5.6,0.642,0.7,,,59.1,122920,3.2,25.6,33.99,47.85,63.99,87.42,53250,70710,99520,133090,181840,,
41740,"San Diego-Chula Vista-Carlsbad, CA",4,CA,000000,Cross-industry,cross-industry,1235,27-2041,Music Directors and Composers,detailed,170,13.4,0.107,1.33,,,53.97,112260,16.7,20.65,32.26,35.71,62.31,145.45,42960,67100,74270,129600,302530,,
41740,"San Diego-Chula Vista-Carlsbad, CA",4,CA,000000,Cross-industry,cross-industry,1235,27-2042,Musicians and Singers,detailed,370,15.1,0.243,1.04,,,57.48,*,7.2,19.64,38.29,51.13,70.31,105.18,*,*,*,*,*,,TRUE
41780,"Sandusky, OH",4,OH,000000,Cross-industry,cross-industry,1235,00-0000,All Occupations,total,50100,0,1000,1,,,26.33,54760,0.6,13.3,16.14,21.62,30.74,44.94,27660,33570,44970,63940,93470,,
41860,"San Francisco-Oakland-Fremont, CA",4,CA,000000,Cross-industry,cross-industry,1235,00-0000,All Occupations,total,2373920,0,1000,1,,,48.19,100220,0.3,18.88,22.73,35.7,61.9,97.87,39260,47280,74260,128760,203570,,
41860,"San Francisco-Oakland-Fremont, CA",4,CA,000000,Cross-industry,cross-industry,1235,27-2011,Actors,detailed,680,6.4,0.285,0.81,,,*,*,*,*,*,*,*,*,*,*,*,*,*,,TRUE
41860,"San Francisco-Oakland-Fremont, CA",4,CA,000000,Cross-industry,cross-industry,1235,27-2012,Producers and Directors,detailed,5030,5.8,2.118,2.3,,,75.91,157900,3.4,34.46,46.24,62.81,90.38,138.61,71670,96170,130640,187990,288300,,
41860,"San Francisco-Oakland-Fremont, CA",4,CA,000000,Cross-industry,cross-industry,1235,27-2031,Dancers,detailed,400,28.2,0.17,3.26,,,33.58,*,11.4,19.21,22.27,30.43,42.1,52.37,*,*,*,*,*,,TRUE
41860,"San Francisco-Oakland-Fremont, CA",4,CA,000000,Cross-industry,cross-industry,1235,27-2041,Music Directors and Composers,detailed,320,41.1,0.136,1.69,,,65.42,136080,20.4,27.49,33.06,54.31,79.85,151.42,57190,68760,112950,166090,314960,,
41860,"San Francisco-Oakland-Fremont, CA",4,CA,000000,Cross-industry,cross-industry,1235,27-2042,Musicians and Singers,detailed,970,12.2,0.41,1.76,,,82.72,*,3.6,29.75,36.98,75.75,100,176.51,*,*,*,*,*,,TRUE
41940,"San Jose-Sunnyvale-Santa Clara, CA",4,CA,000000,Cross-industry,cross-industry,1235,00-0000,All Occupations,total,1134970,0,1000,1,,,57.32,119230,0.4,19.99,23.94,40.41,80.26,107.81,41590,49800,84050,166940,224240,,
41940,"San Jose-Sunnyvale-Santa Clara, CA",4,CA,000000,Cross-industry,cross-industry,1235,27-2011,Actors,detailed,40,35.1,0.038,0.11,,,*,*,*,*,*,*,*,*,*,*,*,*,*,,TRUE
41940,"San Jose-Sunnyvale-Santa Clara, CA",4,CA,000000,Cross-industry,cross-industry,1235,27-2012,Producers and Directors,detailed,1580,5.4,1.388,1.51,,,*,*,*,*,*,*,*,*,*,*,*,*,*,,
41940,"San Jose-Sunnyvale-Santa Clara, CA",4,CA,000000,Cross-industry,cross-industry,1235,27-2041,Music Directors and Composers,detailed,110,21.9,0.099,1.23,,,*,*,*,*,*,*,*,*,*,*,*,*,*,,
41940,"San Jose-Sunnyvale-Santa Clara, CA",4,CA,000000,Cross-industry,cross-industry,1235,27-2042,Musicians and Singers,detailed,160,13.4,0.139,0.6,,,53.78,*,5.3,19.25,23.64,49.45,71.31,87.25,*,*,*,*,*,,TRUE
41980,"San Juan-Bayamon-Caguas, PR",4,PR,000000,Cross-industry,cross-industry,1235,00-0000,All Occupations,total,690810,0,1000,1,,,19.21,39970,1,10.5,10.92,14.15,21.82,31.97,21840,22720,29440,45390,66490,,
41980,"San Juan-Bayamon-Caguas, PR",4,PR,000000,Cross-industry,cross-industry,1235,27-2012,Producers and Directors,detailed,230,25.9,0.34,0.37,,,27.33,56850,4.6,14.29,17.85,23.47,34.81,39.05,29730,37120,48820,72400,81230,,
41980,"San Juan-Bayamon-Caguas, PR",4,PR,000000,Cross-industry,cross-industry,1235,27-2031,Dancers,detailed,**,**,**,**,,,19.49,*,7.7,16.37,18.47,20.24,21.54,21.54,*,*,*,*,*,,TRUE
42020,"San Luis Obispo-Paso Robles, CA",4,CA,000000,Cross-industry,cross-industry,1235,00-0000,All Occupations,total,122020,0,1000,1,,,33.73,70150,0.6,17.06,18.54,24.41,39.12,61.93,35480,38570,50770,81370,128810,,
42020,"San Luis Obispo-Paso Robles, CA",4,CA,000000,Cross-industry,cross-industry,1235,27-2012,Producers and Directors,detailed,60,10,0.467,0.51,,,42.69,88790,12.1,21.5,26.66,34.38,48.16,79.14,44720,55450,71500,100170,164620,,
42020,"San Luis Obispo-Paso Robles, CA",4,CA,000000,Cross-industry,cross-industry,1235,27-2042,Musicians and Singers,detailed,70,16.4,0.57,2.45,,,61.04,*,20.8,19.73,27.91,40.41,59.8,213.34,*,*,*,*,*,,TRUE
42100,"Santa Cruz-Watsonville, CA",4,CA,000000,Cross-industry,cross-industry,1235,00-0000,All Occupations,total,98500,0,1000,1,,,35.16,73140,0.8,17.46,19.25,26.31,39.87,63.94,36330,40040,54730,82920,132990,,
42100,"Santa Cruz-Watsonville, CA",4,CA,000000,Cross-industry,cross-industry,1235,27-2012,Producers and Directors,detailed,80,19.9,0.797,0.87,,,43.24,89930,9.6,22.49,27.2,37.27,51.11,76.68,46770,56570,77530,106310,159500,,
42100,"Santa Cruz-Watsonville, CA",4,CA,000000,Cross-industry,cross-industry,1235,27-2042,Musicians and Singers,detailed,80,18.3,0.85,3.65,,,*,*,*,*,*,*,*,*,*,*,*,*,*,,TRUE
42140,"Santa Fe, NM",4,NM,000000,Cross-industry,cross-industry,1235,00-0000,All Occupations,total,61770,0,1000,1,,,30.17,62760,0.5,14.8,17.61,23.42,36.42,51.54,30780,36630,48710,75750,107200,,
42140,"Santa Fe, NM",4,NM,000000,Cross-industry,cross-industry,1235,27-2012,Producers and Directors,detailed,80,10.7,1.216,1.32,,,39.04,81200,11.5,18.55,28.06,31.25,44.07,59.2,38570,58360,64990,91670,123140,,
42200,"Santa Maria-Santa Barbara, CA",4,CA,000000,Cross-industry,cross-industry,1235,00-0000,All Occupations,total,200760,0,1000,1,,,34.45,71660,0.4,17.12,18.67,24.85,39.71,63.35,35620,38840,51690,82590,131760,,
42200,"Santa Maria-Santa Barbara, CA",4,CA,000000,Cross-industry,cross-industry,1235,27-2012,Producers and Directors,detailed,180,14.7,0.912,0.99,,,44.25,92030,5,22,31.62,36.95,50.36,78.02,45760,65780,76860,104750,162270,,
42200,"Santa Maria-Santa Barbara, CA",4,CA,000000,Cross-industry,cross-industry,1235,27-2042,Musicians and Singers,detailed,50,13.8,0.266,1.14,,,48.39,*,12.2,19.9,28.13,35.17,50.85,75.54,*,*,*,*,*,,TRUE
42220,"Santa Rosa-Petaluma, CA",4,CA,000000,Cross-industry,cross-industry,1235,00-0000,All Occupations,total,205260,0,1000,1,,,35.4,73640,0.4,17.91,20.51,27.33,40.01,63.54,37260,42660,56850,83220,132170,,
42220,"Santa Rosa-Petaluma, CA",4,CA,000000,Cross-industry,cross-industry,1235,27-2012,Producers and Directors,detailed,100,29.9,0.499,0.54,,,*,*,*,*,*,*,*,*,*,*,*,*,*,,
42220,"Santa Rosa-Petaluma, CA",4,CA,000000,Cross-industry,cross-industry,1235,27-2041,Music Directors and Composers,detailed,30,24.3,0.149,1.85,,,*,*,*,*,*,*,*,*,*,*,*,*,*,,
42220,"Santa Rosa-Petaluma, CA",4,CA,000000,Cross-industry,cross-industry,1235,27-2042,Musicians and Singers,detailed,170,10.6,0.82,3.52,,,62.68,*,4.6,21.03,21.53,33.12,77.28,208.93,*,*,*,*,*,,TRUE
42340,"Savannah, GA",4,GA,000000,Cross-industry,cross-industry,1235,00-0000,All Occupations,total,198360,0,1000,1,,,28.24,58750,0.5,13.34,16.76,22.71,34.44,47.98,27740,34850,47240,71640,99800,,
42340,"Savannah, GA",4,GA,000000,Cross-industry,cross-industry,1235,27-2012,Producers and Directors,detailed,90,11.6,0.454,0.49,,,38.54,80150,5.6,20.99,22.93,29.37,43.89,65.63,43670,47700,61090,91280,136510,,
42540,"Scranton--Wilkes-Barre, PA",4,PA,000000,Cross-industry,cross-industry,1235,00-0000,All Occupations,total,255620,0,1000,1,,,27.31,56800,0.5,13.48,17.09,22.28,31.03,45.94,28040,35550,46330,64550,95560,,
42540,"Scranton--Wilkes-Barre, PA",4,PA,000000,Cross-industry,cross-industry,1235,27-2012,Producers and Directors,detailed,140,8,0.555,0.6,,,33.41,69490,3.5,18,23.1,29.64,36.41,57.6,37440,48050,61660,75740,119820,,
42540,"Scranton--Wilkes-Barre, PA",4,PA,000000,Cross-industry,cross-industry,1235,27-2041,Music Directors and Composers,detailed,40,27.8,0.155,1.93,,,38.95,81010,13.2,16.99,24.77,35.39,52.59,52.59,35350,51530,73610,109380,109380,,
42660,"Seattle-Tacoma-Bellevue, WA",4,WA,000000,Cross-industry,cross-industry,1235,00-0000,All Occupations,total,2086210,0,1000,1,,,44.13,91790,0.5,20.33,23.64,34.91,54.16,80.5,42280,49160,72610,112650,167440,,
42660,"Seattle-Tacoma-Bellevue, WA",4,WA,000000,Cross-industry,cross-industry,1235,27-2012,Producers and Directors,detailed,1660,8.2,0.795,0.86,,,50.94,105960,3.2,24.65,31.5,41.68,64.36,82.1,51270,65520,86680,133880,170770,,
42660,"Seattle-Tacoma-Bellevue, WA",4,WA,000000,Cross-industry,cross-industry,1235,27-2031,Dancers,detailed,120,37.4,0.056,1.08,,,33.73,*,19.8,20,20,31.35,38.91,53.71,*,*,*,*,*,,TRUE
42660,"Seattle-Tacoma-Bellevue, WA",4,WA,000000,Cross-industry,cross-industry,1235,27-2041,Music Directors and Composers,detailed,190,34,0.09,1.12,,,42.31,88000,9.6,24.94,29.52,36.07,46.1,77.58,51870,61390,75030,95880,161370,,
42660,"Seattle-Tacoma-Bellevue, WA",4,WA,000000,Cross-industry,cross-industry,1235,27-2042,Musicians and Singers,detailed,540,15.8,0.258,1.11,,,66.51,*,7,27.18,30.72,46.55,84.68,151.75,*,*,*,*,*,,TRUE
42680,"Sebastian-Vero Beach-West Vero Corridor, FL",4,FL,000000,Cross-industry,cross-industry,1235,00-0000,All Occupations,total,57620,0.1,1000,1,,,28.25,58750,0.6,14.15,17.06,21.87,31.04,48.2,29430,35480,45480,64560,100250,,
42700,"Sebring, FL",4,FL,000000,Cross-industry,cross-industry,1235,00-0000,All Occupations,total,28110,0.1,1000,1,,,25.42,52880,1.1,13.44,15.47,19.42,28.46,41.2,27960,32170,40400,59190,85690,,
43100,"Sheboygan, WI",4,WI,000000,Cross-industry,cross-industry,1235,00-0000,All Occupations,total,60630,0,1000,1,,,30.79,64040,0.4,14.91,18.78,24.95,35.38,49.13,31020,39070,51890,73600,102190,,
43300,"Sherman-Denison, TX",4,TX,000000,Cross-industry,cross-industry,1235,00-0000,All Occupations,total,52690,0.1,1000,1,,,26.91,55960,0.6,12.81,15.8,21.45,30.71,46.56,26640,32860,44610,63870,96850,,
43340,"Shreveport-Bossier City, LA",4,LA,000000,Cross-industry,cross-industry,1235,00-0000,All Occupations,total,162750,0,1000,1,,,26.24,54580,0.6,10.85,14.47,21.55,31.41,46.64,22570,30110,44820,65340,97010,,
43340,"Shreveport-Bossier City, LA",4,LA,000000,Cross-industry,cross-industry,1235,27-2012,Producers and Directors,detailed,60,10.3,0.382,0.41,,,31.78,66110,4.7,18.07,21.56,27.57,37.1,54.64,37590,44850,57340,77170,113640,,
43420,"Sierra Vista-Douglas, AZ",4,AZ,000000,Cross-industry,cross-industry,1235,00-0000,All Occupations,total,33970,0,1000,1,,,30.18,62770,0.5,14.79,17,22.62,37.41,54.2,30760,35370,47050,77800,112730,,
43580,"Sioux City, IA-NE-SD",4,IA,000000,Cross-industry,cross-industry,1235,00-0000,All Occupations,total,75010,0,1000,1,,,27.04,56240,0.5,14.08,17.68,22.61,30.61,42.84,29280,36780,47030,63660,89120,,
43580,"Sioux City, IA-NE-SD",4,IA,000000,Cross-industry,cross-industry,1235,27-2012,Producers and Directors,detailed,50,13.3,0.639,0.69,,,27.63,57460,7.5,19.01,19.65,22.3,28.73,47.28,39550,40870,46370,59760,98330,,
43620,"Sioux Falls, SD-MN",4,SD,000000,Cross-industry,cross-industry,1235,00-0000,All Occupations,total,178590,0,1000,1,,,29.03,60390,0.4,14.45,17.95,23.06,32.03,47.54,30060,37340,47970,66620,98890,,
43620,"Sioux Falls, SD-MN",4,SD,000000,Cross-industry,cross-industry,1235,27-2012,Producers and Directors,detailed,90,14.1,0.491,0.53,,,31.77,66090,3.7,19,21.96,28.91,35.44,49.69,39510,45680,60130,73720,103350,,
43640,"Slidell-Mandeville-Covington, LA",4,LA,000000,Cross-industry,cross-industry,1235,00-0000,All Occupations,total,98240,0,1000,1,,,27.03,56220,0.6,11.03,14.35,21.01,30.52,47.89,22930,29850,43710,63480,99620,,
43780,"South Bend-Mishawaka, IN-MI",4,IN,000000,Cross-industry,cross-industry,1235,00-0000,All Occupations,total,131670,0,1000,1,,,27.99,58230,0.5,13.76,17.09,22.38,32,47.27,28620,35560,46540,66560,98320,,
43780,"South Bend-Mishawaka, IN-MI",4,IN,000000,Cross-industry,cross-industry,1235,27-2012,Producers and Directors,detailed,90,8.1,0.705,0.77,,,29.17,60660,4.9,15.58,20.69,22.89,35.37,45.67,32410,43040,47600,73560,95000,,
43900,"Spartanburg, SC",4,SC,000000,Cross-industry,cross-industry,1235,00-0000,All Occupations,total,165150,0,1000,1,,,27.68,57570,0.4,13.49,17.14,22.91,34.17,46.06,28050,35640,47650,71080,95800,,
43900,"Spartanburg, SC",4,SC,000000,Cross-industry,cross-industry,1235,27-2012,Producers and Directors,detailed,80,8.5,0.468,0.51,,,31.37,65240,5.6,18.27,21.68,21.68,36.9,62.5,37990,45090,45090,76750,130000,,
44060,"Spokane-Spokane Valley, WA",4,WA,000000,Cross-industry,cross-industry,1235,00-0000,All Occupations,total,255820,0,1000,1,,,32.96,68570,0.5,17.49,20.75,26.28,38.02,56.16,36390,43160,54660,79090,116800,,
44060,"Spokane-Spokane Valley, WA",4,WA,000000,Cross-industry,cross-industry,1235,27-2012,Producers and Directors,detailed,150,17.9,0.596,0.65,,,34.53,71820,4.7,19.03,22.17,29.54,39.59,70.49,39570,46110,61430,82350,146620,,
44060,"Spokane-Spokane Valley, WA",4,WA,000000,Cross-industry,cross-industry,1235,27-2042,Musicians and Singers,detailed,80,25.1,0.301,1.29,,,*,*,*,*,*,*,*,*,*,*,*,*,*,,TRUE
44100,"Springfield, IL",4,IL,000000,Cross-industry,cross-industry,1235,00-0000,All Occupations,total,100810,0,1000,1,,,33.56,69800,0.4,15.02,17.92,25.32,39.75,58.44,31250,37280,52670,82670,121560,,
44100,"Springfield, IL",4,IL,000000,Cross-industry,cross-industry,1235,27-2042,Musicians and Singers,detailed,50,12.6,0.477,2.05,,,40.83,*,12,18.64,19.04,30.84,39.92,64.37,*,*,*,*,*,,TRUE
44140,"Springfield, MA",4,MA,000000,Cross-industry,cross-industry,1235,00-0000,All Occupations,total,201240,0,1000,1,,,32.55,67710,0.4,16.65,19.34,24.97,38.55,53.85,34640,40220,51930,80190,112000,,
44140,"Springfield, MA",4,MA,000000,Cross-industry,cross-industry,1235,27-2012,Producers and Directors,detailed,130,20.3,0.659,0.72,,,31.63,65790,11.2,18.3,22.84,27.48,36.02,46.95,38060,47510,57160,74920,97650,,
44180,"Springfield, MO",4,MO,000000,Cross-industry,cross-industry,1235,00-0000,All Occupations,total,223030,0,1000,1,,,27.12,56420,0.5,14.08,16.92,22.01,30.35,45.16,29290,35200,45780,63130,93930,,
44180,"Springfield, MO",4,MO,000000,Cross-industry,cross-industry,1235,27-2012,Producers and Directors,detailed,190,6.2,0.839,0.91,,,26.85,55860,4.8,18.08,18.08,19.56,30.3,46.28,37610,37610,40680,63020,96260,,
44220,"Springfield, OH",4,OH,000000,Cross-industry,cross-industry,1235,00-0000,All Occupations,total,45860,0,1000,1,,,26.65,55430,0.7,13.42,16.93,21.86,31.32,44,27910,35220,45470,65150,91510,,
44300,"State College, PA",4,PA,000000,Cross-industry,cross-industry,1235,00-0000,All Occupations,total,68840,0,1000,1,,,29.9,62190,0.5,13.31,17.23,23.66,37.44,49.69,27680,35850,49220,77870,103350,,
44300,"State College, PA",4,PA,000000,Cross-industry,cross-industry,1235,27-2012,Producers and Directors,detailed,80,3.2,1.226,1.33,,,32.17,66920,2.6,17.96,22.36,29.36,38.81,50.4,37350,46510,61070,80730,104830,,
44420,"Staunton-Stuarts Draft, VA",4,VA,000000,Cross-industry,cross-industry,1235,00-0000,All Occupations,total,51640,0,1000,1,,,27.56,57310,0.5,14.02,17.42,23.1,31.04,44.7,29170,36230,48040,64560,92980,,
44700,"Stockton-Lodi, CA",4,CA,000000,Cross-industry,cross-industry,1235,00-0000,All Occupations,total,289660,0,1000,1,,,31.22,64950,0.4,16.97,18.99,23.55,36.09,53.86,35290,39510,48990,75070,112020,,
44700,"Stockton-Lodi, CA",4,CA,000000,Cross-industry,cross-industry,1235,27-2012,Producers and Directors,detailed,30,24.9,0.12,0.13,,,*,*,*,*,*,*,*,*,*,*,*,*,*,,
44700,"Stockton-Lodi, CA",4,CA,000000,Cross-industry,cross-industry,1235,27-2042,Musicians and Singers,detailed,40,24,0.125,0.54,,,*,*,*,*,*,*,*,*,*,*,*,*,*,,TRUE
44940,"Sumter, SC",4,SC,000000,Cross-industry,cross-industry,1235,00-0000,All Occupations,total,34560,0,1000,1,,,25.66,53370,0.8,11.55,15.06,20.62,29.61,44.73,24020,31330,42890,61580,93040,,
45060,"Syracuse, NY",4,NY,000000,Cross-industry,cross-industry,1235,00-0000,All Occupations,total,300130,0,1000,1,,,32.44,67470,0.4,16.49,18.63,25.48,38.05,53.97,34290,38760,52990,79140,112260,,
45060,"Syracuse, NY",4,NY,000000,Cross-industry,cross-industry,1235,27-2012,Producers and Directors,detailed,230,5.8,0.766,0.83,,,51.61,107350,5.1,19.13,26.83,38.31,56.1,80.98,39780,55810,79680,116690,168430,,
45060,"Syracuse, NY",4,NY,000000,Cross-industry,cross-industry,1235,27-2041,Music Directors and Composers,detailed,120,18.5,0.384,4.76,,,61.55,128010,16.2,23.86,29.04,67.42,67.42,106.32,49630,60400,140230,140230,221140,,
45060,"Syracuse, NY",4,NY,000000,Cross-industry,cross-industry,1235,27-2042,Musicians and Singers,detailed,330,26.5,1.107,4.76,,,*,*,*,*,*,*,*,*,*,*,*,*,*,,TRUE
45220,"Tallahassee, FL",4,FL,000000,Cross-industry,cross-industry,1235,00-0000,All Occupations,total,186160,0,1000,1,,,28.64,59560,0.5,13.88,16.75,22.37,32.9,48.07,28880,34840,46520,68430,99980,,
45220,"Tallahassee, FL",4,FL,000000,Cross-industry,cross-industry,1235,27-2012,Producers and Directors,detailed,110,11,0.586,0.64,,,37.83,78690,4.8,18.95,23.45,31.7,45.6,57.64,39410,48770,65930,94840,119890,,
45300,"Tampa-St. Petersburg-Clearwater, FL",4,FL,000000,Cross-industry,cross-industry,1235,00-0000,All Occupations,total,1447120,0,1000,1,,,31.96,66490,0.5,14.51,17.63,23.53,37.43,58.62,30190,36670,48940,77860,121920,,
45300,"Tampa-St. Petersburg-Clearwater, FL",4,FL,000000,Cross-industry,cross-industry,1235,27-2011,Actors,detailed,**,**,**,**,,,38.21,*,23.1,18.06,23.21,23.22,28.38,99.05,*,*,*,*,*,,TRUE
45300,"Tampa-St. Petersburg-Clearwater, FL",4,FL,000000,Cross-industry,cross-industry,1235,27-2012,Producers and Directors,detailed,740,6.6,0.51,0.55,,,39.25,81640,5.3,19.17,28.65,35.97,47.24,62.4,39880,59590,74810,98270,129790,,
45300,"Tampa-St. Petersburg-Clearwater, FL",4,FL,000000,Cross-industry,cross-industry,1235,27-2041,Music Directors and Composers,detailed,130,29.6,0.092,1.15,,,27.04,56250,8,18.2,18.2,23.63,31.14,37.3,37850,37850,49150,64770,77580,,
45300,"Tampa-St. Petersburg-Clearwater, FL",4,FL,000000,Cross-industry,cross-industry,1235,27-2042,Musicians and Singers,detailed,240,18.5,0.166,0.72,,,*,*,*,*,*,*,*,*,*,*,*,*,*,,TRUE
45460,"Terre Haute, IN",4,IN,000000,Cross-industry,cross-industry,1235,00-0000,All Occupations,total,65120,0,1000,1,,,25.67,53390,0.4,12.92,16.08,21.57,30.15,42.41,26870,33440,44870,62710,88210,,
45460,"Terre Haute, IN",4,IN,000000,Cross-industry,cross-industry,1235,27-2012,Producers and Directors,detailed,30,14.3,0.475,0.52,,,25.34,52710,7.3,14.65,17.02,22.01,28.35,35.38,30470,35390,45780,58960,73590,,
45500,"Texarkana, TX-AR",4,TX,000000,Cross-industry,cross-industry,1235,00-0000,All Occupations,total,57580,0,1000,1,,,25.02,52040,0.6,11.5,14.41,20.77,29.43,41.47,23930,29970,43200,61210,86260,,
45780,"Toledo, OH",4,OH,000000,Cross-industry,cross-industry,1235,00-0000,All Occupations,total,291530,0,1000,1,,,29.43,61210,0.4,13.93,17.54,23.18,35.73,48.06,28970,36480,48220,74310,99970,,
45780,"Toledo, OH",4,OH,000000,Cross-industry,cross-industry,1235,27-2012,Producers and Directors,detailed,100,7.7,0.331,0.36,,,32.55,67700,2.3,20.22,22.02,29.92,36.98,49.09,42060,45800,62220,76910,102100,,
45780,"Toledo, OH",4,OH,000000,Cross-industry,cross-industry,1235,27-2042,Musicians and Singers,detailed,190,6.1,0.644,2.77,,,44.82,*,2.9,18.17,22.93,44.31,59.39,73.2,*,*,*,*,*,,TRUE
45820,"Topeka, KS",4,KS,000000,Cross-industry,cross-industry,1235,00-0000,All Occupations,total,115750,0,1000,1,,,29.62,61600,0.5,13.99,17.6,23.82,35.68,49.3,29090,36600,49540,74210,102540,,
45820,"Topeka, KS",4,KS,000000,Cross-industry,cross-industry,1235,27-2012,Producers and Directors,detailed,40,16.1,0.366,0.4,,,33.35,69360,8.1,18,21.15,29.14,36.32,64.47,37450,43990,60600,75540,134090,,
45900,"Traverse City, MI",4,MI,000000,Cross-industry,cross-industry,1235,00-0000,All Occupations,total,68440,0,1000,1,,,28.29,58850,0.4,14.4,17.7,22.82,31.9,46.58,29950,36820,47470,66350,96880,,
45900,"Traverse City, MI",4,MI,000000,Cross-industry,cross-industry,1235,27-2012,Producers and Directors,detailed,40,9.5,0.549,0.6,,,*,*,*,*,*,*,*,*,*,*,*,*,*,,
45900,"Traverse City, MI",4,MI,000000,Cross-industry,cross-industry,1235,27-2042,Musicians and Singers,detailed,**,**,**,**,,,43.59,*,5.9,30.52,36.21,43.69,43.69,55.4,*,*,*,*,*,,TRUE
45940,"Trenton-Princeton, NJ",4,NJ,000000,Cross-industry,cross-industry,1235,00-0000,All Occupations,total,240190,0,1000,1,,,39.69,82560,0.4,16.87,20.82,30.52,48.86,73.53,35100,43300,63490,101630,152950,,
45940,"Trenton-Princeton, NJ",4,NJ,000000,Cross-industry,cross-industry,1235,27-2012,Producers and Directors,detailed,190,6.6,0.775,0.84,,,55.81,116080,3,29.36,37.61,52.98,73.37,92.7,61060,78230,110190,152610,192820,,
45940,"Trenton-Princeton, NJ",4,NJ,000000,Cross-industry,cross-industry,1235,27-2041,Music Directors and Composers,detailed,30,15.4,0.135,1.68,,,61.01,126910,4.6,31.46,45.88,55.48,83.44,95.65,65450,95420,115400,173540,198950,,
45940,"Trenton-Princeton, NJ",4,NJ,000000,Cross-industry,cross-industry,1235,27-2042,Musicians and Singers,detailed,100,33,0.412,1.77,,,47.22,*,3.6,44.96,44.96,44.96,53.64,56.43,*,*,*,*,*,,TRUE
46060,"Tucson, AZ",4,AZ,000000,Cross-industry,cross-industry,1235,00-0000,All Occupations,total,389630,0,1000,1,,,30.38,63200,0.4,15.42,17.6,22.96,35.63,51.65,32070,36610,47760,74110,107430,,
46060,"Tucson, AZ",4,AZ,000000,Cross-industry,cross-industry,1235,27-2011,Actors,detailed,70,35.3,0.179,0.51,,,21.74,*,7.1,15.32,17.86,18.12,26.93,26.93,*,*,*,*,*,,TRUE
46060,"Tucson, AZ",4,AZ,000000,Cross-industry,cross-industry,1235,27-2012,Producers and Directors,detailed,280,19.6,0.731,0.79,,,39.97,83140,7.3,17.53,24.22,31.03,40.89,65.96,36460,50380,64530,85050,137200,,
46140,"Tulsa, OK",4,OK,000000,Cross-industry,cross-industry,1235,00-0000,All Occupations,total,458730,0,1000,1,,,28.4,59070,0.5,13.2,16.81,22.44,33.42,49.84,27460,34970,46670,69520,103670,,
46140,"Tulsa, OK",4,OK,000000,Cross-industry,cross-industry,1235,27-2012,Producers and Directors,detailed,**,**,**,**,,,32.57,67750,17.3,18.38,22,28.68,38.93,49.64,38220,45760,59660,80970,103250,,
46140,"Tulsa, OK",4,OK,000000,Cross-industry,cross-industry,1235,27-2042,Musicians and Singers,detailed,90,14.3,0.187,0.81,,,50.78,*,8,16.05,25.9,56.27,62.03,62.03,*,*,*,*,*,,TRUE
46220,"Tuscaloosa, AL",4,AL,000000,Cross-industry,cross-industry,1235,00-0000,All Occupations,total,108460,0,1000,1,,,26.04,54150,0.5,12.18,15.16,21.74,30.56,43.78,25340,31530,45220,63550,91050,,
46220,"Tuscaloosa, AL",4,AL,000000,Cross-industry,cross-industry,1235,27-2012,Producers and Directors,detailed,30,11.7,0.31,0.34,,,31.39,65290,7.4,18.12,23.41,29.73,38.75,41.88,37690,48690,61830,80590,87110,,
46300,"Twin Falls, ID",4,ID,000000,Cross-industry,cross-industry,1235,00-0000,All Occupations,total,50300,0,1000,1,,,25.76,53580,0.8,13.51,16.72,21.83,29.42,42,28100,34770,45400,61190,87360,,
46340,"Tyler, TX",4,TX,000000,Cross-industry,cross-industry,1235,00-0000,All Occupations,total,115220,0,1000,1,,,26.06,54200,0.5,11.53,14.56,20.51,30.16,45.87,23980,30290,42650,62740,95410,,
46340,"Tyler, TX",4,TX,000000,Cross-industry,cross-industry,1235,27-2012,Producers and Directors,detailed,70,7.5,0.65,0.71,,,23.8,49510,6.7,18.95,19.18,20.5,25.73,38.05,39410,39890,42650,53520,79140,,
46520,"Urban Honolulu, HI",4,HI,000000,Cross-industry,cross-industry,1235,00-0000,All Occupations,total,446380,0,1000,1,,,34.59,71940,0.5,16.03,19.09,27.51,40.67,61.3,33330,39710,57220,84590,127500,,
46520,"Urban Honolulu, HI",4,HI,000000,Cross-industry,cross-industry,1235,27-2012,Producers and Directors,detailed,430,22.1,0.965,1.05,,,35.91,74690,8.3,21.26,23.27,31.46,39.29,63.22,44230,48410,65450,81730,131490,,
46520,"Urban Honolulu, HI",4,HI,000000,Cross-industry,cross-industry,1235,27-2031,Dancers,detailed,340,18.5,0.766,14.65,,,29.78,*,4.7,15.55,21.85,24.68,36.11,42.82,*,*,*,*,*,,TRUE
46520,"Urban Honolulu, HI",4,HI,000000,Cross-industry,cross-industry,1235,27-2041,Music Directors and Composers,detailed,70,45.7,0.162,2.01,,,39.8,82790,12,25.86,30.4,33.33,44.42,55.52,53790,63220,69330,92390,115490,,
46520,"Urban Honolulu, HI",4,HI,000000,Cross-industry,cross-industry,1235,27-2042,Musicians and Singers,detailed,560,15.3,1.254,5.39,,,67.88,*,16.6,26.04,39.56,53.46,73.22,140,*,*,*,*,*,,TRUE
46540,"Utica-Rome, NY",4,NY,000000,Cross-industry,cross-industry,1235,00-0000,All Occupations,total,118390,0,1000,1,,,29.69,61760,0.3,15.82,17.8,23.55,35.05,48.77,32900,37030,48970,72890,101440,,
46540,"Utica-Rome, NY",4,NY,000000,Cross-industry,cross-industry,1235,27-2012,Producers and Directors,detailed,40,17.8,0.327,0.36,,,40.2,83620,23,21.07,23.27,29.96,41.88,61.77,43830,48400,62310,87100,128480,,
46540,"Utica-Rome, NY",4,NY,000000,Cross-industry,cross-industry,1235,27-2042,Musicians and Singers,detailed,70,16.2,0.558,2.4,,,*,*,*,*,*,*,*,*,*,*,*,*,*,,TRUE
46660,"Valdosta, GA",4,GA,000000,Cross-industry,cross-industry,1235,00-0000,All Occupations,total,53890,0,1000,1,,,23.97,49850,0.6,11.09,14.16,18.8,28.45,40.38,23070,29460,39110,59180,83980,,
46700,"Vallejo, CA",4,CA,000000,Cross-industry,cross-industry,1235,00-0000,All Occupations,total,144130,0,1000,1,,,36.01,74900,0.4,17.69,20.61,28.18,41.95,64.88,36800,42870,58620,87250,134940,,
46700,"Vallejo, CA",4,CA,000000,Cross-industry,cross-industry,1235,27-2012,Producers and Directors,detailed,30,18.6,0.222,0.24,,,48.59,101070,7.8,25.88,31.47,42.27,59.49,84.52,53830,65450,87910,123740,175810,,
46700,"Vallejo, CA",4,CA,000000,Cross-industry,cross-industry,1235,27-2042,Musicians and Singers,detailed,50,13.1,0.341,1.47,,,56.34,*,5.6,21.37,22.61,33.85,62.82,90.37,*,*,*,*,*,,TRUE
47020,"Victoria, TX",4,TX,000000,Cross-industry,cross-industry,1235,00-0000,All Occupations,total,38120,0,1000,1,,,26.02,54120,0.8,11.78,14.79,20.7,30.16,46.3,24510,30750,43050,62720,96300,,
47220,"Vineland, NJ",4,NJ,000000,Cross-industry,cross-industry,1235,00-0000,All Occupations,total,62300,0,1000,1,,,29.38,61110,0.5,15.49,17.47,23.17,35.49,51.02,32220,36330,48190,73830,106120,,
47260,"Virginia Beach-Chesapeake-Norfolk, VA-NC",4,VA,000000,Cross-industry,cross-industry,1235,00-0000,All Occupations,total,763060,0,1000,1,,,30.83,64130,0.4,13.99,17.44,23.76,37.58,53.62,29110,36280,49430,78160,111530,,
47260,"Virginia Beach-Chesapeake-Norfolk, VA-NC",4,VA,000000,Cross-industry,cross-industry,1235,27-2012,Producers and Directors,detailed,610,7.6,0.803,0.87,,,31.2,64900,3.4,19.61,21.93,27.28,36.62,49,40780,45620,56730,76170,101920,,
47260,"Virginia Beach-Chesapeake-Norfolk, VA-NC",4,VA,000000,Cross-industry,cross-industry,1235,27-2041,Music Directors and Composers,detailed,100,18.9,0.13,1.61,,,33.98,70670,7,18.93,23.15,26.5,37.61,51.47,39380,48140,55130,78230,107050,,
47260,"Virginia Beach-Chesapeake-Norfolk, VA-NC",4,VA,000000,Cross-industry,cross-industry,1235,27-2042,Musicians and Singers,detailed,70,14,0.097,0.42,,,46.99,*,4.6,22.27,37.55,47.84,50.6,68.4,*,*,*,*,*,,TRUE
47300,"Visalia, CA",4,CA,000000,Cross-industry,cross-industry,1235,00-0000,All Occupations,total,171140,0,1000,1,,,28.07,58390,0.7,16.5,17.05,21.7,30.67,48.71,34320,35450,45130,63790,101310,,
47380,"Waco, TX",4,TX,000000,Cross-industry,cross-industry,1235,00-0000,All Occupations,total,129860,0,1000,1,,,27.97,58190,0.4,12.99,16.37,22.13,32.24,48.7,27020,34050,46020,67060,101300,,
47380,"Waco, TX",4,TX,000000,Cross-industry,cross-industry,1235,27-2012,Producers and Directors,detailed,80,4.6,0.637,0.69,,,30.71,63870,2.1,18.8,21.02,25.94,38.38,50.64,39110,43710,53960,79830,105340,,
47460,"Walla Walla, WA",4,WA,000000,Cross-industry,cross-industry,1235,00-0000,All Occupations,total,25920,0.1,1000,1,,,31.76,66060,0.4,17.29,20.71,25.53,38.2,53.83,35960,43080,53100,79460,111970,,
47580,"Warner Robins, GA",4,GA,000000,Cross-industry,cross-industry,1235,00-0000,All Occupations,total,76050,0,1000,1,,,28.98,60270,0.6,12.79,16.04,23.37,36.9,50.86,26610,33370,48600,76750,105780,,
47900,"Washington-Arlington-Alexandria, DC-VA-MD-WV",4,DC,000000,Cross-industry,cross-industry,1235,00-0000,All Occupations,total,3136190,0,1000,1,,,44.2,91930,0.4,17.43,21.63,34.16,58.5,83.94,36260,44990,71060,121680,174600,,
47900,"Washington-Arlington-Alexandria, DC-VA-MD-WV",4,DC,000000,Cross-industry,cross-industry,1235,27-2011,Actors,detailed,450,19.8,0.144,0.41,,,35.89,*,18.4,15.54,17.68,23.1,39.77,82.35,*,*,*,*,*,,TRUE
47900,"Washington-Arlington-Alexandria, DC-VA-MD-WV",4,DC,000000,Cross-industry,cross-industry,1235,27-2012,Producers and Directors,detailed,4230,5.1,1.35,1.47,,,50.93,105940,2.2,27.75,37.78,48.21,61.49,76.58,57720,78580,100270,127890,159290,,
47900,"Washington-Arlington-Alexandria, DC-VA-MD-WV",4,DC,000000,Cross-industry,cross-industry,1235,27-2031,Dancers,detailed,190,37.3,0.059,1.14,,,*,*,*,*,*,*,*,*,*,*,*,*,*,,TRUE
47900,"Washington-Arlington-Alexandria, DC-VA-MD-WV",4,DC,000000,Cross-industry,cross-industry,1235,27-2041,Music Directors and Composers,detailed,320,14.1,0.102,1.26,,,43.26,89970,8.4,20.63,26.94,37.87,60,69.28,42910,56040,78760,124790,144110,,
47900,"Washington-Arlington-Alexandria, DC-VA-MD-WV",4,DC,000000,Cross-industry,cross-industry,1235,27-2042,Musicians and Singers,detailed,410,18.8,0.129,0.56,,,75.57,*,4.2,25.37,41.59,64.25,83.36,173.45,*,*,*,*,*,,TRUE
47930,"Waterbury-Shelton, CT",4,CT,000000,Cross-industry,cross-industry,1235,00-0000,All Occupations,total,160710,0,1000,1,,,33.21,69080,0.4,16.66,18.32,24.73,38.79,57.28,34660,38100,51440,80680,119140,,
47930,"Waterbury-Shelton, CT",4,CT,000000,Cross-industry,cross-industry,1235,27-2012,Producers and Directors,detailed,860,4.2,5.342,5.8,,,56.09,116670,2.4,30.3,30.3,49.2,66.85,85.52,63030,63030,102340,139040,177870,,
47930,"Waterbury-Shelton, CT",4,CT,000000,Cross-industry,cross-industry,1235,27-2042,Musicians and Singers,detailed,30,18.3,0.21,0.9,,,78.57,*,8.5,24.48,48.28,85.8,99.96,132.99,*,*,*,*,*,,TRUE
47940,"Waterloo-Cedar Falls, IA",4,IA,000000,Cross-industry,cross-industry,1235,00-0000,All Occupations,total,84260,0,1000,1,,,27.18,56540,0.4,13.67,17.32,22.8,30.61,44.52,28430,36020,47430,63660,92590,,
47940,"Waterloo-Cedar Falls, IA",4,IA,000000,Cross-industry,cross-industry,1235,27-2012,Producers and Directors,detailed,40,8.4,0.476,0.52,,,28.53,59340,4.5,17.17,18.22,24.76,32.73,46.25,35720,37890,51500,68090,96210,,
48060,"Watertown-Fort Drum, NY",4,NY,000000,Cross-industry,cross-industry,1235,00-0000,All Occupations,total,39330,0,1000,1,,,28.42,59110,0.7,15.5,17.33,22.89,33.01,47.89,32240,36040,47600,68660,99610,,
48140,"Wausau, WI",4,WI,000000,Cross-industry,cross-industry,1235,00-0000,All Occupations,total,69530,0,1000,1,,,28.91,60120,0.5,14.4,18.1,23.46,33.59,46.45,29950,37640,48790,69860,96610,,
48140,"Wausau, WI",4,WI,000000,Cross-industry,cross-industry,1235,27-2012,Producers and Directors,detailed,30,16,0.47,0.51,,,24.51,50990,10.7,17.87,17.87,22.12,29.14,36.3,37170,37170,46020,60620,75500,,
48260,"Weirton-Steubenville, WV-OH",4,WV,000000,Cross-industry,cross-industry,1235,00-0000,All Occupations,total,36220,0,1000,1,,,26.52,55160,0.5,12.59,15.89,22.04,31.28,43.98,26190,33040,45840,65060,91490,,
48300,"Wenatchee-East Wenatchee, WA",4,WA,000000,Cross-industry,cross-industry,1235,00-0000,All Occupations,total,51220,0,1000,1,,,30.88,64240,0.5,17.36,19.13,23.7,36.61,52.81,36110,39790,49290,76140,109840,,
48540,"Wheeling, WV-OH",4,WV,000000,Cross-industry,cross-industry,1235,00-0000,All Occupations,total,58130,0,1000,1,,,26.4,54910,0.6,12.62,15.16,21.28,31.02,45.04,26250,31530,44250,64530,93680,,
48620,"Wichita, KS",4,KS,000000,Cross-industry,cross-industry,1235,00-0000,All Occupations,total,308570,0,1000,1,,,28.28,58830,0.5,13.4,16.91,22.9,34.01,47.78,27860,35160,47630,70740,99380,,
48620,"Wichita, KS",4,KS,000000,Cross-industry,cross-industry,1235,27-2012,Producers and Directors,detailed,140,17.9,0.464,0.5,,,29.31,60970,10.6,16.44,18.1,25.89,30.63,54.35,34200,37650,53850,63710,113050,,
48620,"Wichita, KS",4,KS,000000,Cross-industry,cross-industry,1235,27-2042,Musicians and Singers,detailed,130,4.5,0.405,1.74,,,*,*,*,*,*,*,*,*,*,*,*,*,*,,TRUE
48660,"Wichita Falls, TX",4,TX,000000,Cross-industry,cross-industry,1235,00-0000,All Occupations,total,55550,0,1000,1,,,25.35,52740,0.7,11.5,14.6,20.77,29.79,43.75,23920,30360,43210,61950,91000,,
48680,"Wildwood-The Villages, FL",4,FL,000000,Cross-industry,cross-industry,1235,00-0000,All Occupations,total,41300,0,1000,1,,,28.34,58950,0.7,14.17,17.11,22.04,31.69,47.34,29480,35580,45830,65900,98470,,
48700,"Williamsport, PA",4,PA,000000,Cross-industry,cross-industry,1235,00-0000,All Occupations,total,49510,0,1000,1,,,27.11,56390,0.5,13.12,16.63,22.14,31.5,46.42,27300,34590,46050,65510,96550,,
48900,"Wilmington, NC",4,NC,000000,Cross-industry,cross-industry,1235,00-0000,All Occupations,total,191280,0,1000,1,,,28.12,58480,0.5,13.25,16.42,22.02,31.86,49.58,27560,34160,45800,66270,103120,,
48900,"Wilmington, NC",4,NC,000000,Cross-industry,cross-industry,1235,27-2012,Producers and Directors,detailed,130,15.6,0.673,0.73,,,37.03,77030,14.8,14.49,23.25,29.39,43.62,61.37,30130,48350,61120,90730,127650,,
49020,"Winchester, VA-WV",4,VA,000000,Cross-industry,cross-industry,1235,00-0000,All Occupations,total,67740,0,1000,1,,,29.04,60410,0.5,14.04,17.34,22.63,33.7,50.5,29210,36070,47070,70090,105040,,
49180,"Winston-Salem, NC",4,NC,000000,Cross-industry,cross-industry,1235,00-0000,All Occupations,total,271980,0,1000,1,,,28.43,59130,0.5,13.53,16.92,22.3,32.66,48.79,28140,35190,46380,67940,101490,,
49180,"Winston-Salem, NC",4,NC,000000,Cross-industry,cross-industry,1235,27-2042,Musicians and Singers,detailed,70,8.4,0.242,1.04,,,52.48,*,4.2,12.77,31.03,58.88,63.93,83.94,*,*,*,*,*,,TRUE
49340,"Worcester, MA",4,MA,000000,Cross-industry,cross-industry,1235,00-0000,All Occupations,total,349880,0,1000,1,,,35.39,73600,0.3,16.96,19.71,27.8,42.25,61.25,35270,41000,57830,87870,127400,,
49340,"Worcester, MA",4,MA,000000,Cross-industry,cross-industry,1235,27-2012,Producers and Directors,detailed,130,8.9,0.383,0.42,,,41.35,86010,4.5,21.04,25.68,33.3,46.64,64.34,43750,53410,69270,97010,133830,,
49420,"Yakima, WA",4,WA,000000,Cross-industry,cross-industry,1235,00-0000,All Occupations,total,97010,0,1000,1,,,29.44,61240,0.5,17.15,18.76,22.99,32.55,49.01,35680,39020,47810,67710,101940,,
49620,"York-Hanover, PA",4,PA,000000,Cross-industry,cross-industry,1235,00-0000,All Occupations,total,183590,0,1000,1,,,29.36,61080,0.5,13.92,17.71,23.16,35,49.25,28950,36830,48170,72800,102440,,
49620,"York-Hanover, PA",4,PA,000000,Cross-industry,cross-industry,1235,27-2012,Producers and Directors,detailed,40,10.3,0.244,0.27,,,33.49,69650,4.5,17.75,23.7,29.33,37.3,46.91,36920,49300,61000,77580,97580,,
49660,"Youngstown-Warren, OH",4,OH,000000,Cross-industry,cross-industry,1235,00-0000,All Occupations,total,160160,0,1000,1,,,26.03,54140,0.6,12.99,15.83,21.06,29.98,43.25,27020,32920,43800,62360,89960,,
49660,"Youngstown-Warren, OH",4,OH,000000,Cross-industry,cross-industry,1235,27-2012,Producers and Directors,detailed,40,7.2,0.247,0.27,,,37.67,78350,3.5,19.21,22.73,34.33,47.4,75,39950,47270,71400,98590,156000,,
49700,"Yuba City, CA",4,CA,000000,Cross-industry,cross-industry,1235,00-0000,All Occupations,total,51090,0,1000,1,,,31.87,66290,0.7,16.65,18.35,24.03,36.89,57.79,34620,38170,49970,76740,120190,,
49740,"Yuma, AZ",4,AZ,000000,Cross-industry,cross-industry,1235,00-0000,All Occupations,total,68880,0,1000,1,,,26.63,55390,0.4,14.8,16.67,21.23,30.35,45.51,30780,34680,44170,63140,94650,,
49740,"Yuma, AZ",4,AZ,000000,Cross-industry,cross-industry,1235,27-2012,Producers and Directors,detailed,30,19.2,0.473,0.51,,,*,*,*,*,*,*,*,*,*,*,*,*,*,,
0100001,Northwest Alabama nonmetropolitan area,6,AL,000000,Cross-industry,cross-industry,1235,00-0000,All Occupations,total,67570,0,1000,1,,,23.29,48440,0.4,11.33,14.78,19.71,26.99,36.87,23570,30750,41000,56130,76700,,
0100002,Northeast Alabama nonmetropolitan area,6,AL,000000,Cross-industry,cross-industry,1235,00-0000,All Occupations,total,152620,0,1000,1,,,23.17,48190,0.5,11.15,14.24,18.73,28.37,37.42,23190,29620,38960,59010,77840,,
0100003,Southwest Alabama nonmetropolitan area,6,AL,000000,Cross-industry,cross-industry,1235,00-0000,All Occupations,total,64550,0,1000,1,,,24.62,51210,0.4,11.37,14.32,20.58,29.85,41.55,23650,29790,42800,62090,86420,,
0100004,Southeast Alabama nonmetropolitan area,6,AL,000000,Cross-industry,cross-industry,1235,00-0000,All Occupations,total,83750,0,1000,1,,,24.76,51500,0.4,11.25,14.13,19.33,29.87,45.66,23390,29400,40210,62130,94970,,
0200006,Alaska nonmetropolitan area,6,AK,000000,Cross-industry,cross-industry,1235,00-0000,All Occupations,total,108770,0,1000,1,,,35.65,74140,0.5,16.79,21.23,29.65,44.21,61.68,34920,44150,61660,91950,128290,,
0200006,Alaska nonmetropolitan area,6,AK,000000,Cross-industry,cross-industry,1235,27-2012,Producers and Directors,detailed,90,37,0.824,0.89,,,26.36,54830,8,20,20,22.49,29.64,37.17,41600,41600,46780,61650,77310,,
0400001,Arizona nonmetropolitan area,6,AZ,000000,Cross-industry,cross-industry,1235,00-0000,All Occupations,total,97520,0,1000,1,,,28.15,58550,0.4,15.02,17.25,22.62,32.02,47.62,31230,35880,47050,66600,99040,,
0500001,North Arkansas nonmetropolitan area,6,AR,000000,Cross-industry,cross-industry,1235,00-0000,All Occupations,total,119300,0,1000,1,,,23.02,47890,0.5,12.16,14.35,18.28,25.99,37.27,25290,29850,38010,54050,77510,,
0500001,North Arkansas nonmetropolitan area,6,AR,000000,Cross-industry,cross-industry,1235,27-2012,Producers and Directors,detailed,90,34.2,0.754,0.82,,,15.78,32820,8.3,11.58,12,12,18.75,24.43,24090,24960,24960,39000,50820,,
0500002,East Arkansas nonmetropolitan area,6,AR,000000,Cross-industry,cross-industry,1235,00-0000,All Occupations,total,68080,0,1000,1,,,22.91,47660,0.4,12.5,14.65,19.1,25.92,36.48,26000,30480,39720,53910,75890,,
0500003,West Arkansas nonmetropolitan area,6,AR,000000,Cross-industry,cross-industry,1235,00-0000,All Occupations,total,85640,0,1000,1,,,23.15,48140,0.3,12.26,14.45,18.72,26.9,36.96,25510,30060,38940,55940,76880,,
0500004,South Arkansas nonmetropolitan area,6,AR,000000,Cross-industry,cross-industry,1235,00-0000,All Occupations,total,117350,0,1000,1,,,23.96,49830,0.4,12.44,14.69,19.12,27.88,39.39,25880,30550,39770,57980,81940,,
0600003,North Coast Region of California nonmetropolitan area,6,CA,000000,Cross-industry,cross-industry,1235,00-0000,All Occupations,total,109630,0,1000,1,,,31.19,64870,0.5,16.79,18.22,23.73,36.53,54.05,34910,37900,49350,75990,112420,,
0600003,North Coast Region of California nonmetropolitan area,6,CA,000000,Cross-industry,cross-industry,1235,27-2012,Producers and Directors,detailed,40,9.9,0.359,0.39,,,47.68,99170,11.2,19.14,27.02,35.89,48.83,76.61,39800,56200,74660,101570,159340,,
0600003,North Coast Region of California nonmetropolitan area,6,CA,000000,Cross-industry,cross-industry,1235,27-2042,Musicians and Singers,detailed,110,3.3,1.001,4.3,,,24.78,*,8.9,20,20,20.65,25,31.9,*,*,*,*,*,,TRUE
0600006,Eastern Sierra-Mother Lode Region of California nonmetropolitan area,6,CA,000000,Cross-industry,cross-industry,1235,00-0000,All Occupations,total,63160,0,1000,1,,,32.18,66930,0.5,17.1,18.74,24.89,37.85,55.7,35560,38980,51760,78730,115860,,
0600007,North Valley-Northern Mountains Region of California nonmetropolitan area,6,CA,000000,Cross-industry,cross-industry,1235,00-0000,All Occupations,total,104500,0,1000,1,,,31.86,66260,0.5,17.11,18.99,25.13,37.08,54.09,35580,39500,52270,77130,112510,,
0600007,North Valley-Northern Mountains Region of California nonmetropolitan area,6,CA,000000,Cross-industry,cross-industry,1235,27-2012,Producers and Directors,detailed,40,14.1,0.357,0.39,,,*,*,*,*,*,*,*,*,*,*,*,*,*,,
0800001,Eastern and Southern Colorado nonmetropolitan area,6,CO,000000,Cross-industry,cross-industry,1235,00-0000,All Occupations,total,70160,0,1000,1,,,28.69,59670,0.6,15.92,18.13,23.48,31.55,46.38,33120,37710,48840,65630,96470,,
0800002,Southwest Colorado nonmetropolitan area,6,CO,000000,Cross-industry,cross-industry,1235,00-0000,All Occupations,total,108360,0.1,1000,1,,,30.14,62700,0.4,16.26,18.54,24.12,35.34,48.99,33820,38560,50170,73510,101900,,
0800002,Southwest Colorado nonmetropolitan area,6,CO,000000,Cross-industry,cross-industry,1235,27-2012,Producers and Directors,detailed,30,16.1,0.298,0.32,,,35.22,73260,9.1,18.51,25,29.83,44.78,52.63,38500,52000,62040,93140,109470,,
0800003,Northwest Colorado nonmetropolitan area,6,CO,000000,Cross-industry,cross-industry,1235,00-0000,All Occupations,total,132270,0,1000,1,,,32.32,67230,0.6,16.95,20.57,26,37.14,52.06,35250,42780,54080,77250,108280,,
0800003,Northwest Colorado nonmetropolitan area,6,CO,000000,Cross-industry,cross-industry,1235,27-2012,Producers and Directors,detailed,70,10.9,0.543,0.59,,,48.37,100610,5.4,21.94,27.82,39.78,73.27,79.26,45630,57860,82750,152390,164860,,
0900001,Connecticut nonmetropolitan area,6,CT,000000,Cross-industry,cross-industry,1235,00-0000,All Occupations,total,66740,0,1000,1,,,30.99,64470,0.6,16.77,18.38,24.14,36.31,50.07,34880,38220,50200,75520,104140,,
1000005,Sussex Delaware nonmetropolitan area,6,DE,000000,Cross-industry,cross-industry,1235,00-0000,All Occupations,total,97540,0,1000,1,,,27.54,57280,0.6,15,17.07,21.25,30.47,46.76,31200,35500,44190,63370,97270,,
1200003,South Florida nonmetropolitan area,6,FL,000000,Cross-industry,cross-industry,1235,00-0000,All Occupations,total,87670,0,1000,1,,,26.73,55600,0.5,14.22,16.96,21.87,29.76,44.64,29580,35270,45490,61900,92840,,
1200006,North Florida nonmetropolitan area,6,FL,000000,Cross-industry,cross-industry,1235,00-0000,All Occupations,total,112790,0,1000,1,,,26.51,55150,0.5,14.23,17.03,22.17,29.58,42.52,29590,35420,46120,61530,88450,,
1300001,North Georgia nonmetropolitan area,6,GA,000000,Cross-industry,cross-industry,1235,00-0000,All Occupations,total,187640,0,1000,1,,,24.22,50380,0.4,12.56,15.66,20,28.11,38.92,26120,32570,41600,58470,80960,,
1300002,Middle Georgia nonmetropolitan area,6,GA,000000,Cross-industry,cross-industry,1235,00-0000,All Occupations,total,138760,0,1000,1,,,24.89,51770,0.5,11.86,14.93,20.38,29.51,41.24,24670,31050,42390,61370,85770,,
1300003,East Georgia nonmetropolitan area,6,GA,000000,Cross-industry,cross-industry,1235,00-0000,All Occupations,total,88380,0,1000,1,,,24.42,50780,0.6,11.32,14.43,19.85,28.94,39.87,23540,30020,41280,60200,82940,,
1300004,South Georgia nonmetropolitan area,6,GA,000000,Cross-industry,cross-industry,1235,00-0000,All Occupations,total,192170,0,1000,1,,,25.04,52070,0.5,11.45,14.77,20.16,29.56,41.79,23820,30720,41940,61480,86920,,
1500001,Hawaii / Kauai nonmetropolitan area,6,HI,000000,Cross-industry,cross-industry,1235,00-0000,All Occupations,total,105290,0.1,1000,1,,,30.73,63930,0.6,16.49,19.27,24.91,35.17,50.46,34290,40070,51820,73150,104960,,
1500001,Hawaii / Kauai nonmetropolitan area,6,HI,000000,Cross-industry,cross-industry,1235,27-2012,Producers and Directors,detailed,50,25.2,0.491,0.53,,,35.22,73270,4.8,18.31,25.36,34.01,40.25,49.54,38080,52740,70750,83720,103050,,
1500001,Hawaii / Kauai nonmetropolitan area,6,HI,000000,Cross-industry,cross-industry,1235,27-2031,Dancers,detailed,70,14.3,0.62,11.86,,,56.53,*,24.1,14,14,24.22,86.76,127.21,*,*,*,*,*,,TRUE
1500001,Hawaii / Kauai nonmetropolitan area,6,HI,000000,Cross-industry,cross-industry,1235,27-2042,Musicians and Singers,detailed,130,18.9,1.211,5.2,,,58.34,*,12.3,15.6,25.59,31.43,63.11,150.45,*,*,*,*,*,,TRUE
1600006,Northwestern Idaho nonmetropolitan area,6,ID,000000,Cross-industry,cross-industry,1235,00-0000,All Occupations,total,75240,0,1000,1,,,27.05,56270,0.6,13.64,17.15,22.38,30.86,46.16,28370,35670,46540,64190,96010,,
1600007,Southeast-Central Idaho nonmetropolitan area,6,ID,000000,Cross-industry,cross-industry,1235,00-0000,All Occupations,total,96470,0,1000,1,,,26.52,55160,0.5,13.51,16.97,22.43,30.36,44.84,28090,35300,46660,63140,93270,,
1700001,Northwest Illinois nonmetropolitan area,6,IL,000000,Cross-industry,cross-industry,1235,00-0000,All Occupations,total,126860,0,1000,1,,,28.42,59110,0.4,15,17.18,22.6,32.3,47.47,31200,35740,47010,67190,98740,,
1700002,West Central Illinois nonmetropolitan area,6,IL,000000,Cross-industry,cross-industry,1235,00-0000,All Occupations,total,169470,0,1000,1,,,27.13,56420,0.5,15,17,22.22,30.48,45,31200,35360,46220,63400,93590,,
1700002,West Central Illinois nonmetropolitan area,6,IL,000000,Cross-industry,cross-industry,1235,27-2012,Producers and Directors,detailed,30,12.5,0.184,0.2,,,26.61,55340,9.2,15,17.73,23.32,29.25,50.3,31200,36870,48500,60830,104630,,
1700003,East Central Illinois nonmetropolitan area,6,IL,000000,Cross-industry,cross-industry,1235,00-0000,All Occupations,total,143050,0,1000,1,,,27.79,57800,0.5,15,17.22,22.39,30.93,46.78,31200,35820,46570,64330,97310,,
1700004,South Illinois nonmetropolitan area,6,IL,000000,Cross-industry,cross-industry,1235,00-0000,All Occupations,total,141200,0,1000,1,,,27.99,58210,0.3,15,17.05,22.5,32.27,46.94,31200,35460,46810,67120,97630,,
1800001,Northern Indiana nonmetropolitan area,6,IN,000000,Cross-industry,cross-industry,1235,00-0000,All Occupations,total,210320,0,1000,1,,,25.7,53450,0.3,13.63,17.15,22.14,29.43,39.97,28350,35670,46060,61220,83140,,
1800002,Central Indiana nonmetropolitan area,6,IN,000000,Cross-industry,cross-industry,1235,00-0000,All Occupations,total,161570,0,1000,1,,,25.89,53850,0.3,13.58,17.05,22.08,29.68,40.4,28240,35470,45930,61740,84030,,
1800003,Southern Indiana nonmetropolitan area,6,IN,000000,Cross-industry,cross-industry,1235,00-0000,All Occupations,total,196540,0,1000,1,,,26.76,55650,0.3,13.67,17.17,22.27,30.91,45.03,28440,35710,46330,64280,93660,,
1900001,Northeast Iowa nonmetropolitan area,6,IA,000000,Cross-industry,cross-industry,1235,00-0000,All Occupations,total,99370,0.1,1000,1,,,26.45,55010,0.4,13.55,17.18,22.58,29.99,40.79,28190,35730,46970,62370,84840,,
1900001,Northeast Iowa nonmetropolitan area,6,IA,000000,Cross-industry,cross-industry,1235,27-2012,Producers and Directors,detailed,40,17.9,0.365,0.4,,,33.5,69680,6.7,16.18,21.29,28.6,38.9,49.28,33650,44280,59500,80910,102510,,
1900002,Northwest Iowa nonmetropolitan area,6,IA,000000,Cross-industry,cross-industry,1235,00-0000,All Occupations,total,145960,0,1000,1,,,26.17,54440,0.4,13.65,17.33,22.61,29.97,40.1,28380,36040,47020,62340,83410,,
1900002,Northwest Iowa nonmetropolitan area,6,IA,000000,Cross-industry,cross-industry,1235,27-2012,Producers and Directors,detailed,50,6.3,0.338,0.37,,,27.93,58090,4.9,14.95,20.93,28.15,33.65,36.66,31090,43530,58550,69990,76250,,
1900003,Southwest Iowa nonmetropolitan area,6,IA,000000,Cross-industry,cross-industry,1235,00-0000,All Occupations,total,73240,0,1000,1,,,25.88,53820,0.4,13.37,17.1,22.44,29.73,39.98,27820,35570,46670,61840,83160,,
1900004,Southeast Iowa nonmetropolitan area,6,IA,000000,Cross-industry,cross-industry,1235,00-0000,All Occupations,total,200390,0,1000,1,,,26.33,54770,0.4,13.49,17.26,22.69,29.98,40.81,28060,35900,47190,62350,84880,,
1900004,Southeast Iowa nonmetropolitan area,6,IA,000000,Cross-industry,cross-industry,1235,27-2012,Producers and Directors,detailed,60,9,0.295,0.32,,,27.48,57150,4.7,16.73,19.66,23.71,29.84,43.4,34790,40890,49310,62060,90270,,
2000006,Kansas nonmetropolitan area,6,KS,000000,Cross-industry,cross-industry,1235,00-0000,All Occupations,total,374010,0,1000,1,,,24.96,51920,0.4,13.05,15.96,21.5,28.77,39.66,27140,33200,44710,59840,82500,,
2000006,Kansas nonmetropolitan area,6,KS,000000,Cross-industry,cross-industry,1235,27-2012,Producers and Directors,detailed,50,11.1,0.141,0.15,,,25.84,53740,16.1,17.13,17.13,23.94,28.8,40.77,35620,35620,49790,59900,84800,,
2000006,Kansas nonmetropolitan area,6,KS,000000,Cross-industry,cross-industry,1235,27-2042,Musicians and Singers,detailed,50,13,0.144,0.62,,,26.64,*,8.2,16.17,18.38,21.07,25.99,39.06,*,*,*,*,*,,TRUE
2100001,West Kentucky nonmetropolitan area,6,KY,000000,Cross-industry,cross-industry,1235,00-0000,All Occupations,total,128740,0,1000,1,,,24.98,51950,0.3,12.63,15.45,21.09,29.66,40.22,26260,32130,43870,61690,83660,,
2100001,West Kentucky nonmetropolitan area,6,KY,000000,Cross-industry,cross-industry,1235,27-2012,Producers and Directors,detailed,40,15.3,0.305,0.33,,,24.79,51570,3.3,16.51,21.1,22.25,28.38,35.97,34330,43890,46280,59030,74830,,
2100002,South Central Kentucky nonmetropolitan area,6,KY,000000,Cross-industry,cross-industry,1235,00-0000,All Occupations,total,172150,0,1000,1,,,24.22,50370,0.5,12.37,14.97,20.26,28.46,38.25,25740,31150,42150,59200,79560,,
2100003,Central Kentucky nonmetropolitan area,6,KY,000000,Cross-industry,cross-industry,1235,00-0000,All Occupations,total,172720,0,1000,1,,,25.93,53940,0.3,12.79,15.88,21.77,30.37,44.06,26600,33030,45290,63180,91640,,
2100003,Central Kentucky nonmetropolitan area,6,KY,000000,Cross-industry,cross-industry,1235,27-2012,Producers and Directors,detailed,60,14.6,0.346,0.38,,,28.6,59490,7.5,16.38,20.63,26.6,33.26,47.21,34080,42910,55330,69170,98200,,
2100004,East Kentucky nonmetropolitan area,6,KY,000000,Cross-industry,cross-industry,1235,00-0000,All Occupations,total,91910,0,1000,1,,,24.07,50060,0.6,11.29,14.25,19.23,28.83,38.75,23480,29630,39990,59960,80590,,
2200002,Central Louisiana nonmetropolitan area,6,LA,000000,Cross-industry,cross-industry,1235,00-0000,All Occupations,total,77790,0,1000,1,,,23.47,48820,0.4,10.38,13.61,18.95,28.36,39.58,21590,28310,39410,58990,82330,,
2200003,Northeast Louisiana nonmetropolitan area,6,LA,000000,Cross-industry,cross-industry,1235,00-0000,All Occupations,total,62470,0,1000,1,,,23.3,48450,0.4,10.3,13.33,18.25,28.31,39.67,21430,27730,37960,58880,82510,,
2200006,Southwest Louisiana nonmetropolitan area,6,LA,000000,Cross-industry,cross-industry,1235,00-0000,All Occupations,total,80130,0,1000,1,,,24.23,50390,0.5,10.47,13.82,19.49,28.72,40.26,21770,28740,40550,59730,83740,,
2300001,Northeast Maine nonmetropolitan area,6,ME,000000,Cross-industry,cross-industry,1235,00-0000,All Occupations,total,62870,0,1000,1,,,28.23,58730,1,16.25,18.18,22.88,31.19,44.93,33790,37810,47600,64880,93450,,
2300002,Southwest Maine nonmetropolitan area,6,ME,000000,Cross-industry,cross-industry,1235,00-0000,All Occupations,total,142140,0,1000,1,,,29.61,61600,0.4,16.56,18.66,23.56,34.19,47.53,34430,38800,49000,71110,98860,,
2300002,Southwest Maine nonmetropolitan area,6,ME,000000,Cross-industry,cross-industry,1235,27-2012,Producers and Directors,detailed,50,13.2,0.327,0.36,,,*,*,*,*,*,*,*,*,*,*,*,*,*,,
2400006,Maryland nonmetropolitan area,6,MD,000000,Cross-industry,cross-industry,1235,00-0000,All Occupations,total,113180,0,1000,1,,,28.42,59110,0.5,15.27,17.27,22.18,32.45,47.62,31750,35920,46120,67490,99040,,
2500001,Massachusetts nonmetropolitan area,6,MA,000000,Cross-industry,cross-industry,1235,00-0000,All Occupations,total,41360,0,1000,1,,,33.38,69430,0.6,17.56,20.76,28,39.02,53.72,36530,43180,58240,81170,111740,,
2500001,Massachusetts nonmetropolitan area,6,MA,000000,Cross-industry,cross-industry,1235,27-2012,Producers and Directors,detailed,40,12.4,0.856,0.93,,,31.48,65470,9.8,17.97,22.55,28.88,34.63,43.78,37380,46900,60060,72040,91050,,
2600001,Upper Peninsula of Michigan nonmetropolitan area,6,MI,000000,Cross-industry,cross-industry,1235,00-0000,All Occupations,total,111890,0,1000,1,,,27.41,57010,0.4,13.95,17.06,22.48,32.17,45.78,29020,35480,46760,66910,95220,,
2600001,Upper Peninsula of Michigan nonmetropolitan area,6,MI,000000,Cross-industry,cross-industry,1235,27-2012,Producers and Directors,detailed,40,7.1,0.375,0.41,,,29.73,61840,5.7,15,21.51,24.96,29.05,47.44,31200,44750,51920,60430,98670,,
2600002,Northern Michigan nonmetropolitan area,6,MI,000000,Cross-industry,cross-industry,1235,00-0000,All Occupations,total,117550,0,1000,1,,,25.68,53420,0.4,13.81,16.77,21.52,29.44,40.82,28720,34880,44750,61230,84910,,
2600002,Northern Michigan nonmetropolitan area,6,MI,000000,Cross-industry,cross-industry,1235,27-2012,Producers and Directors,detailed,40,9.7,0.379,0.41,,,31.94,66440,5,17.3,18.03,22.14,28.72,55.39,35990,37500,46040,59730,115220,,
2600003,Mid Michigan nonmetropolitan area,6,MI,000000,Cross-industry,cross-industry,1235,00-0000,All Occupations,total,152580,0,1000,1,,,26.68,55480,0.4,13.87,17.02,21.83,30.46,44.5,28850,35410,45410,63350,92560,,
2600003,Mid Michigan nonmetropolitan area,6,MI,000000,Cross-industry,cross-industry,1235,27-2012,Producers and Directors,detailed,50,8.6,0.341,0.37,,,28.86,60020,3.7,20.32,21.37,28.42,30.25,37.45,42270,44440,59110,62920,77900,,
2600004,Southern Michigan nonmetropolitan area,6,MI,000000,Cross-industry,cross-industry,1235,00-0000,All Occupations,total,134800,0,1000,1,,,27.6,57400,0.3,14.1,17.32,22.67,31.11,46.32,29320,36030,47160,64710,96350,,
2600004,Southern Michigan nonmetropolitan area,6,MI,000000,Cross-industry,cross-industry,1235,27-2012,Producers and Directors,detailed,40,8.3,0.319,0.35,,,31.76,66070,6.4,16.84,21.45,27.3,37.95,54.34,35030,44610,56770,78930,113030,,
2700001,Northwest Minnesota nonmetropolitan area,6,MN,000000,Cross-industry,cross-industry,1235,00-0000,All Occupations,total,193040,0,1000,1,,,28.1,58450,0.4,14.37,17.89,23.14,32.08,46.09,29890,37210,48140,66720,95870,,
2700001,Northwest Minnesota nonmetropolitan area,6,MN,000000,Cross-industry,cross-industry,1235,27-2012,Producers and Directors,detailed,30,18.8,0.17,0.18,,,*,*,*,*,*,*,*,*,*,*,*,*,*,,
2700002,Northeast Minnesota nonmetropolitan area,6,MN,000000,Cross-industry,cross-industry,1235,00-0000,All Occupations,total,43950,0,1000,1,,,27.5,57190,0.4,13.95,17.33,22.88,32.88,45.65,29020,36040,47590,68380,94960,,
2700003,Southwest Minnesota nonmetropolitan area,6,MN,000000,Cross-industry,cross-industry,1235,00-0000,All Occupations,total,117590,0,1000,1,,,27.77,57760,0.5,14.6,17.93,23.02,31.34,45.08,30360,37290,47880,65190,93770,,
2700004,Southeast Minnesota nonmetropolitan area,6,MN,000000,Cross-industry,cross-industry,1235,00-0000,All Occupations,total,154300,0,1000,1,,,28.79,59890,0.3,14.54,17.79,23.26,33.41,47.37,30250,37010,48390,69490,98530,,
2700004,Southeast Minnesota nonmetropolitan area,6,MN,000000,Cross-industry,cross-industry,1235,27-2012,Producers and Directors,detailed,40,10,0.262,0.29,,,33.86,70420,13.1,18.34,24.53,30.73,37.98,45.94,38150,51010,63910,79000,95560,,
2800005,West Delta Mississippi nonmetropolitan area,6,MS,000000,Cross-industry,cross-industry,1235,00-0000,All Occupations,total,92300,0.1,1000,1,,,21.73,45200,0.3,10.59,13.44,17.71,24.67,36.74,22030,27950,36840,51320,76410,,
2800006,Upper East Mississippi nonmetropolitan area,6,MS,000000,Cross-industry,cross-industry,1235,00-0000,All Occupations,total,214300,0,1000,1,,,23.76,49430,0.4,10.88,14.26,18.92,28.28,38.74,22630,29660,39350,58820,80590,,
2800006,Upper East Mississippi nonmetropolitan area,6,MS,000000,Cross-industry,cross-industry,1235,27-2012,Producers and Directors,detailed,70,8.5,0.31,0.34,,,29.41,61160,4.2,16.04,19.26,23.8,37.3,48.49,33360,40060,49500,77570,100850,,
2800007,Lower West Mississippi nonmetropolitan area,6,MS,000000,Cross-industry,cross-industry,1235,00-0000,All Occupations,total,79940,0,1000,1,,,23.75,49400,0.4,10.65,13.68,18.46,28.36,41.79,22160,28450,38400,58990,86930,,
2800008,Lower East Mississippi nonmetropolitan area,6,MS,000000,Cross-industry,cross-industry,1235,00-0000,All Occupations,total,123590,0,1000,1,,,22.3,46380,0.4,10.69,13.7,18.27,26.36,37.01,22240,28490,38000,54830,76980,,
2800008,Lower East Mississippi nonmetropolitan area,6,MS,000000,Cross-industry,cross-industry,1235,27-2012,Producers and Directors,detailed,40,10.1,0.289,0.31,,,27.34,56880,4.4,16.61,19.95,23.93,30.49,37.01,34560,41490,49770,63420,76970,,
2900001,Central Missouri nonmetropolitan area,6,MO,000000,Cross-industry,cross-industry,1235,00-0000,All Occupations,total,154880,0,1000,1,,,24.68,51340,0.4,13.75,16,19.89,27.81,39.26,28600,33290,41380,57840,81660,,
2900002,North Missouri nonmetropolitan area,6,MO,000000,Cross-industry,cross-industry,1235,00-0000,All Occupations,total,106300,0,1000,1,,,24.36,50680,0.4,13.75,16.19,20.56,27.5,38.12,28600,33670,42760,57190,79290,,
2900003,Southeast Missouri nonmetropolitan area,6,MO,000000,Cross-industry,cross-industry,1235,00-0000,All Occupations,total,164560,0,1000,1,,,23.95,49820,0.4,13.75,15.27,19.23,27.07,37.91,28600,31760,39990,56310,78850,,
2900004,Southwest Missouri nonmetropolitan area,6,MO,000000,Cross-industry,cross-industry,1235,00-0000,All Occupations,total,79560,0,1000,1,,,23.18,48220,0.4,13.75,15,18.78,25.76,37.06,28600,31200,39050,53590,77070,,
2900004,Southwest Missouri nonmetropolitan area,6,MO,000000,Cross-industry,cross-industry,1235,27-2011,Actors,detailed,160,18.4,2.024,5.72,,,37.54,*,13.2,13.93,13.93,23.25,29.3,98.86,*,*,*,*,*,,TRUE
2900004,Southwest Missouri nonmetropolitan area,6,MO,000000,Cross-industry,cross-industry,1235,27-2012,Producers and Directors,detailed,30,8.1,0.396,0.43,,,29.14,60620,6.2,14.73,17.66,24.58,29.89,51.17,30630,36740,51120,62180,106440,,
2900004,Southwest Missouri nonmetropolitan area,6,MO,000000,Cross-industry,cross-industry,1235,27-2042,Musicians and Singers,detailed,140,23.5,1.82,7.82,,,*,*,*,*,*,*,*,*,*,*,*,*,*,,TRUE
3000003,Southwest Montana nonmetropolitan area,6,MT,000000,Cross-industry,cross-industry,1235,00-0000,All Occupations,total,39080,0.1,1000,1,,,27.16,56490,0.6,13.61,17.18,22.49,30.77,44.62,28300,35740,46780,64000,92810,,
3000004,West Montana nonmetropolitan area,6,MT,000000,Cross-industry,cross-industry,1235,00-0000,All Occupations,total,84190,0,1000,1,,,27.42,57040,0.5,13.79,17.53,22.67,30.87,44.78,28680,36450,47150,64220,93150,,
3000004,West Montana nonmetropolitan area,6,MT,000000,Cross-industry,cross-industry,1235,27-2012,Producers and Directors,detailed,50,13.6,0.55,0.6,,,34.96,72710,6.3,17.16,24.06,30,42.94,51.73,35680,50050,62400,89320,107600,,
3000004,West Montana nonmetropolitan area,6,MT,000000,Cross-industry,cross-industry,1235,27-2042,Musicians and Singers,detailed,70,36.5,0.792,3.4,,,42.43,*,19.2,16.36,21.26,38.79,45.98,84.52,*,*,*,*,*,,TRUE
3000006,East-Central Montana nonmetropolitan area,6,MT,000000,Cross-industry,cross-industry,1235,00-0000,All Occupations,total,60160,0.1,1000,1,,,27.08,56330,0.6,13.67,17.34,22.63,31.44,44.85,28430,36060,47070,65380,93290,,
3100001,Northwest Nebraska nonmetropolitan area,6,NE,000000,Cross-industry,cross-industry,1235,00-0000,All Occupations,total,39140,0.1,1000,1,,,25.96,54010,0.8,13.75,16.58,21.69,29.83,41.43,28600,34490,45120,62040,86170,,
3100003,Northeast Nebraska nonmetropolitan area,6,NE,000000,Cross-industry,cross-industry,1235,00-0000,All Occupations,total,95890,0,1000,1,,,27.03,56210,0.3,14.2,17.78,22.71,30.09,41.98,29540,36980,47230,62590,87320,,
3100006,South Nebraska nonmetropolitan area,6,NE,000000,Cross-industry,cross-industry,1235,00-0000,All Occupations,total,155110,0,1000,1,,,26.71,55570,0.5,14.09,17.22,22.35,30.02,42.52,29310,35810,46490,62430,88450,,
3200006,Balance of Nevada nonmetropolitan area,6,NV,000000,Cross-industry,cross-industry,1235,00-0000,All Occupations,total,89710,0,1000,1,,,30.89,64250,0.6,13.53,17.76,25.15,39.17,51.01,28150,36940,52300,81470,106110,,
3300001,Northern New Hampshire nonmetropolitan area,6,NH,000000,Cross-industry,cross-industry,1235,00-0000,All Occupations,total,84300,0.1,1000,1,,,32.99,68610,0.4,15.2,18.52,24.55,37.34,52.92,31610,38530,51050,77670,110080,,
3300001,Northern New Hampshire nonmetropolitan area,6,NH,000000,Cross-industry,cross-industry,1235,27-2012,Producers and Directors,detailed,40,12,0.507,0.55,,,31.31,65110,9.2,11.54,22.17,29.59,37.3,44.76,23990,46120,61540,77590,93090,,
3300002,Central New Hampshire nonmetropolitan area,6,NH,000000,Cross-industry,cross-industry,1235,00-0000,All Occupations,total,100420,0,1000,1,,,30.95,64380,0.4,15.16,18.42,24.76,36.83,49.71,31530,38310,51500,76610,103390,,
3300002,Central New Hampshire nonmetropolitan area,6,NH,000000,Cross-industry,cross-industry,1235,27-2012,Producers and Directors,detailed,60,19.4,0.556,0.6,,,24.7,51380,14.1,11.54,11.54,21.86,29.59,40.86,23990,23990,45460,61540,84990,,
3300006,Southwestern New Hampshire nonmetropolitan area,6,NH,000000,Cross-industry,cross-industry,1235,00-0000,All Occupations,total,44610,0.1,1000,1,,,29.31,60960,0.7,15.13,18.2,23.64,32.69,47.58,31460,37860,49180,67990,98970,,
3500006,Northern New Mexico nonmetropolitan area,6,NM,000000,Cross-industry,cross-industry,1235,00-0000,All Occupations,total,84350,0,1000,1,,,34.41,71570,0.4,13.53,16.89,23.67,43.72,75.82,28150,35130,49230,90930,157710,,
3500007,Eastern New Mexico nonmetropolitan area,6,NM,000000,Cross-industry,cross-industry,1235,00-0000,All Occupations,total,166560,0,1000,1,,,27.01,56180,0.5,13.43,16.03,21.73,31.36,46.93,27940,33340,45200,65230,97600,,
3600001,Capital/Northern New York nonmetropolitan area,6,NY,000000,Cross-industry,cross-industry,1235,00-0000,All Occupations,total,139340,0,1000,1,,,29.45,61250,0.4,16.42,18.25,23.9,34.43,47.44,34160,37950,49710,71620,98670,,
3600001,Capital/Northern New York nonmetropolitan area,6,NY,000000,Cross-industry,cross-industry,1235,27-2012,Producers and Directors,detailed,30,32.6,0.249,0.27,,,36.65,76230,9,21.48,27.28,29.9,37.33,65.47,44670,56730,62190,77640,136170,,
3600001,Capital/Northern New York nonmetropolitan area,6,NY,000000,Cross-industry,cross-industry,1235,27-2042,Musicians and Singers,detailed,**,**,**,**,,,50.82,*,11.3,35.51,35.51,49.65,68.42,68.42,*,*,*,*,*,,TRUE
3600004,Southwest New York nonmetropolitan area,6,NY,000000,Cross-industry,cross-industry,1235,00-0000,All Occupations,total,177340,0,1000,1,,,28.73,59750,0.4,16.06,17.79,23.21,32.38,46.39,33400,37010,48280,67340,96500,,
3600004,Southwest New York nonmetropolitan area,6,NY,000000,Cross-industry,cross-industry,1235,27-2012,Producers and Directors,detailed,50,19.6,0.298,0.32,,,*,*,*,*,*,*,*,*,*,*,*,*,*,,
3600004,Southwest New York nonmetropolitan area,6,NY,000000,Cross-industry,cross-industry,1235,27-2042,Musicians and Singers,detailed,**,**,**,**,,,45.72,*,19.8,17.58,18.5,23.39,49.62,70.21,*,*,*,*,*,,TRUE
3600006,Central East New York nonmetropolitan area,6,NY,000000,Cross-industry,cross-industry,1235,00-0000,All Occupations,total,159160,0,1000,1,,,29.04,60410,0.3,16.22,18.04,23.21,33,47.58,33740,37530,48280,68640,98970,,
3600006,Central East New York nonmetropolitan area,6,NY,000000,Cross-industry,cross-industry,1235,27-2012,Producers and Directors,detailed,130,10.6,0.846,0.92,,,*,*,*,*,*,*,*,*,*,*,*,*,*,,
3600006,Central East New York nonmetropolitan area,6,NY,000000,Cross-industry,cross-industry,1235,27-2041,Music Directors and Composers,detailed,40,29.9,0.241,2.98,,,33.09,68830,15.2,21.31,25.78,29.74,30.67,50.79,44330,53620,61870,63800,105640,,
3700001,Eastern North Carolina nonmetropolitan area,6,NC,000000,Cross-industry,cross-industry,1235,00-0000,All Occupations,total,264470,0,1000,1,,,25.07,52140,0.4,12.73,15.47,20.46,29.15,42.33,26470,32180,42560,60620,88040,,
3700001,Eastern North Carolina nonmetropolitan area,6,NC,000000,Cross-industry,cross-industry,1235,27-2012,Producers and Directors,detailed,50,28,0.203,0.22,,,27.64,57490,9.7,15.01,15.78,19.42,28.93,42.36,31210,32810,40390,60170,88110,,
3700001,Eastern North Carolina nonmetropolitan area,6,NC,000000,Cross-industry,cross-industry,1235,27-2042,Musicians and Singers,detailed,40,14,0.154,0.66,,,23.6,*,5.9,12.5,12.5,26.01,29.85,33.23,*,*,*,*,*,,TRUE
3700002,Central North Carolina nonmetropolitan area,6,NC,000000,Cross-industry,cross-industry,1235,00-0000,All Occupations,total,238010,0,1000,1,,,24.27,50480,0.5,12.76,15.66,20.26,27.91,38.94,26550,32580,42140,58050,80990,,
3700002,Central North Carolina nonmetropolitan area,6,NC,000000,Cross-industry,cross-industry,1235,27-2012,Producers and Directors,detailed,**,**,**,**,,,25.12,52260,12.5,14.07,18.36,24.79,29.4,35.81,29270,38180,51560,61160,74480,,
3700003,Western North Carolina nonmetropolitan area,6,NC,000000,Cross-industry,cross-industry,1235,00-0000,All Occupations,total,253210,0,1000,1,,,25.04,52080,0.3,13.05,15.99,20.67,28.73,40.55,27140,33250,42990,59750,84340,,
3700003,Western North Carolina nonmetropolitan area,6,NC,000000,Cross-industry,cross-industry,1235,27-2012,Producers and Directors,detailed,80,6.4,0.31,0.34,,,35.88,74640,3.2,17.63,21.89,30.19,39.39,65.84,36670,45530,62780,81930,136950,,
3800006,West North Dakota nonmetropolitan area,6,ND,000000,Cross-industry,cross-industry,1235,00-0000,All Occupations,total,87340,0,1000,1,,,31.93,66420,0.7,16.1,20.58,28.63,37.66,52.15,33490,42800,59560,78330,108460,,
3800007,East North Dakota nonmetropolitan area,6,ND,000000,Cross-industry,cross-industry,1235,00-0000,All Occupations,total,63460,0.1,1000,1,,,28.43,59130,0.5,14.91,18.32,24.03,33.17,45.83,31010,38110,49980,68990,95320,,
3900001,West Northwestern Ohio nonmetropolitan area,6,OH,000000,Cross-industry,cross-industry,1235,00-0000,All Occupations,total,249750,0,1000,1,,,27.45,57090,0.5,13.74,17.49,22.92,31.7,44.96,28580,36380,47670,65930,93510,,
3900001,West Northwestern Ohio nonmetropolitan area,6,OH,000000,Cross-industry,cross-industry,1235,27-2042,Musicians and Singers,detailed,70,15.9,0.285,1.22,,,*,*,*,*,*,*,*,*,*,*,*,*,*,,TRUE
3900002,North Northeastern Ohio nonmetropolitan area (noncontiguous),6,OH,000000,Cross-industry,cross-industry,1235,00-0000,All Occupations,total,247110,0,1000,1,,,26.73,55610,0.3,13.64,17.07,22.44,30.6,43.6,28360,35500,46670,63650,90680,,
3900002,North Northeastern Ohio nonmetropolitan area (noncontiguous),6,OH,000000,Cross-industry,cross-industry,1235,27-2042,Musicians and Singers,detailed,40,13.4,0.149,0.64,,,57.61,*,19.1,17.56,26.48,36.27,51.72,79.66,*,*,*,*,*,,TRUE
3900003,Eastern Ohio nonmetropolitan area,6,OH,000000,Cross-industry,cross-industry,1235,00-0000,All Occupations,total,136500,0,1000,1,,,27.69,57600,0.6,13.36,16.97,22.44,31.55,45.5,27790,35300,46670,65630,94640,,
3900004,Southern Ohio nonmetropolitan area,6,OH,000000,Cross-industry,cross-industry,1235,00-0000,All Occupations,total,163220,0,1000,1,,,27.66,57530,0.4,13.42,16.82,22.37,33.31,46.53,27910,34990,46530,69280,96780,,
4000001,Northeast Oklahoma nonmetropolitan area,6,OK,000000,Cross-industry,cross-industry,1235,00-0000,All Occupations,total,117790,0,1000,1,,,24.76,51500,0.3,11.16,14.36,19.49,29.12,43.49,23220,29880,40530,60570,90470,,
4000002,Northwest Oklahoma nonmetropolitan area,6,OK,000000,Cross-industry,cross-industry,1235,00-0000,All Occupations,total,97670,0,1000,1,,,25.01,52030,0.3,11.23,14.55,21,28.84,42.7,23360,30270,43680,59990,88810,,
4000002,Northwest Oklahoma nonmetropolitan area,6,OK,000000,Cross-industry,cross-industry,1235,27-2012,Producers and Directors,detailed,50,10.2,0.519,0.56,,,26.11,54310,2.2,8.96,19.91,24.38,31.65,42.59,18630,41420,50720,65830,88600,,
4000003,Southwest Oklahoma nonmetropolitan area,6,OK,000000,Cross-industry,cross-industry,1235,00-0000,All Occupations,total,62090,0,1000,1,,,24.51,50970,0.5,11.04,14.21,19.91,28.9,42.65,22960,29560,41410,60120,88710,,
4000004,Southeast Oklahoma nonmetropolitan area,6,OK,000000,Cross-industry,cross-industry,1235,00-0000,All Occupations,total,186460,0,1000,1,,,23.23,48320,0.5,11.03,14.35,18.94,27.29,38.45,22940,29860,39400,56770,79970,,
4100006,Coast Oregon nonmetropolitan area,6,OR,000000,Cross-industry,cross-industry,1235,00-0000,All Occupations,total,114190,0,1000,1,,,28,58240,0.4,15.37,17.92,22.65,30.92,46.79,31970,37280,47120,64320,97320,,
4100007,Central Oregon nonmetropolitan area,6,OR,000000,Cross-industry,cross-industry,1235,00-0000,All Occupations,total,50170,0.1,1000,1,,,29.29,60930,0.5,15.36,17.96,23.1,33.34,49.4,31940,37360,48050,69360,102750,,
4100008,Eastern Oregon nonmetropolitan area,6,OR,000000,Cross-industry,cross-industry,1235,00-0000,All Occupations,total,73720,0.1,1000,1,,,28.75,59800,0.5,15.15,17.96,23.35,33.84,47.67,31500,37350,48570,70390,99150,,
4200001,Northwestern Pennsylvania nonmetropolitan area,6,PA,000000,Cross-industry,cross-industry,1235,00-0000,All Occupations,total,149200,0,1000,1,,,25.99,54060,0.6,13.09,16.57,21.97,29.9,42.04,27220,34470,45690,62180,87450,,
4200002,Northeastern Pennsylvania nonmetropolitan area,6,PA,000000,Cross-industry,cross-industry,1235,00-0000,All Occupations,total,129300,0,1000,1,,,26.45,55010,0.4,13.07,16.34,21.74,30.48,45.14,27190,33980,45230,63400,93900,,
4200003,Central Pennsylvania nonmetropolitan area,6,PA,000000,Cross-industry,cross-industry,1235,00-0000,All Occupations,total,187680,0,1000,1,,,26.58,55290,0.4,13.34,17.08,22.36,30.44,44.36,27750,35530,46510,63310,92260,,
4200003,Central Pennsylvania nonmetropolitan area,6,PA,000000,Cross-industry,cross-industry,1235,27-2012,Producers and Directors,detailed,40,8.1,0.188,0.2,,,29.12,60570,4.5,14.84,18.86,29.12,34.23,45.23,30870,39220,60580,71200,94070,,
4200004,Southwestern Pennsylvania nonmetropolitan area,6,PA,000000,Cross-industry,cross-industry,1235,00-0000,All Occupations,total,140370,0,1000,1,,,26.78,55700,0.4,13.25,16.73,22.41,31.03,44.24,27550,34810,46600,64530,92020,,
4500003,Northwestern South Carolina nonmetropolitan area,6,SC,000000,Cross-industry,cross-industry,1235,00-0000,All Occupations,total,93600,0,1000,1,,,25.74,53530,0.5,12.28,15.4,21.07,29.56,44.25,25550,32040,43830,61490,92040,,
4500005,Southern South Carolina nonmetropolitan area,6,SC,000000,Cross-industry,cross-industry,1235,00-0000,All Occupations,total,52280,0,1000,1,,,24.71,51390,0.5,11.16,14.43,20.21,29.09,41.24,23210,30020,42030,60510,85770,,
4500007,Northeastern South Carolina nonmetropolitan area,6,SC,000000,Cross-industry,cross-industry,1235,00-0000,All Occupations,total,77040,0,1000,1,,,23.91,49740,0.5,10.96,14.36,19.15,28.34,38.79,22790,29870,39830,58950,80670,,
4600002,East South Dakota nonmetropolitan area,6,SD,000000,Cross-industry,cross-industry,1235,00-0000,All Occupations,total,133090,0,1000,1,,,26.42,54950,0.4,13.88,17.23,22.36,29.64,41.49,28870,35840,46520,61650,86300,,
4600003,West South Dakota nonmetropolitan area,6,SD,000000,Cross-industry,cross-industry,1235,00-0000,All Occupations,total,62880,0,1000,1,,,25.67,53390,0.4,13.62,16.14,21.89,29.33,41.47,28320,33580,45530,61010,86260,,
4700001,West Tennessee nonmetropolitan area,6,TN,000000,Cross-industry,cross-industry,1235,00-0000,All Occupations,total,117280,0,1000,1,,,24.46,50880,0.5,12.73,15.84,21.16,28.58,38.57,26480,32940,44020,59440,80220,,
4700002,South Central Tennessee nonmetropolitan area,6,TN,000000,Cross-industry,cross-industry,1235,00-0000,All Occupations,total,110080,0,1000,1,,,25.17,52360,0.6,12.98,16.17,21.31,29.04,39.65,26990,33640,44320,60400,82470,,
4700003,North Central Tennessee nonmetropolitan area,6,TN,000000,Cross-industry,cross-industry,1235,00-0000,All Occupations,total,114970,0,1000,1,,,24.18,50290,0.5,12.74,15.01,19.2,28.25,38.7,26510,31220,39930,58760,80490,,
4700004,East Tennessee nonmetropolitan area,6,TN,000000,Cross-industry,cross-industry,1235,00-0000,All Occupations,total,140860,0,1000,1,,,22.98,47800,0.5,11.86,14.65,18.86,26.4,37.23,24660,30470,39230,54910,77440,,
4700004,East Tennessee nonmetropolitan area,6,TN,000000,Cross-industry,cross-industry,1235,27-2011,Actors,detailed,130,21.2,0.939,2.65,,,*,*,*,*,*,*,*,*,*,*,*,*,*,,TRUE
4700004,East Tennessee nonmetropolitan area,6,TN,000000,Cross-industry,cross-industry,1235,27-2012,Producers and Directors,detailed,30,13,0.214,0.23,,,24.86,51710,4.7,17.37,22.41,24.05,26.33,34.07,36120,46600,50030,54760,70860,,
4700004,East Tennessee nonmetropolitan area,6,TN,000000,Cross-industry,cross-industry,1235,27-2042,Musicians and Singers,detailed,**,**,**,**,,,41.43,*,3.9,17.75,17.75,30.12,35.15,107.59,*,*,*,*,*,,TRUE
4800001,Northwestern Region of Texas nonmetropolitan area,6,TX,000000,Cross-industry,cross-industry,1235,00-0000,All Occupations,total,189010,0,1000,1,,,27.15,56470,0.4,12.74,16.42,22.35,30.84,46.9,26510,34150,46480,64140,97560,,
4800002,North Region of Texas nonmetropolitan area,6,TX,000000,Cross-industry,cross-industry,1235,00-0000,All Occupations,total,275670,0,1000,1,,,25.49,53020,0.3,11.63,14.9,21.24,29.47,43.32,24190,30980,44180,61310,90110,,
4800003,Eastern Region of Texas nonmetropolitan area,6,TX,000000,Cross-industry,cross-industry,1235,00-0000,All Occupations,total,114760,0,1000,1,,,25.37,52770,0.4,11.17,14.55,20.52,29.51,43.82,23230,30270,42690,61370,91140,,
4800004,Hill Country Region of Texas nonmetropolitan area,6,TX,000000,Cross-industry,cross-industry,1235,00-0000,All Occupations,total,200870,0,1000,1,,,25.74,53540,0.4,11.98,15.26,21.64,29.45,44.12,24920,31740,45000,61250,91770,,
4800004,Hill Country Region of Texas nonmetropolitan area,6,TX,000000,Cross-industry,cross-industry,1235,27-2012,Producers and Directors,detailed,50,6.5,0.265,0.29,,,33.83,70370,7,18.38,21.79,24.86,31.46,67.51,38240,45320,51710,65450,140410,,
4800005,Border Region of Texas nonmetropolitan area,6,TX,000000,Cross-industry,cross-industry,1235,00-0000,All Occupations,total,46910,0.1,1000,1,,,25.81,53690,0.7,11.13,14.42,21.46,30.24,46.19,23150,29990,44640,62900,96070,,
4800006,Coastal Plains Region of Texas nonmetropolitan area,6,TX,000000,Cross-industry,cross-industry,1235,00-0000,All Occupations,total,149390,0,1000,1,,,26.45,55010,0.5,11.16,14.41,21.56,30.5,47.88,23220,29970,44850,63430,99590,,
4900010,Wasatch Front Fringe Utah nonmetropolitan area,6,UT,000000,Cross-industry,cross-industry,1235,00-0000,All Occupations,total,67750,0,1000,1,,,29.03,60380,0.6,14.01,17.76,23.45,34.5,48.62,29130,36940,48770,71760,101120,,
4900010,Wasatch Front Fringe Utah nonmetropolitan area,6,UT,000000,Cross-industry,cross-industry,1235,27-2012,Producers and Directors,detailed,60,19.8,0.883,0.96,,,48.5,100880,10.3,12.01,18.91,35.84,77.17,83.68,24990,39330,74540,160510,174060,,
4900011,High Desert Utah nonmetropolitan area,6,UT,000000,Cross-industry,cross-industry,1235,00-0000,All Occupations,total,111260,0,1000,1,,,27.47,57140,0.6,13.66,17.22,22.8,32.26,46.7,28420,35830,47420,67090,97130,,
4900011,High Desert Utah nonmetropolitan area,6,UT,000000,Cross-industry,cross-industry,1235,27-2012,Producers and Directors,detailed,30,10.4,0.31,0.34,,,35.87,74600,7.4,19.86,24.48,30.31,39.68,66.8,41300,50910,63040,82540,138940,,
5000001,Southern Vermont nonmetropolitan area,6,VT,000000,Cross-industry,cross-industry,1235,00-0000,All Occupations,total,85210,0,1000,1,,,31.34,65200,0.7,16.87,19.35,24.5,36.35,49.73,35090,40240,50950,75620,103440,,
5000001,Southern Vermont nonmetropolitan area,6,VT,000000,Cross-industry,cross-industry,1235,27-2012,Producers and Directors,detailed,60,9,0.724,0.79,,,32.91,68450,19.1,21.08,22.18,24.76,39.14,51.97,43850,46130,51510,81400,108090,,
5000002,Northern Vermont nonmetropolitan area,6,VT,000000,Cross-industry,cross-industry,1235,00-0000,All Occupations,total,89440,0,1000,1,,,31.89,66330,0.5,17.19,20.81,26.97,37.18,50.5,35750,43280,56100,77340,105040,,
5000002,Northern Vermont nonmetropolitan area,6,VT,000000,Cross-industry,cross-industry,1235,27-2012,Producers and Directors,detailed,80,9.9,0.892,0.97,,,35.4,73630,6.8,21.23,22.87,31.98,40,51.72,44160,47570,66520,83190,107580,,
5100001,Southwest Virginia nonmetropolitan area,6,VA,000000,Cross-industry,cross-industry,1235,00-0000,All Occupations,total,116480,0,1000,1,,,25.66,53370,0.8,13.45,15.93,21.37,29.14,41.16,27980,33120,44440,60610,85610,,
5100002,Southside Virginia nonmetropolitan area,6,VA,000000,Cross-industry,cross-industry,1235,00-0000,All Occupations,total,103030,0,1000,1,,,26.03,54140,0.4,13.66,16.29,21.88,29.36,43.26,28420,33870,45510,61070,89970,,
5100003,Northeast Virginia nonmetropolitan area,6,VA,000000,Cross-industry,cross-industry,1235,00-0000,All Occupations,total,57660,0,1000,1,,,30.89,64250,0.5,13.91,16.83,22.6,37.3,63.2,28930,35000,47010,77580,131460,,
5100004,Northwest Virginia nonmetropolitan area,6,VA,000000,Cross-industry,cross-industry,1235,00-0000,All Occupations,total,65220,0,1000,1,,,27.02,56200,0.5,13.81,16.82,22.27,30.74,45.57,28720,34990,46320,63940,94790,,
5300006,Western Washington nonmetropolitan area,6,WA,000000,Cross-industry,cross-industry,1235,00-0000,All Occupations,total,129880,0,1000,1,,,31.95,66450,0.5,17.67,20.74,26.14,37.23,52.24,36760,43130,54360,77440,108660,,
5300006,Western Washington nonmetropolitan area,6,WA,000000,Cross-industry,cross-industry,1235,27-2012,Producers and Directors,detailed,40,22.8,0.276,0.3,,,33.54,69770,4.9,18.61,23.38,30.19,46.91,46.91,38700,48630,62800,97570,97570,,
5300007,Eastern Washington nonmetropolitan area,6,WA,000000,Cross-industry,cross-industry,1235,00-0000,All Occupations,total,108720,0,1000,1,,,32.37,67340,0.5,17.59,20.27,25.71,37.58,54.57,36590,42160,53470,78170,113500,,
5300007,Eastern Washington nonmetropolitan area,6,WA,000000,Cross-industry,cross-industry,1235,27-2012,Producers and Directors,detailed,40,9.8,0.39,0.42,,,*,*,*,*,*,*,*,*,*,*,*,*,*,,
5400001,Southern West Virginia nonmetropolitan area,6,WV,000000,Cross-industry,cross-industry,1235,00-0000,All Occupations,total,75980,0,1000,1,,,24.34,50640,0.6,11.26,14.29,19.64,28.76,39.96,23420,29720,40840,59820,83110,,
5400002,Northern West Virginia nonmetropolitan area,6,WV,000000,Cross-industry,cross-industry,1235,00-0000,All Occupations,total,145750,0,1000,1,,,25.54,53130,0.5,12,14.73,20.94,29.59,44.16,24960,30640,43540,61540,91850,,
5400002,Northern West Virginia nonmetropolitan area,6,WV,000000,Cross-industry,cross-industry,1235,27-2012,Producers and Directors,detailed,40,11.1,0.251,0.27,,,26.62,55370,5,17.41,19.23,21.24,33.47,39.87,36220,39990,44180,69630,82920,,
5500001,Northwestern Wisconsin nonmetropolitan area,6,WI,000000,Cross-industry,cross-industry,1235,00-0000,All Occupations,total,48350,0.1,1000,1,,,26.52,55160,0.4,13.82,17.38,22.54,29.91,41.86,28750,36140,46880,62210,87070,,
5500002,Northeastern Wisconsin nonmetropolitan area,6,WI,000000,Cross-industry,cross-industry,1235,00-0000,All Occupations,total,196170,0,1000,1,,,27.48,57150,0.3,13.78,17.42,22.84,30.81,45.51,28650,36230,47510,64080,94660,,
5500002,Northeastern Wisconsin nonmetropolitan area,6,WI,000000,Cross-industry,cross-industry,1235,27-2012,Producers and Directors,detailed,70,7.6,0.364,0.4,,,36.26,75430,8,17.8,20.93,29.37,44.44,62.52,37030,43530,61090,92420,130050,,
5500003,South Central Wisconsin nonmetropolitan area,6,WI,000000,Cross-industry,cross-industry,1235,00-0000,All Occupations,total,210950,0,1000,1,,,27.05,56270,0.3,13.83,17.39,22.65,30.6,44.23,28770,36160,47110,63640,91990,,
5500003,South Central Wisconsin nonmetropolitan area,6,WI,000000,Cross-industry,cross-industry,1235,27-2012,Producers and Directors,detailed,60,18.3,0.308,0.33,,,28.07,58380,6.1,16.92,22.43,23.36,30.23,44.08,35180,46650,48590,62880,91680,,
5500004,Western Wisconsin nonmetropolitan area,6,WI,000000,Cross-industry,cross-industry,1235,00-0000,All Occupations,total,127550,0,1000,1,,,27.37,56920,0.3,14.07,17.72,23.04,30.82,44.03,29260,36850,47910,64110,91590,,
5600006,Western Wyoming nonmetropolitan area,6,WY,000000,Cross-industry,cross-industry,1235,00-0000,All Occupations,total,101180,0,1000,1,,,29.35,61040,0.5,13.75,17.79,24,35.6,50.35,28590,37010,49920,74060,104730,,
5600006,Western Wyoming nonmetropolitan area,6,WY,000000,Cross-industry,cross-industry,1235,27-2012,Producers and Directors,detailed,50,17.6,0.543,0.59,,,28.66,59610,3.1,17.72,21.09,29.79,32.73,38.51,36850,43870,61970,68080,80100,,
5600007,Eastern Wyoming nonmetropolitan area,6,WY,000000,Cross-industry,cross-industry,1235,00-0000,All Occupations,total,85400,0.1,1000,1,,,29.45,61260,0.5,13.81,17.79,24.2,35.97,49.27,28720,37010,50340,74820,102490,,
5600007,Eastern Wyoming nonmetropolitan area,6,WY,000000,Cross-industry,cross-industry,1235,27-2012,Producers and Directors,detailed,30,27,0.355,0.39,,,27.42,57040,3.6,17.5,20.44,23.93,31.76,40.91,36400,42520,49780,66060,85090,,
6600001,Guam,6,GU,000000,Cross-industry,cross-industry,1235,00-0000,All Occupations,total,66600,0,1000,1,,,22.21,46210,0.7,10.22,12.09,17.62,26.42,39.1,21260,25150,36650,54950,81330,,
7200006,Puerto Rico nonmetropolitan area,6,PR,000000,Cross-industry,cross-industry,1235,00-0000,All Occupations,total,29460,0,1000,1,,,16.38,34060,0.5,10.5,10.5,12.03,18.06,29.01,21840,21840,25010,37570,60340,,
7800001,Virgin Islands,6,VI,000000,Cross-industry,cross-industry,1235,00-0000,All Occupations,total,32050,0.1,1000,1,,,25.35,52720,0.9,12.66,14.94,20.6,29.84,43.09,26340,31070,42860,62080,89620,,
